/* Generated from logo/x-logo-horiz-cropped-260.png (RGB, 260x87). */
#ifndef X_LOGO_RGB_H
#define X_LOGO_RGB_H

#define X_LOGO_W 260
#define X_LOGO_H 87

static const unsigned char x_logo_rgb[260 * 87 * 3] = {
    0x01, 0x0f, 0x29, 0x01, 0x0f, 0x29, 0x01, 0x0f, 0x29, 0x01, 0x0f, 0x29, 0x01, 0x0f, 0x29, 0x01,
    0x0f, 0x28, 0x00, 0x0f, 0x28, 0x01, 0x0f, 0x29, 0x03, 0x0f, 0x28, 0x03, 0x0f, 0x29, 0x01, 0x0f,
    0x29, 0x01, 0x0f, 0x29, 0x02, 0x0f, 0x29, 0x02, 0x0f, 0x29, 0x01, 0x10, 0x29, 0x01, 0x10, 0x29,
    0x02, 0x0f, 0x29, 0x02, 0x0f, 0x29, 0x02, 0x0f, 0x29, 0x02, 0x0f, 0x29, 0x02, 0x0f, 0x29, 0x02,
    0x10, 0x29, 0x02, 0x10, 0x29, 0x01, 0x10, 0x29, 0x01, 0x0f, 0x29, 0x01, 0x0f, 0x28, 0x01, 0x0f,
    0x29, 0x01, 0x10, 0x29, 0x01, 0x10, 0x2a, 0x01, 0x10, 0x2a, 0x01, 0x10, 0x2a, 0x01, 0x10, 0x28,
    0x02, 0x10, 0x27, 0x03, 0x0f, 0x27, 0x02, 0x10, 0x27, 0x02, 0x10, 0x29, 0x02, 0x0f, 0x2a, 0x01,
    0x0f, 0x2a, 0x01, 0x0f, 0x2a, 0x01, 0x0f, 0x2a, 0x01, 0x0f, 0x29, 0x01, 0x0f, 0x29, 0x01, 0x0f,
    0x29, 0x01, 0x0f, 0x29, 0x01, 0x0f, 0x29, 0x01, 0x0f, 0x29, 0x01, 0x0f, 0x29, 0x01, 0x0f, 0x29,
    0x01, 0x0f, 0x2a, 0x01, 0x0f, 0x29, 0x01, 0x0f, 0x29, 0x01, 0x0f, 0x29, 0x01, 0x0f, 0x29, 0x01,
    0x0f, 0x29, 0x01, 0x0f, 0x29, 0x01, 0x0f, 0x29, 0x01, 0x0f, 0x29, 0x01, 0x0f, 0x29, 0x01, 0x0f,
    0x29, 0x01, 0x0f, 0x29, 0x02, 0x0f, 0x29, 0x03, 0x0f, 0x29, 0x03, 0x0f, 0x29, 0x03, 0x0f, 0x29,
    0x03, 0x0f, 0x29, 0x03, 0x0f, 0x29, 0x02, 0x0f, 0x29, 0x02, 0x0f, 0x28, 0x02, 0x10, 0x28, 0x02,
    0x10, 0x29, 0x01, 0x0f, 0x29, 0x01, 0x10, 0x29, 0x01, 0x10, 0x29, 0x02, 0x10, 0x2a, 0x02, 0x0f,
    0x29, 0x02, 0x10, 0x2a, 0x02, 0x10, 0x2a, 0x02, 0x10, 0x2a, 0x02, 0x10, 0x2a, 0x02, 0x10, 0x2a,
    0x03, 0x10, 0x2a, 0x03, 0x0f, 0x29, 0x03, 0x0f, 0x29, 0x04, 0x10, 0x2a, 0x03, 0x0f, 0x29, 0x03,
    0x0f, 0x28, 0x03, 0x0f, 0x28, 0x03, 0x0f, 0x28, 0x04, 0x10, 0x28, 0x03, 0x0f, 0x29, 0x03, 0x10,
    0x29, 0x03, 0x0f, 0x29, 0x03, 0x0f, 0x29, 0x03, 0x0f, 0x29, 0x03, 0x0f, 0x28, 0x03, 0x0f, 0x28,
    0x03, 0x0f, 0x28, 0x04, 0x10, 0x28, 0x04, 0x10, 0x29, 0x04, 0x10, 0x29, 0x04, 0x10, 0x29, 0x04,
    0x10, 0x28, 0x04, 0x10, 0x27, 0x04, 0x10, 0x28, 0x03, 0x0f, 0x27, 0x03, 0x0f, 0x27, 0x03, 0x0f,
    0x27, 0x04, 0x0f, 0x29, 0x02, 0x0f, 0x29, 0x02, 0x0f, 0x29, 0x04, 0x10, 0x29, 0x03, 0x0f, 0x29,
    0x03, 0x0f, 0x29, 0x03, 0x0f, 0x28, 0x03, 0x0f, 0x27, 0x03, 0x0f, 0x27, 0x03, 0x0f, 0x27, 0x03,
    0x0f, 0x27, 0x03, 0x0f, 0x27, 0x03, 0x0f, 0x27, 0x04, 0x10, 0x28, 0x04, 0x10, 0x28, 0x03, 0x0f,
    0x27, 0x03, 0x0f, 0x27, 0x04, 0x10, 0x28, 0x04, 0x10, 0x28, 0x03, 0x0f, 0x28, 0x03, 0x0f, 0x29,
    0x03, 0x0f, 0x29, 0x03, 0x0f, 0x28, 0x04, 0x10, 0x29, 0x04, 0x10, 0x2a, 0x03, 0x10, 0x2a, 0x02,
    0x10, 0x2a, 0x03, 0x10, 0x2a, 0x03, 0x0f, 0x29, 0x03, 0x0f, 0x29, 0x03, 0x0f, 0x29, 0x02, 0x0f,
    0x29, 0x01, 0x0f, 0x29, 0x01, 0x0f, 0x29, 0x02, 0x0f, 0x29, 0x02, 0x0f, 0x28, 0x03, 0x0f, 0x26,
    0x03, 0x0f, 0x27, 0x02, 0x0f, 0x27, 0x02, 0x0f, 0x27, 0x03, 0x0f, 0x27, 0x03, 0x0f, 0x27, 0x03,
    0x0f, 0x27, 0x03, 0x0f, 0x27, 0x03, 0x0f, 0x28, 0x04, 0x10, 0x28, 0x04, 0x10, 0x29, 0x04, 0x10,
    0x29, 0x04, 0x10, 0x28, 0x04, 0x10, 0x28, 0x03, 0x0f, 0x29, 0x03, 0x0f, 0x29, 0x02, 0x0f, 0x29,
    0x03, 0x0f, 0x29, 0x04, 0x10, 0x29, 0x04, 0x10, 0x29, 0x04, 0x10, 0x28, 0x03, 0x0f, 0x27, 0x03,
    0x0f, 0x27, 0x03, 0x0f, 0x27, 0x03, 0x0f, 0x28, 0x04, 0x10, 0x28, 0x04, 0x10, 0x2a, 0x04, 0x10,
    0x2a, 0x03, 0x0f, 0x28, 0x04, 0x10, 0x28, 0x04, 0x10, 0x28, 0x03, 0x0f, 0x27, 0x03, 0x0f, 0x29,
    0x03, 0x0f, 0x29, 0x03, 0x0f, 0x29, 0x03, 0x0f, 0x2a, 0x04, 0x10, 0x29, 0x03, 0x0f, 0x28, 0x03,
    0x0f, 0x29, 0x03, 0x0f, 0x29, 0x03, 0x0f, 0x29, 0x03, 0x0f, 0x29, 0x04, 0x10, 0x2a, 0x03, 0x0f,
    0x29, 0x03, 0x0f, 0x29, 0x03, 0x0f, 0x27, 0x03, 0x0f, 0x27, 0x03, 0x0f, 0x27, 0x03, 0x0f, 0x27,
    0x03, 0x0f, 0x27, 0x04, 0x10, 0x28, 0x04, 0x10, 0x28, 0x03, 0x0f, 0x27, 0x03, 0x0f, 0x27, 0x03,
    0x0f, 0x27, 0x03, 0x0f, 0x27, 0x03, 0x0f, 0x27, 0x03, 0x0f, 0x27, 0x03, 0x0f, 0x27, 0x03, 0x0f,
    0x27, 0x03, 0x0f, 0x27, 0x03, 0x0f, 0x27, 0x03, 0x0f, 0x27, 0x03, 0x0f, 0x27, 0x02, 0x0e, 0x26,
    0x03, 0x0f, 0x27, 0x03, 0x0f, 0x27, 0x03, 0x0f, 0x27, 0x03, 0x0f, 0x27, 0x03, 0x0f, 0x27, 0x03,
    0x0f, 0x27, 0x03, 0x0f, 0x27, 0x03, 0x0f, 0x28, 0x04, 0x10, 0x28, 0x03, 0x0f, 0x27, 0x03, 0x0f,
    0x27, 0x03, 0x0f, 0x27, 0x03, 0x0f, 0x27, 0x03, 0x0f, 0x27, 0x03, 0x0f, 0x27, 0x03, 0x0f, 0x27,
    0x03, 0x0f, 0x27, 0x03, 0x0f, 0x27, 0x03, 0x0f, 0x27, 0x03, 0x0f, 0x27, 0x03, 0x0f, 0x27, 0x03,
    0x0f, 0x27, 0x03, 0x0f, 0x27, 0x03, 0x0f, 0x27, 0x03, 0x0f, 0x27, 0x03, 0x0f, 0x28, 0x03, 0x0f,
    0x28, 0x03, 0x0f, 0x28, 0x03, 0x0f, 0x28, 0x03, 0x0f, 0x27, 0x03, 0x0f, 0x27, 0x03, 0x0f, 0x27,
    0x03, 0x0f, 0x27, 0x03, 0x0f, 0x27, 0x03, 0x0f, 0x27, 0x03, 0x0f, 0x27, 0x03, 0x0f, 0x27, 0x03,
    0x0f, 0x27, 0x02, 0x0e, 0x26, 0x03, 0x0f, 0x27, 0x03, 0x0f, 0x27, 0x03, 0x0f, 0x27, 0x03, 0x0f,
    0x27, 0x03, 0x0f, 0x27, 0x03, 0x0f, 0x27, 0x03, 0x0f, 0x27, 0x03, 0x0f, 0x28, 0x03, 0x0f, 0x27,
    0x02, 0x0e, 0x26, 0x02, 0x0e, 0x26, 0x03, 0x0f, 0x27, 0x03, 0x0f, 0x27, 0x01, 0x0f, 0x29, 0x01,
    0x0f, 0x29, 0x02, 0x10, 0x2a, 0x02, 0x10, 0x2a, 0x01, 0x0f, 0x29, 0x01, 0x10, 0x29, 0x01, 0x10,
    0x28, 0x02, 0x0f, 0x29, 0x02, 0x0f, 0x29, 0x02, 0x0f, 0x29, 0x01, 0x10, 0x29, 0x02, 0x10, 0x29,
    0x01, 0x0f, 0x28, 0x00, 0x0d, 0x26, 0x00, 0x0d, 0x25, 0x00, 0x0d, 0x25, 0x00, 0x0d, 0x25, 0x00,
    0x0d, 0x25, 0x00, 0x0d, 0x26, 0x00, 0x0d, 0x26, 0x00, 0x0d, 0x26, 0x00, 0x0d, 0x26, 0x00, 0x0d,
    0x26, 0x00, 0x0d, 0x26, 0x00, 0x0c, 0x25, 0x00, 0x0c, 0x26, 0x00, 0x0c, 0x26, 0x00, 0x0d, 0x27,
    0x00, 0x0d, 0x27, 0x00, 0x0d, 0x27, 0x00, 0x0d, 0x27, 0x00, 0x0d, 0x26, 0x00, 0x0d, 0x25, 0x00,
    0x0c, 0x25, 0x01, 0x0c, 0x25, 0x00, 0x0d, 0x26, 0x00, 0x0d, 0x26, 0x00, 0x0d, 0x26, 0x00, 0x0d,
    0x26, 0x00, 0x0d, 0x26, 0x00, 0x0d, 0x25, 0x00, 0x0c, 0x25, 0x00, 0x0c, 0x25, 0x00, 0x0c, 0x26,
    0x00, 0x0c, 0x26, 0x00, 0x0c, 0x26, 0x00, 0x0c, 0x26, 0x00, 0x0c, 0x26, 0x00, 0x0d, 0x27, 0x00,
    0x0d, 0x27, 0x00, 0x0d, 0x27, 0x00, 0x0d, 0x26, 0x00, 0x0d, 0x26, 0x00, 0x0d, 0x26, 0x00, 0x0d,
    0x26, 0x00, 0x0d, 0x26, 0x00, 0x0d, 0x26, 0x00, 0x0d, 0x26, 0x00, 0x0d, 0x25, 0x00, 0x0c, 0x26,
    0x00, 0x0d, 0x26, 0x00, 0x0d, 0x26, 0x00, 0x0d, 0x26, 0x00, 0x0d, 0x26, 0x00, 0x0d, 0x25, 0x00,
    0x0d, 0x26, 0x01, 0x0c, 0x27, 0x02, 0x0d, 0x28, 0x02, 0x0f, 0x29, 0x01, 0x10, 0x29, 0x02, 0x10,
    0x2a, 0x03, 0x10, 0x2a, 0x02, 0x0f, 0x29, 0x01, 0x0f, 0x29, 0x02, 0x0f, 0x29, 0x04, 0x10, 0x2a,
    0x03, 0x10, 0x2a, 0x02, 0x10, 0x2a, 0x02, 0x10, 0x2a, 0x02, 0x10, 0x2a, 0x02, 0x10, 0x2a, 0x03,
    0x0f, 0x29, 0x04, 0x10, 0x2a, 0x04, 0x10, 0x2a, 0x03, 0x0f, 0x29, 0x03, 0x0f, 0x29, 0x03, 0x0f,
    0x29, 0x03, 0x0f, 0x29, 0x03, 0x0f, 0x29, 0x03, 0x0f, 0x28, 0x03, 0x10, 0x29, 0x02, 0x10, 0x2a,
    0x01, 0x0f, 0x29, 0x03, 0x0f, 0x29, 0x03, 0x0f, 0x29, 0x03, 0x0f, 0x29, 0x03, 0x0f, 0x29, 0x03,
    0x0f, 0x28, 0x04, 0x10, 0x28, 0x04, 0x10, 0x28, 0x04, 0x10, 0x28, 0x03, 0x0f, 0x27, 0x03, 0x0f,
    0x27, 0x03, 0x0f, 0x27, 0x03, 0x0f, 0x27, 0x03, 0x0f, 0x27, 0x04, 0x10, 0x28, 0x04, 0x10, 0x29,
    0x03, 0x0f, 0x2a, 0x02, 0x0f, 0x29, 0x04, 0x0f, 0x28, 0x03, 0x0f, 0x28, 0x03, 0x10, 0x28, 0x03,
    0x10, 0x27, 0x03, 0x0f, 0x27, 0x03, 0x0f, 0x27, 0x03, 0x0f, 0x27, 0x03, 0x0f, 0x27, 0x03, 0x0f,
    0x27, 0x03, 0x0f, 0x27, 0x04, 0x10, 0x28, 0x04, 0x10, 0x28, 0x03, 0x0f, 0x27, 0x04, 0x10, 0x28,
    0x04, 0x10, 0x28, 0x04, 0x10, 0x28, 0x04, 0x0f, 0x28, 0x03, 0x0f, 0x28, 0x03, 0x0f, 0x27, 0x03,
    0x0f, 0x28, 0x03, 0x0f, 0x29, 0x03, 0x0f, 0x29, 0x02, 0x0f, 0x29, 0x02, 0x10, 0x2a, 0x03, 0x0f,
    0x29, 0x03, 0x0f, 0x29, 0x04, 0x10, 0x2a, 0x04, 0x10, 0x2a, 0x02, 0x0f, 0x29, 0x02, 0x0f, 0x29,
    0x03, 0x0f, 0x29, 0x03, 0x0f, 0x29, 0x03, 0x0f, 0x28, 0x03, 0x0f, 0x27, 0x03, 0x0f, 0x28, 0x02,
    0x0f, 0x29, 0x02, 0x0f, 0x28, 0x03, 0x0f, 0x27, 0x03, 0x0f, 0x27, 0x03, 0x0f, 0x27, 0x03, 0x0f,
    0x28, 0x03, 0x0f, 0x29, 0x03, 0x0f, 0x29, 0x04, 0x10, 0x2a, 0x04, 0x10, 0x29, 0x04, 0x10, 0x28,
    0x04, 0x10, 0x28, 0x04, 0x10, 0x29, 0x04, 0x10, 0x2a, 0x03, 0x0f, 0x29, 0x03, 0x0f, 0x29, 0x04,
    0x10, 0x28, 0x04, 0x10, 0x28, 0x04, 0x10, 0x28, 0x03, 0x0f, 0x27, 0x03, 0x0f, 0x27, 0x03, 0x0f,
    0x27, 0x03, 0x0f, 0x29, 0x04, 0x10, 0x2a, 0x04, 0x10, 0x2a, 0x04, 0x10, 0x2a, 0x04, 0x10, 0x28,
    0x04, 0x10, 0x28, 0x04, 0x10, 0x28, 0x03, 0x0f, 0x27, 0x03, 0x0f, 0x28, 0x03, 0x0f, 0x29, 0x03,
    0x0f, 0x29, 0x04, 0x10, 0x2a, 0x04, 0x10, 0x2a, 0x03, 0x0f, 0x29, 0x03, 0x0f, 0x29, 0x04, 0x10,
    0x2a, 0x04, 0x10, 0x2a, 0x04, 0x10, 0x2a, 0x03, 0x0f, 0x29, 0x03, 0x0f, 0x2a, 0x04, 0x10, 0x29,
    0x04, 0x10, 0x28, 0x04, 0x10, 0x28, 0x03, 0x0f, 0x27, 0x03, 0x0f, 0x27, 0x03, 0x0f, 0x27, 0x03,
    0x0f, 0x27, 0x03, 0x0f, 0x27, 0x03, 0x0f, 0x27, 0x03, 0x0f, 0x27, 0x03, 0x0f, 0x27, 0x03, 0x0f,
    0x27, 0x03, 0x0f, 0x27, 0x03, 0x0f, 0x27, 0x03, 0x0f, 0x27, 0x03, 0x0f, 0x27, 0x03, 0x0f, 0x27,
    0x03, 0x0f, 0x27, 0x03, 0x0f, 0x27, 0x02, 0x0e, 0x26, 0x02, 0x0e, 0x26, 0x03, 0x0f, 0x27, 0x03,
    0x0f, 0x27, 0x03, 0x0f, 0x27, 0x03, 0x0f, 0x27, 0x03, 0x0f, 0x27, 0x03, 0x0f, 0x27, 0x03, 0x0f,
    0x27, 0x03, 0x0f, 0x28, 0x03, 0x0f, 0x28, 0x03, 0x0f, 0x27, 0x03, 0x0f, 0x27, 0x03, 0x0f, 0x27,
    0x03, 0x0f, 0x27, 0x03, 0x0f, 0x27, 0x03, 0x0f, 0x27, 0x03, 0x0f, 0x27, 0x03, 0x0f, 0x27, 0x03,
    0x0f, 0x27, 0x03, 0x0f, 0x27, 0x03, 0x0f, 0x27, 0x03, 0x0f, 0x27, 0x03, 0x0f, 0x27, 0x03, 0x0f,
    0x27, 0x03, 0x0f, 0x27, 0x03, 0x0f, 0x27, 0x03, 0x0f, 0x27, 0x03, 0x0f, 0x27, 0x03, 0x0f, 0x27,
    0x03, 0x0f, 0x27, 0x03, 0x0f, 0x27, 0x03, 0x0f, 0x27, 0x03, 0x0f, 0x27, 0x03, 0x0f, 0x27, 0x03,
    0x0f, 0x27, 0x03, 0x0f, 0x27, 0x03, 0x0f, 0x27, 0x03, 0x0f, 0x27, 0x03, 0x0f, 0x27, 0x03, 0x0f,
    0x27, 0x03, 0x0f, 0x27, 0x03, 0x0f, 0x28, 0x03, 0x0f, 0x28, 0x03, 0x0f, 0x27, 0x03, 0x0f, 0x27,
    0x02, 0x0e, 0x26, 0x03, 0x0f, 0x27, 0x03, 0x0f, 0x27, 0x03, 0x0f, 0x27, 0x02, 0x0e, 0x26, 0x03,
    0x0f, 0x27, 0x03, 0x0f, 0x27, 0x03, 0x0f, 0x27, 0x02, 0x10, 0x2a, 0x02, 0x10, 0x2a, 0x02, 0x10,
    0x2a, 0x02, 0x10, 0x2a, 0x01, 0x0f, 0x29, 0x01, 0x10, 0x29, 0x02, 0x10, 0x29, 0x02, 0x10, 0x29,
    0x01, 0x10, 0x2a, 0x01, 0x10, 0x29, 0x00, 0x0e, 0x26, 0x02, 0x0e, 0x27, 0x11, 0x1c, 0x31, 0x28,
    0x35, 0x49, 0x3e, 0x4c, 0x62, 0x4b, 0x5b, 0x72, 0x4f, 0x60, 0x78, 0x4f, 0x60, 0x78, 0x4e, 0x60,
    0x78, 0x4d, 0x5f, 0x78, 0x4c, 0x5e, 0x78, 0x4b, 0x5d, 0x78, 0x4b, 0x5d, 0x78, 0x4b, 0x5e, 0x78,
    0x4a, 0x5e, 0x78, 0x49, 0x5d, 0x77, 0x49, 0x5c, 0x77, 0x48, 0x5b, 0x76, 0x47, 0x5a, 0x75, 0x46,
    0x59, 0x75, 0x45, 0x59, 0x75, 0x44, 0x58, 0x74, 0x44, 0x58, 0x73, 0x44, 0x57, 0x73, 0x43, 0x56,
    0x72, 0x42, 0x56, 0x73, 0x40, 0x55, 0x73, 0x3f, 0x54, 0x71, 0x3e, 0x53, 0x71, 0x3e, 0x52, 0x70,
    0x3d, 0x51, 0x70, 0x3c, 0x50, 0x6f, 0x3b, 0x4f, 0x6e, 0x3a, 0x4e, 0x6d, 0x39, 0x4d, 0x6d, 0x38,
    0x4c, 0x6b, 0x37, 0x4b, 0x6a, 0x37, 0x4b, 0x6a, 0x37, 0x4b, 0x6a, 0x37, 0x4a, 0x6a, 0x36, 0x4a,
    0x69, 0x36, 0x49, 0x69, 0x35, 0x49, 0x68, 0x34, 0x48, 0x67, 0x33, 0x48, 0x67, 0x34, 0x48, 0x67,
    0x34, 0x48, 0x67, 0x34, 0x47, 0x66, 0x33, 0x46, 0x66, 0x32, 0x46, 0x66, 0x32, 0x46, 0x66, 0x32,
    0x46, 0x65, 0x32, 0x45, 0x65, 0x32, 0x46, 0x65, 0x32, 0x46, 0x65, 0x31, 0x43, 0x63, 0x29, 0x3a,
    0x57, 0x1b, 0x2a, 0x45, 0x0d, 0x19, 0x32, 0x03, 0x10, 0x2a, 0x01, 0x0f, 0x2a, 0x03, 0x10, 0x2a,
    0x02, 0x0f, 0x29, 0x01, 0x0f, 0x29, 0x01, 0x0f, 0x29, 0x02, 0x0f, 0x29, 0x02, 0x10, 0x29, 0x01,
    0x10, 0x28, 0x01, 0x10, 0x28, 0x01, 0x10, 0x28, 0x02, 0x10, 0x28, 0x04, 0x10, 0x2a, 0x03, 0x0f,
    0x29, 0x03, 0x0f, 0x29, 0x03, 0x0f, 0x29, 0x03, 0x0f, 0x29, 0x03, 0x0f, 0x29, 0x03, 0x0f, 0x29,
    0x03, 0x0f, 0x29, 0x03, 0x0f, 0x28, 0x03, 0x10, 0x29, 0x02, 0x10, 0x2a, 0x02, 0x10, 0x2a, 0x03,
    0x0f, 0x29, 0x03, 0x0f, 0x29, 0x03, 0x0f, 0x29, 0x03, 0x0f, 0x29, 0x03, 0x0f, 0x28, 0x04, 0x10,
    0x28, 0x04, 0x10, 0x28, 0x04, 0x10, 0x28, 0x03, 0x0f, 0x27, 0x03, 0x0f, 0x27, 0x03, 0x0f, 0x27,
    0x03, 0x0f, 0x27, 0x03, 0x0f, 0x27, 0x04, 0x10, 0x28, 0x04, 0x10, 0x2a, 0x03, 0x10, 0x2a, 0x02,
    0x10, 0x29, 0x04, 0x10, 0x29, 0x03, 0x0f, 0x29, 0x02, 0x10, 0x29, 0x02, 0x10, 0x28, 0x03, 0x0f,
    0x27, 0x03, 0x0f, 0x27, 0x03, 0x0f, 0x27, 0x03, 0x0f, 0x27, 0x03, 0x0f, 0x27, 0x03, 0x0f, 0x27,
    0x03, 0x0f, 0x27, 0x04, 0x10, 0x28, 0x04, 0x10, 0x28, 0x04, 0x10, 0x28, 0x04, 0x10, 0x28, 0x03,
    0x0f, 0x28, 0x04, 0x10, 0x28, 0x03, 0x0f, 0x28, 0x03, 0x0f, 0x29, 0x03, 0x0f, 0x29, 0x03, 0x0f,
    0x29, 0x03, 0x0f, 0x29, 0x02, 0x0f, 0x29, 0x02, 0x10, 0x2a, 0x03, 0x0f, 0x29, 0x04, 0x10, 0x2a,
    0x04, 0x10, 0x2a, 0x04, 0x10, 0x2a, 0x02, 0x0f, 0x29, 0x02, 0x0f, 0x29, 0x03, 0x0f, 0x29, 0x03,
    0x0f, 0x29, 0x03, 0x0f, 0x28, 0x03, 0x0f, 0x27, 0x03, 0x0f, 0x28, 0x02, 0x0f, 0x29, 0x02, 0x0f,
    0x28, 0x03, 0x0f, 0x27, 0x03, 0x0f, 0x27, 0x03, 0x0f, 0x27, 0x03, 0x0f, 0x28, 0x03, 0x0f, 0x29,
    0x03, 0x0f, 0x29, 0x03, 0x0f, 0x29, 0x03, 0x0f, 0x29, 0x04, 0x10, 0x28, 0x03, 0x0f, 0x28, 0x03,
    0x0f, 0x29, 0x03, 0x0f, 0x29, 0x03, 0x0f, 0x29, 0x04, 0x10, 0x29, 0x03, 0x0f, 0x28, 0x03, 0x0f,
    0x28, 0x03, 0x0f, 0x27, 0x03, 0x0f, 0x27, 0x03, 0x0f, 0x27, 0x03, 0x0f, 0x28, 0x03, 0x0f, 0x29,
    0x03, 0x0f, 0x29, 0x04, 0x10, 0x2a, 0x04, 0x10, 0x2a, 0x04, 0x10, 0x29, 0x04, 0x10, 0x28, 0x04,
    0x10, 0x28, 0x04, 0x10, 0x28, 0x03, 0x0f, 0x28, 0x03, 0x0f, 0x29, 0x03, 0x0f, 0x29, 0x03, 0x0f,
    0x29, 0x04, 0x10, 0x2a, 0x04, 0x10, 0x2a, 0x04, 0x10, 0x2a, 0x03, 0x0f, 0x2a, 0x04, 0x10, 0x29,
    0x03, 0x0f, 0x29, 0x03, 0x0f, 0x29, 0x04, 0x10, 0x29, 0x04, 0x10, 0x29, 0x04, 0x10, 0x28, 0x03,
    0x0f, 0x27, 0x03, 0x0f, 0x27, 0x03, 0x0f, 0x27, 0x03, 0x0f, 0x27, 0x03, 0x0f, 0x27, 0x03, 0x0f,
    0x27, 0x03, 0x0f, 0x27, 0x04, 0x10, 0x28, 0x03, 0x0f, 0x27, 0x03, 0x0f, 0x27, 0x03, 0x0f, 0x27,
    0x03, 0x0f, 0x27, 0x03, 0x0f, 0x27, 0x03, 0x0f, 0x27, 0x03, 0x0f, 0x27, 0x03, 0x0f, 0x27, 0x03,
    0x0f, 0x27, 0x03, 0x0f, 0x27, 0x03, 0x0f, 0x27, 0x03, 0x0f, 0x27, 0x03, 0x0f, 0x27, 0x03, 0x0f,
    0x27, 0x03, 0x0f, 0x27, 0x03, 0x0f, 0x27, 0x03, 0x0f, 0x27, 0x03, 0x0f, 0x27, 0x03, 0x0f, 0x28,
    0x03, 0x0f, 0x28, 0x03, 0x0f, 0x27, 0x03, 0x0f, 0x27, 0x03, 0x0f, 0x27, 0x03, 0x0f, 0x27, 0x03,
    0x0f, 0x27, 0x03, 0x0f, 0x27, 0x03, 0x0f, 0x27, 0x03, 0x0f, 0x27, 0x03, 0x0f, 0x27, 0x03, 0x0f,
    0x27, 0x03, 0x0f, 0x27, 0x03, 0x0f, 0x27, 0x03, 0x0f, 0x27, 0x03, 0x0f, 0x27, 0x03, 0x0f, 0x27,
    0x03, 0x0f, 0x27, 0x03, 0x0f, 0x27, 0x03, 0x0f, 0x27, 0x03, 0x0f, 0x27, 0x03, 0x0f, 0x27, 0x03,
    0x0f, 0x27, 0x03, 0x0f, 0x27, 0x03, 0x0f, 0x27, 0x03, 0x0f, 0x27, 0x03, 0x0f, 0x27, 0x03, 0x0f,
    0x27, 0x03, 0x0f, 0x27, 0x03, 0x0f, 0x27, 0x03, 0x0f, 0x27, 0x03, 0x0f, 0x27, 0x03, 0x0f, 0x27,
    0x03, 0x0f, 0x27, 0x03, 0x0f, 0x27, 0x02, 0x0e, 0x26, 0x02, 0x0e, 0x26, 0x02, 0x0e, 0x26, 0x03,
    0x0f, 0x27, 0x03, 0x0f, 0x27, 0x03, 0x0f, 0x27, 0x03, 0x0f, 0x27, 0x03, 0x0f, 0x27, 0x03, 0x0f,
    0x27, 0x03, 0x0f, 0x27, 0x02, 0x10, 0x2a, 0x01, 0x0f, 0x29, 0x01, 0x10, 0x29, 0x02, 0x10, 0x29,
    0x02, 0x10, 0x2a, 0x02, 0x10, 0x2a, 0x01, 0x10, 0x29, 0x01, 0x0f, 0x29, 0x01, 0x0e, 0x27, 0x04,
    0x0f, 0x27, 0x26, 0x33, 0x48, 0x61, 0x72, 0x86, 0x86, 0xa0, 0xb8, 0x91, 0xb2, 0xd0, 0x8f, 0xb4,
    0xd6, 0x8a, 0xb2, 0xd7, 0x88, 0xb0, 0xd6, 0x86, 0xaf, 0xd5, 0x84, 0xad, 0xd4, 0x82, 0xab, 0xd3,
    0x80, 0xa9, 0xd2, 0x7f, 0xa7, 0xd1, 0x7e, 0xa7, 0xd0, 0x7c, 0xa6, 0xcf, 0x7b, 0xa4, 0xce, 0x79,
    0xa2, 0xcd, 0x77, 0xa1, 0xcb, 0x75, 0x9f, 0xca, 0x73, 0x9d, 0xc9, 0x71, 0x9b, 0xc8, 0x70, 0x9a,
    0xc7, 0x6e, 0x99, 0xc6, 0x6d, 0x98, 0xc5, 0x6d, 0x97, 0xc4, 0x6b, 0x95, 0xc3, 0x69, 0x93, 0xc1,
    0x67, 0x91, 0xc0, 0x65, 0x8f, 0xbe, 0x63, 0x8d, 0xbc, 0x61, 0x8c, 0xbb, 0x5f, 0x8a, 0xba, 0x5d,
    0x88, 0xb8, 0x5c, 0x86, 0xb7, 0x5a, 0x84, 0xb5, 0x57, 0x81, 0xb2, 0x55, 0x7f, 0xb0, 0x54, 0x7e,
    0xae, 0x54, 0x7d, 0xae, 0x54, 0x7c, 0xad, 0x52, 0x7b, 0xac, 0x51, 0x79, 0xaa, 0x50, 0x78, 0xaa,
    0x4e, 0x77, 0xa8, 0x4d, 0x76, 0xa7, 0x4c, 0x75, 0xa6, 0x4b, 0x74, 0xa5, 0x4b, 0x73, 0xa4, 0x4a,
    0x72, 0xa2, 0x49, 0x70, 0xa1, 0x48, 0x70, 0xa1, 0x49, 0x6f, 0xa1, 0x48, 0x6f, 0xa0, 0x47, 0x6e,
    0x9f, 0x47, 0x6e, 0x9f, 0x47, 0x6e, 0x9f, 0x47, 0x6e, 0x9f, 0x49, 0x6f, 0x9f, 0x4b, 0x6e, 0x9d,
    0x4a, 0x69, 0x92, 0x3b, 0x52, 0x74, 0x1b, 0x2b, 0x47, 0x04, 0x12, 0x2b, 0x01, 0x0f, 0x29, 0x02,
    0x10, 0x2a, 0x01, 0x0f, 0x2a, 0x02, 0x10, 0x2a, 0x02, 0x10, 0x29, 0x01, 0x10, 0x28, 0x01, 0x10,
    0x29, 0x01, 0x10, 0x29, 0x02, 0x10, 0x29, 0x03, 0x0f, 0x29, 0x03, 0x0f, 0x29, 0x03, 0x0f, 0x29,
    0x03, 0x0f, 0x29, 0x03, 0x0f, 0x2a, 0x04, 0x10, 0x2a, 0x04, 0x10, 0x2a, 0x03, 0x0f, 0x29, 0x03,
    0x0f, 0x27, 0x03, 0x0f, 0x29, 0x01, 0x10, 0x2a, 0x02, 0x10, 0x2a, 0x03, 0x0f, 0x29, 0x03, 0x0f,
    0x29, 0x03, 0x0f, 0x29, 0x03, 0x0f, 0x29, 0x03, 0x0f, 0x29, 0x04, 0x10, 0x29, 0x04, 0x10, 0x29,
    0x04, 0x10, 0x29, 0x03, 0x0f, 0x28, 0x03, 0x0f, 0x28, 0x03, 0x0f, 0x28, 0x03, 0x0f, 0x28, 0x03,
    0x0f, 0x27, 0x03, 0x0f, 0x28, 0x04, 0x0f, 0x29, 0x03, 0x0f, 0x2a, 0x03, 0x10, 0x2a, 0x04, 0x10,
    0x2a, 0x03, 0x0f, 0x2a, 0x02, 0x0f, 0x2a, 0x02, 0x10, 0x29, 0x03, 0x10, 0x28, 0x03, 0x0f, 0x27,
    0x03, 0x0f, 0x27, 0x03, 0x0f, 0x27, 0x02, 0x0f, 0x27, 0x02, 0x0f, 0x27, 0x03, 0x0f, 0x28, 0x03,
    0x0f, 0x28, 0x03, 0x10, 0x29, 0x04, 0x10, 0x2a, 0x03, 0x10, 0x2a, 0x03, 0x10, 0x29, 0x02, 0x10,
    0x28, 0x03, 0x10, 0x29, 0x04, 0x10, 0x2a, 0x03, 0x0f, 0x29, 0x03, 0x0f, 0x29, 0x03, 0x0f, 0x29,
    0x02, 0x0f, 0x29, 0x02, 0x10, 0x2a, 0x03, 0x10, 0x2a, 0x04, 0x10, 0x2a, 0x04, 0x10, 0x2a, 0x04,
    0x10, 0x2a, 0x02, 0x0f, 0x29, 0x02, 0x0f, 0x29, 0x04, 0x10, 0x2a, 0x03, 0x0f, 0x29, 0x03, 0x10,
    0x28, 0x03, 0x0f, 0x27, 0x03, 0x0f, 0x28, 0x03, 0x0f, 0x29, 0x03, 0x0f, 0x28, 0x03, 0x0f, 0x27,
    0x03, 0x0f, 0x27, 0x03, 0x0f, 0x27, 0x03, 0x0f, 0x28, 0x03, 0x0f, 0x29, 0x03, 0x0f, 0x29, 0x03,
    0x0f, 0x29, 0x03, 0x0f, 0x29, 0x03, 0x0f, 0x29, 0x03, 0x0f, 0x29, 0x03, 0x0f, 0x27, 0x03, 0x0f,
    0x27, 0x03, 0x0f, 0x27, 0x03, 0x0f, 0x27, 0x03, 0x0f, 0x29, 0x03, 0x0f, 0x29, 0x03, 0x0f, 0x27,
    0x03, 0x0f, 0x27, 0x03, 0x0f, 0x28, 0x03, 0x0f, 0x29, 0x03, 0x0f, 0x29, 0x03, 0x0f, 0x29, 0x03,
    0x0f, 0x29, 0x03, 0x0f, 0x29, 0x04, 0x10, 0x28, 0x04, 0x10, 0x28, 0x04, 0x10, 0x28, 0x04, 0x10,
    0x28, 0x03, 0x0f, 0x29, 0x03, 0x0f, 0x2a, 0x04, 0x10, 0x2a, 0x04, 0x10, 0x2a, 0x04, 0x10, 0x2a,
    0x03, 0x0f, 0x29, 0x03, 0x0f, 0x29, 0x04, 0x10, 0x2a, 0x04, 0x10, 0x29, 0x03, 0x0f, 0x27, 0x03,
    0x0f, 0x27, 0x03, 0x0f, 0x28, 0x04, 0x10, 0x28, 0x04, 0x10, 0x28, 0x03, 0x0f, 0x27, 0x03, 0x0f,
    0x27, 0x03, 0x0f, 0x27, 0x03, 0x0f, 0x27, 0x03, 0x0f, 0x28, 0x04, 0x10, 0x28, 0x03, 0x0f, 0x28,
    0x03, 0x0f, 0x27, 0x03, 0x0f, 0x27, 0x03, 0x0f, 0x27, 0x03, 0x0f, 0x27, 0x03, 0x0f, 0x27, 0x03,
    0x0f, 0x27, 0x03, 0x0f, 0x27, 0x03, 0x0f, 0x27, 0x03, 0x0f, 0x27, 0x03, 0x0f, 0x27, 0x03, 0x0f,
    0x27, 0x03, 0x0f, 0x28, 0x03, 0x0f, 0x27, 0x03, 0x0f, 0x27, 0x03, 0x0f, 0x27, 0x03, 0x0f, 0x27,
    0x03, 0x0f, 0x27, 0x03, 0x0f, 0x27, 0x03, 0x0f, 0x27, 0x03, 0x0f, 0x29, 0x03, 0x0f, 0x28, 0x03,
    0x0f, 0x27, 0x03, 0x0f, 0x27, 0x03, 0x0f, 0x27, 0x03, 0x0f, 0x27, 0x03, 0x0f, 0x27, 0x04, 0x10,
    0x28, 0x04, 0x10, 0x28, 0x03, 0x0f, 0x27, 0x03, 0x0f, 0x27, 0x03, 0x0f, 0x27, 0x03, 0x0f, 0x27,
    0x03, 0x0f, 0x27, 0x03, 0x0f, 0x27, 0x03, 0x0f, 0x27, 0x03, 0x0f, 0x27, 0x03, 0x0f, 0x27, 0x03,
    0x0f, 0x27, 0x03, 0x0f, 0x27, 0x03, 0x0f, 0x27, 0x03, 0x0f, 0x27, 0x03, 0x0f, 0x27, 0x03, 0x0f,
    0x27, 0x03, 0x0f, 0x27, 0x03, 0x0f, 0x27, 0x04, 0x10, 0x28, 0x03, 0x0f, 0x27, 0x03, 0x0f, 0x27,
    0x03, 0x0f, 0x27, 0x03, 0x0f, 0x27, 0x03, 0x0f, 0x27, 0x03, 0x0f, 0x27, 0x03, 0x0f, 0x27, 0x03,
    0x0f, 0x27, 0x03, 0x0f, 0x27, 0x03, 0x0f, 0x27, 0x02, 0x0e, 0x26, 0x02, 0x0e, 0x27, 0x03, 0x0f,
    0x27, 0x02, 0x0e, 0x27, 0x03, 0x0f, 0x27, 0x03, 0x0f, 0x27, 0x03, 0x0f, 0x27, 0x03, 0x0f, 0x27,
    0x01, 0x0f, 0x29, 0x01, 0x0f, 0x29, 0x01, 0x10, 0x28, 0x02, 0x10, 0x29, 0x02, 0x10, 0x29, 0x01,
    0x10, 0x29, 0x01, 0x10, 0x2a, 0x00, 0x0d, 0x28, 0x16, 0x22, 0x37, 0x60, 0x73, 0x88, 0x93, 0xb1,
    0xcb, 0x93, 0xba, 0xdc, 0x87, 0xb1, 0xda, 0x80, 0xab, 0xd6, 0x7c, 0xa8, 0xd2, 0x79, 0xa6, 0xd0,
    0x77, 0xa4, 0xcf, 0x74, 0xa2, 0xce, 0x72, 0xa0, 0xcd, 0x70, 0x9e, 0xcc, 0x6e, 0x9d, 0xca, 0x6d,
    0x9b, 0xca, 0x6b, 0x9a, 0xc9, 0x6a, 0x98, 0xc8, 0x68, 0x96, 0xc7, 0x66, 0x94, 0xc5, 0x64, 0x92,
    0xc4, 0x63, 0x91, 0xc2, 0x61, 0x8f, 0xc0, 0x5f, 0x8d, 0xbf, 0x5e, 0x8c, 0xbe, 0x5d, 0x8c, 0xbd,
    0x5b, 0x8b, 0xbc, 0x5a, 0x89, 0xbb, 0x59, 0x87, 0xba, 0x57, 0x86, 0xb8, 0x56, 0x84, 0xb6, 0x54,
    0x82, 0xb5, 0x53, 0x81, 0xb3, 0x50, 0x7f, 0xb2, 0x4e, 0x7d, 0xb1, 0x4d, 0x7b, 0xaf, 0x4b, 0x7a,
    0xae, 0x4a, 0x78, 0xad, 0x48, 0x75, 0xa9, 0x47, 0x73, 0xa8, 0x46, 0x71, 0xa6, 0x46, 0x70, 0xa6,
    0x44, 0x6f, 0xa4, 0x43, 0x6e, 0xa3, 0x42, 0x6d, 0xa2, 0x41, 0x6b, 0xa1, 0x40, 0x6a, 0xa0, 0x40,
    0x69, 0x9f, 0x3e, 0x68, 0x9e, 0x3d, 0x67, 0x9d, 0x3d, 0x65, 0x9a, 0x3c, 0x64, 0x98, 0x3b, 0x64,
    0x97, 0x3a, 0x63, 0x97, 0x3a, 0x63, 0x97, 0x3a, 0x62, 0x97, 0x39, 0x62, 0x96, 0x38, 0x61, 0x95,
    0x38, 0x60, 0x94, 0x37, 0x60, 0x95, 0x37, 0x60, 0x95, 0x38, 0x61, 0x95, 0x3c, 0x65, 0x98, 0x45,
    0x6c, 0x9f, 0x4d, 0x6f, 0x9d, 0x3a, 0x52, 0x76, 0x0f, 0x1e, 0x3a, 0x00, 0x0e, 0x28, 0x01, 0x10,
    0x29, 0x02, 0x10, 0x2a, 0x01, 0x10, 0x29, 0x01, 0x0f, 0x29, 0x01, 0x0f, 0x29, 0x02, 0x0f, 0x29,
    0x02, 0x0f, 0x29, 0x03, 0x0f, 0x29, 0x03, 0x0f, 0x29, 0x03, 0x0f, 0x29, 0x03, 0x0f, 0x29, 0x03,
    0x0f, 0x29, 0x04, 0x10, 0x29, 0x03, 0x0f, 0x29, 0x03, 0x0f, 0x29, 0x03, 0x0f, 0x28, 0x03, 0x10,
    0x29, 0x02, 0x10, 0x2a, 0x02, 0x10, 0x2a, 0x03, 0x0f, 0x29, 0x03, 0x0f, 0x29, 0x03, 0x0f, 0x29,
    0x03, 0x0f, 0x29, 0x03, 0x0f, 0x29, 0x04, 0x10, 0x29, 0x03, 0x0f, 0x29, 0x03, 0x0f, 0x29, 0x03,
    0x0f, 0x29, 0x03, 0x0f, 0x29, 0x04, 0x10, 0x29, 0x03, 0x0f, 0x29, 0x03, 0x0f, 0x28, 0x03, 0x0f,
    0x28, 0x03, 0x10, 0x29, 0x03, 0x0f, 0x29, 0x03, 0x10, 0x29, 0x04, 0x10, 0x29, 0x04, 0x10, 0x29,
    0x03, 0x10, 0x29, 0x03, 0x0f, 0x28, 0x04, 0x0f, 0x28, 0x03, 0x0f, 0x27, 0x03, 0x0f, 0x27, 0x03,
    0x0f, 0x27, 0x01, 0x0f, 0x29, 0x01, 0x0f, 0x28, 0x01, 0x0f, 0x29, 0x02, 0x10, 0x29, 0x02, 0x10,
    0x2a, 0x02, 0x10, 0x2a, 0x02, 0x10, 0x2a, 0x02, 0x10, 0x2a, 0x01, 0x10, 0x2a, 0x02, 0x0f, 0x29,
    0x03, 0x10, 0x29, 0x04, 0x0f, 0x29, 0x03, 0x0f, 0x29, 0x03, 0x0f, 0x29, 0x02, 0x0f, 0x29, 0x02,
    0x0f, 0x29, 0x03, 0x0f, 0x29, 0x03, 0x0f, 0x29, 0x04, 0x10, 0x2a, 0x03, 0x0f, 0x29, 0x02, 0x0f,
    0x29, 0x03, 0x0f, 0x29, 0x03, 0x0f, 0x29, 0x03, 0x0f, 0x29, 0x03, 0x10, 0x29, 0x02, 0x10, 0x28,
    0x03, 0x0f, 0x28, 0x03, 0x0f, 0x29, 0x03, 0x0f, 0x28, 0x03, 0x0f, 0x27, 0x03, 0x0f, 0x27, 0x03,
    0x0f, 0x27, 0x02, 0x0f, 0x28, 0x02, 0x0f, 0x29, 0x02, 0x0f, 0x29, 0x01, 0x0f, 0x29, 0x01, 0x0f,
    0x29, 0x03, 0x0f, 0x29, 0x03, 0x0f, 0x28, 0x03, 0x0f, 0x27, 0x02, 0x0f, 0x27, 0x03, 0x0f, 0x27,
    0x03, 0x0f, 0x27, 0x03, 0x0f, 0x29, 0x03, 0x0f, 0x29, 0x03, 0x0f, 0x28, 0x03, 0x0f, 0x27, 0x03,
    0x0f, 0x29, 0x03, 0x0f, 0x29, 0x03, 0x0f, 0x29, 0x03, 0x0f, 0x29, 0x04, 0x10, 0x29, 0x04, 0x10,
    0x29, 0x03, 0x0f, 0x28, 0x03, 0x0f, 0x27, 0x03, 0x0f, 0x27, 0x03, 0x0f, 0x27, 0x03, 0x0f, 0x28,
    0x04, 0x10, 0x29, 0x04, 0x10, 0x2a, 0x04, 0x10, 0x29, 0x04, 0x10, 0x29, 0x03, 0x0f, 0x29, 0x03,
    0x0f, 0x29, 0x04, 0x10, 0x29, 0x03, 0x0f, 0x29, 0x03, 0x0f, 0x27, 0x03, 0x0f, 0x27, 0x04, 0x10,
    0x28, 0x04, 0x10, 0x28, 0x03, 0x0f, 0x27, 0x03, 0x0f, 0x27, 0x03, 0x0f, 0x27, 0x03, 0x0f, 0x28,
    0x03, 0x0f, 0x29, 0x03, 0x0f, 0x29, 0x03, 0x0f, 0x29, 0x03, 0x0f, 0x29, 0x03, 0x0f, 0x27, 0x03,
    0x0f, 0x27, 0x03, 0x0f, 0x27, 0x03, 0x0f, 0x27, 0x03, 0x0f, 0x28, 0x03, 0x0f, 0x29, 0x03, 0x0f,
    0x29, 0x03, 0x0f, 0x29, 0x03, 0x0f, 0x28, 0x03, 0x0f, 0x29, 0x03, 0x0f, 0x29, 0x03, 0x0f, 0x29,
    0x03, 0x0f, 0x28, 0x03, 0x0f, 0x27, 0x03, 0x0f, 0x27, 0x03, 0x0f, 0x27, 0x03, 0x0f, 0x27, 0x03,
    0x0f, 0x27, 0x03, 0x0f, 0x27, 0x03, 0x0f, 0x28, 0x04, 0x10, 0x29, 0x03, 0x0f, 0x27, 0x03, 0x0f,
    0x27, 0x04, 0x10, 0x28, 0x03, 0x0f, 0x27, 0x04, 0x10, 0x28, 0x04, 0x10, 0x28, 0x04, 0x10, 0x28,
    0x03, 0x0f, 0x27, 0x03, 0x0f, 0x27, 0x03, 0x0f, 0x27, 0x03, 0x0f, 0x27, 0x03, 0x0f, 0x27, 0x03,
    0x0f, 0x27, 0x03, 0x0f, 0x28, 0x03, 0x0f, 0x27, 0x03, 0x0f, 0x27, 0x03, 0x0f, 0x27, 0x03, 0x0f,
    0x27, 0x03, 0x0f, 0x27, 0x03, 0x0f, 0x27, 0x03, 0x0f, 0x27, 0x03, 0x0f, 0x27, 0x03, 0x0f, 0x27,
    0x03, 0x0f, 0x27, 0x03, 0x0f, 0x28, 0x03, 0x0f, 0x27, 0x03, 0x0f, 0x27, 0x03, 0x0f, 0x27, 0x02,
    0x0e, 0x27, 0x02, 0x0e, 0x27, 0x03, 0x0f, 0x27, 0x03, 0x0f, 0x27, 0x03, 0x0f, 0x27, 0x03, 0x0f,
    0x27, 0x03, 0x0f, 0x27, 0x03, 0x0f, 0x27, 0x03, 0x0f, 0x27, 0x03, 0x0f, 0x28, 0x03, 0x0f, 0x28,
    0x02, 0x0e, 0x28, 0x03, 0x0f, 0x28, 0x03, 0x0f, 0x27, 0x03, 0x0f, 0x27, 0x01, 0x0f, 0x29, 0x01,
    0x0f, 0x29, 0x01, 0x0f, 0x29, 0x02, 0x10, 0x29, 0x01, 0x10, 0x29, 0x01, 0x10, 0x29, 0x01, 0x0d,
    0x28, 0x2a, 0x38, 0x4d, 0x87, 0x9f, 0xb4, 0x94, 0xb9, 0xdc, 0x84, 0xaf, 0xd6, 0x80, 0xac, 0xd5,
    0x80, 0xab, 0xd4, 0x7d, 0xa8, 0xd3, 0x79, 0xa6, 0xd0, 0x77, 0xa4, 0xce, 0x75, 0xa2, 0xcd, 0x72,
    0xa0, 0xcc, 0x6f, 0x9e, 0xcb, 0x6e, 0x9d, 0xcb, 0x6c, 0x9b, 0xc9, 0x6b, 0x9a, 0xc8, 0x69, 0x97,
    0xc7, 0x67, 0x95, 0xc6, 0x65, 0x93, 0xc4, 0x63, 0x91, 0xc2, 0x61, 0x8f, 0xc1, 0x60, 0x8e, 0xc0,
    0x5f, 0x8d, 0xbf, 0x5d, 0x8b, 0xbd, 0x5c, 0x8a, 0xbc, 0x5b, 0x89, 0xbb, 0x5a, 0x88, 0xb9, 0x58,
    0x87, 0xb8, 0x57, 0x85, 0xb7, 0x55, 0x83, 0xb6, 0x54, 0x82, 0xb6, 0x52, 0x80, 0xb4, 0x51, 0x7f,
    0xb3, 0x4f, 0x7d, 0xb1, 0x4d, 0x7b, 0xaf, 0x4b, 0x79, 0xad, 0x49, 0x77, 0xab, 0x48, 0x75, 0xa9,
    0x47, 0x72, 0xa7, 0x46, 0x71, 0xa6, 0x45, 0x6f, 0xa4, 0x44, 0x6f, 0xa4, 0x43, 0x6e, 0xa3, 0x42,
    0x6d, 0xa2, 0x41, 0x6b, 0xa0, 0x40, 0x69, 0x9f, 0x3f, 0x68, 0x9e, 0x3e, 0x67, 0x9d, 0x3c, 0x65,
    0x9b, 0x3c, 0x65, 0x9a, 0x3a, 0x63, 0x98, 0x39, 0x62, 0x96, 0x39, 0x62, 0x96, 0x38, 0x61, 0x96,
    0x38, 0x61, 0x95, 0x38, 0x60, 0x94, 0x37, 0x5f, 0x93, 0x36, 0x5e, 0x92, 0x35, 0x5d, 0x91, 0x35,
    0x5d, 0x91, 0x35, 0x5d, 0x91, 0x36, 0x5e, 0x92, 0x37, 0x5f, 0x93, 0x37, 0x5f, 0x95, 0x38, 0x60,
    0x95, 0x41, 0x68, 0x9a, 0x42, 0x61, 0x8a, 0x18, 0x29, 0x47, 0x01, 0x0f, 0x29, 0x01, 0x10, 0x29,
    0x02, 0x10, 0x29, 0x01, 0x0f, 0x29, 0x02, 0x0f, 0x29, 0x03, 0x0f, 0x29, 0x03, 0x0f, 0x29, 0x03,
    0x0f, 0x28, 0x03, 0x0f, 0x27, 0x03, 0x0f, 0x28, 0x03, 0x0f, 0x28, 0x03, 0x0f, 0x28, 0x03, 0x0f,
    0x28, 0x03, 0x0f, 0x28, 0x03, 0x0f, 0x28, 0x03, 0x0f, 0x29, 0x03, 0x10, 0x2a, 0x03, 0x10, 0x2a,
    0x03, 0x10, 0x29, 0x03, 0x0f, 0x28, 0x03, 0x0f, 0x27, 0x03, 0x0f, 0x28, 0x03, 0x0f, 0x27, 0x04,
    0x10, 0x28, 0x04, 0x10, 0x28, 0x03, 0x0f, 0x29, 0x03, 0x0f, 0x29, 0x03, 0x0f, 0x29, 0x03, 0x0f,
    0x29, 0x03, 0x0f, 0x29, 0x03, 0x0f, 0x29, 0x03, 0x0f, 0x29, 0x02, 0x0f, 0x29, 0x03, 0x0f, 0x29,
    0x03, 0x0f, 0x28, 0x03, 0x10, 0x28, 0x04, 0x10, 0x28, 0x04, 0x10, 0x28, 0x03, 0x0f, 0x27, 0x03,
    0x0f, 0x27, 0x04, 0x0f, 0x27, 0x03, 0x0f, 0x27, 0x03, 0x0f, 0x27, 0x03, 0x0f, 0x27, 0x03, 0x0f,
    0x27, 0x03, 0x0f, 0x28, 0x03, 0x0f, 0x29, 0x02, 0x10, 0x2a, 0x03, 0x0f, 0x29, 0x03, 0x0f, 0x29,
    0x03, 0x0f, 0x29, 0x02, 0x0f, 0x29, 0x01, 0x0f, 0x29, 0x02, 0x0f, 0x29, 0x03, 0x0f, 0x29, 0x04,
    0x0f, 0x29, 0x03, 0x0f, 0x29, 0x03, 0x0f, 0x29, 0x03, 0x10, 0x2a, 0x03, 0x0f, 0x29, 0x03, 0x0f,
    0x28, 0x03, 0x0f, 0x29, 0x03, 0x0f, 0x29, 0x02, 0x10, 0x2a, 0x03, 0x0f, 0x29, 0x03, 0x0f, 0x29,
    0x03, 0x0f, 0x29, 0x03, 0x0f, 0x2a, 0x04, 0x10, 0x2a, 0x03, 0x10, 0x29, 0x03, 0x10, 0x29, 0x03,
    0x0f, 0x29, 0x03, 0x0f, 0x28, 0x03, 0x0f, 0x27, 0x03, 0x0f, 0x27, 0x02, 0x10, 0x27, 0x02, 0x10,
    0x28, 0x03, 0x0f, 0x28, 0x03, 0x0f, 0x29, 0x02, 0x0f, 0x29, 0x01, 0x0f, 0x29, 0x02, 0x0f, 0x28,
    0x03, 0x0f, 0x27, 0x03, 0x0f, 0x27, 0x02, 0x0f, 0x27, 0x03, 0x0f, 0x27, 0x03, 0x0f, 0x27, 0x04,
    0x10, 0x28, 0x03, 0x0f, 0x28, 0x03, 0x0f, 0x29, 0x03, 0x0f, 0x29, 0x03, 0x0f, 0x29, 0x03, 0x0f,
    0x29, 0x03, 0x0f, 0x29, 0x03, 0x0f, 0x29, 0x04, 0x10, 0x29, 0x03, 0x0f, 0x28, 0x03, 0x0f, 0x27,
    0x03, 0x0f, 0x27, 0x03, 0x0f, 0x27, 0x03, 0x0f, 0x27, 0x03, 0x0f, 0x27, 0x03, 0x0f, 0x28, 0x04,
    0x10, 0x28, 0x04, 0x10, 0x28, 0x04, 0x10, 0x28, 0x03, 0x0f, 0x27, 0x03, 0x0f, 0x27, 0x03, 0x0f,
    0x28, 0x03, 0x0f, 0x29, 0x03, 0x0f, 0x28, 0x03, 0x0f, 0x27, 0x04, 0x10, 0x28, 0x03, 0x0f, 0x27,
    0x03, 0x0f, 0x27, 0x03, 0x0f, 0x27, 0x03, 0x0f, 0x27, 0x03, 0x0f, 0x28, 0x03, 0x0f, 0x29, 0x03,
    0x0f, 0x29, 0x03, 0x0f, 0x29, 0x02, 0x10, 0x29, 0x03, 0x0f, 0x29, 0x03, 0x0f, 0x29, 0x03, 0x0f,
    0x28, 0x03, 0x0f, 0x28, 0x03, 0x0f, 0x28, 0x03, 0x0f, 0x27, 0x03, 0x0f, 0x28, 0x03, 0x0f, 0x29,
    0x03, 0x0f, 0x28, 0x03, 0x0f, 0x27, 0x04, 0x10, 0x28, 0x03, 0x0f, 0x28, 0x03, 0x0f, 0x27, 0x03,
    0x0f, 0x27, 0x03, 0x0f, 0x27, 0x03, 0x0f, 0x27, 0x03, 0x0f, 0x27, 0x03, 0x0f, 0x27, 0x03, 0x0f,
    0x27, 0x03, 0x0f, 0x27, 0x04, 0x10, 0x28, 0x03, 0x0f, 0x27, 0x03, 0x0f, 0x27, 0x03, 0x0f, 0x27,
    0x03, 0x0f, 0x27, 0x03, 0x0f, 0x27, 0x04, 0x10, 0x28, 0x03, 0x0f, 0x27, 0x03, 0x0f, 0x27, 0x03,
    0x0f, 0x27, 0x03, 0x0f, 0x27, 0x03, 0x0f, 0x27, 0x03, 0x0f, 0x29, 0x03, 0x0f, 0x28, 0x03, 0x0f,
    0x28, 0x03, 0x0f, 0x28, 0x03, 0x0f, 0x28, 0x03, 0x0f, 0x29, 0x03, 0x0f, 0x27, 0x03, 0x0f, 0x27,
    0x03, 0x0f, 0x27, 0x03, 0x0f, 0x27, 0x03, 0x0f, 0x27, 0x03, 0x0f, 0x27, 0x03, 0x0f, 0x27, 0x03,
    0x0f, 0x28, 0x03, 0x0f, 0x27, 0x03, 0x0f, 0x27, 0x02, 0x0e, 0x26, 0x02, 0x0e, 0x27, 0x02, 0x0e,
    0x26, 0x03, 0x0f, 0x27, 0x03, 0x0f, 0x27, 0x03, 0x0f, 0x27, 0x03, 0x0f, 0x28, 0x03, 0x0f, 0x28,
    0x03, 0x0f, 0x27, 0x03, 0x0f, 0x27, 0x03, 0x0f, 0x27, 0x03, 0x0f, 0x27, 0x03, 0x0f, 0x27, 0x03,
    0x0f, 0x27, 0x03, 0x0f, 0x27, 0x03, 0x0f, 0x27, 0x01, 0x0f, 0x29, 0x02, 0x0f, 0x2a, 0x01, 0x10,
    0x2a, 0x01, 0x10, 0x28, 0x01, 0x10, 0x29, 0x01, 0x0d, 0x28, 0x30, 0x3d, 0x54, 0x8e, 0xaa, 0xc4,
    0x8b, 0xb5, 0xda, 0x7f, 0xab, 0xd3, 0x7e, 0xaa, 0xd3, 0x7c, 0xa8, 0xd2, 0x7b, 0xa6, 0xd1, 0x79,
    0xa5, 0xd0, 0x76, 0xa3, 0xce, 0x73, 0xa1, 0xcb, 0x70, 0x9f, 0xca, 0x6e, 0x9d, 0xc9, 0x6c, 0x9b,
    0xc8, 0x6b, 0x9a, 0xc8, 0x69, 0x98, 0xc6, 0x67, 0x96, 0xc5, 0x65, 0x93, 0xc4, 0x63, 0x91, 0xc2,
    0x61, 0x8f, 0xc0, 0x60, 0x8e, 0xbf, 0x5e, 0x8c, 0xbd, 0x5c, 0x8a, 0xbc, 0x5b, 0x89, 0xbb, 0x5a,
    0x88, 0xba, 0x59, 0x87, 0xb8, 0x57, 0x85, 0xb7, 0x56, 0x84, 0xb6, 0x55, 0x83, 0xb5, 0x54, 0x82,
    0xb4, 0x52, 0x80, 0xb3, 0x51, 0x7f, 0xb3, 0x4f, 0x7d, 0xb1, 0x4e, 0x7c, 0xb0, 0x4c, 0x7a, 0xae,
    0x4b, 0x78, 0xac, 0x49, 0x76, 0xaa, 0x47, 0x74, 0xa8, 0x45, 0x72, 0xa6, 0x44, 0x6f, 0xa4, 0x43,
    0x6e, 0xa3, 0x42, 0x6d, 0xa2, 0x40, 0x6b, 0xa0, 0x3f, 0x6a, 0x9f, 0x3f, 0x69, 0x9e, 0x3e, 0x67,
    0x9d, 0x3d, 0x66, 0x9c, 0x3c, 0x65, 0x9b, 0x3a, 0x63, 0x99, 0x39, 0x62, 0x98, 0x38, 0x61, 0x97,
    0x37, 0x60, 0x95, 0x36, 0x5f, 0x95, 0x36, 0x5e, 0x94, 0x35, 0x5e, 0x94, 0x35, 0x5e, 0x93, 0x35,
    0x5d, 0x92, 0x34, 0x5c, 0x91, 0x33, 0x5b, 0x90, 0x33, 0x5a, 0x8f, 0x32, 0x5a, 0x8e, 0x32, 0x5a,
    0x8e, 0x32, 0x5a, 0x8e, 0x33, 0x5b, 0x8f, 0x33, 0x5b, 0x90, 0x34, 0x5b, 0x91, 0x33, 0x5b, 0x8f,
    0x38, 0x60, 0x94, 0x41, 0x62, 0x8f, 0x19, 0x2b, 0x4a, 0x00, 0x0f, 0x28, 0x02, 0x0f, 0x2a, 0x01,
    0x0f, 0x29, 0x01, 0x0f, 0x29, 0x02, 0x0f, 0x29, 0x03, 0x0f, 0x29, 0x02, 0x0f, 0x29, 0x02, 0x0f,
    0x29, 0x02, 0x0f, 0x29, 0x02, 0x10, 0x29, 0x03, 0x10, 0x29, 0x04, 0x0f, 0x29, 0x03, 0x0f, 0x29,
    0x04, 0x10, 0x29, 0x04, 0x10, 0x2a, 0x04, 0x10, 0x2a, 0x04, 0x10, 0x2a, 0x03, 0x0f, 0x29, 0x03,
    0x0f, 0x28, 0x03, 0x0f, 0x27, 0x03, 0x0f, 0x28, 0x04, 0x10, 0x28, 0x04, 0x10, 0x28, 0x03, 0x0f,
    0x27, 0x03, 0x0f, 0x29, 0x03, 0x0f, 0x29, 0x03, 0x0f, 0x29, 0x03, 0x0f, 0x29, 0x03, 0x0f, 0x29,
    0x03, 0x0f, 0x29, 0x03, 0x0f, 0x29, 0x03, 0x0f, 0x29, 0x03, 0x0f, 0x29, 0x04, 0x0f, 0x29, 0x03,
    0x0f, 0x28, 0x03, 0x0f, 0x28, 0x03, 0x0f, 0x28, 0x03, 0x0f, 0x28, 0x03, 0x0f, 0x28, 0x03, 0x0f,
    0x28, 0x02, 0x0f, 0x28, 0x02, 0x0f, 0x28, 0x02, 0x0f, 0x28, 0x03, 0x0f, 0x27, 0x03, 0x0f, 0x27,
    0x03, 0x0f, 0x28, 0x02, 0x0f, 0x28, 0x03, 0x0f, 0x29, 0x03, 0x0f, 0x29, 0x03, 0x0f, 0x29, 0x01,
    0x0f, 0x29, 0x02, 0x0f, 0x29, 0x03, 0x0f, 0x29, 0x04, 0x10, 0x2a, 0x03, 0x10, 0x2a, 0x03, 0x0f,
    0x29, 0x02, 0x0f, 0x29, 0x02, 0x0f, 0x29, 0x02, 0x0f, 0x29, 0x03, 0x0f, 0x28, 0x03, 0x0f, 0x29,
    0x03, 0x0f, 0x29, 0x02, 0x10, 0x2a, 0x03, 0x10, 0x29, 0x03, 0x0f, 0x29, 0x03, 0x0f, 0x29, 0x03,
    0x0f, 0x29, 0x04, 0x0f, 0x29, 0x03, 0x0f, 0x29, 0x03, 0x0f, 0x29, 0x03, 0x0f, 0x29, 0x03, 0x0f,
    0x29, 0x03, 0x0f, 0x29, 0x03, 0x0f, 0x29, 0x03, 0x0f, 0x29, 0x03, 0x10, 0x29, 0x03, 0x0f, 0x28,
    0x03, 0x0f, 0x29, 0x03, 0x0f, 0x29, 0x01, 0x0f, 0x29, 0x02, 0x0f, 0x28, 0x03, 0x0f, 0x27, 0x03,
    0x0f, 0x27, 0x02, 0x10, 0x28, 0x03, 0x10, 0x29, 0x04, 0x10, 0x29, 0x04, 0x10, 0x2a, 0x04, 0x10,
    0x2a, 0x03, 0x0f, 0x29, 0x03, 0x0f, 0x29, 0x03, 0x0f, 0x29, 0x03, 0x0f, 0x29, 0x03, 0x0f, 0x29,
    0x03, 0x0f, 0x29, 0x03, 0x0f, 0x29, 0x03, 0x0f, 0x27, 0x03, 0x0f, 0x27, 0x03, 0x0f, 0x27, 0x03,
    0x0f, 0x27, 0x03, 0x0f, 0x27, 0x03, 0x0f, 0x27, 0x03, 0x0f, 0x28, 0x03, 0x0f, 0x28, 0x04, 0x0f,
    0x29, 0x04, 0x10, 0x28, 0x03, 0x0f, 0x27, 0x03, 0x0f, 0x28, 0x03, 0x0f, 0x29, 0x03, 0x0f, 0x29,
    0x03, 0x0f, 0x29, 0x03, 0x0f, 0x28, 0x03, 0x0f, 0x28, 0x04, 0x10, 0x28, 0x03, 0x0f, 0x28, 0x03,
    0x0f, 0x28, 0x03, 0x0f, 0x28, 0x04, 0x10, 0x28, 0x03, 0x0f, 0x28, 0x03, 0x0f, 0x27, 0x03, 0x0f,
    0x28, 0x03, 0x10, 0x28, 0x03, 0x10, 0x28, 0x04, 0x10, 0x28, 0x04, 0x10, 0x29, 0x04, 0x10, 0x29,
    0x04, 0x10, 0x28, 0x03, 0x0f, 0x27, 0x03, 0x0f, 0x27, 0x04, 0x10, 0x29, 0x04, 0x10, 0x28, 0x04,
    0x0f, 0x27, 0x04, 0x10, 0x28, 0x03, 0x0f, 0x27, 0x03, 0x0f, 0x27, 0x03, 0x0f, 0x27, 0x03, 0x0f,
    0x27, 0x03, 0x0f, 0x27, 0x03, 0x0f, 0x27, 0x03, 0x0f, 0x27, 0x03, 0x0f, 0x27, 0x03, 0x0f, 0x27,
    0x03, 0x0f, 0x27, 0x03, 0x0f, 0x27, 0x03, 0x0f, 0x27, 0x03, 0x0f, 0x27, 0x03, 0x0f, 0x27, 0x03,
    0x0f, 0x27, 0x03, 0x0f, 0x27, 0x03, 0x0f, 0x27, 0x03, 0x0f, 0x27, 0x03, 0x0f, 0x27, 0x03, 0x0f,
    0x27, 0x03, 0x0f, 0x28, 0x03, 0x0f, 0x29, 0x03, 0x0f, 0x27, 0x03, 0x0f, 0x27, 0x03, 0x0f, 0x27,
    0x04, 0x10, 0x28, 0x03, 0x0f, 0x29, 0x03, 0x0f, 0x27, 0x03, 0x0f, 0x27, 0x03, 0x0f, 0x27, 0x03,
    0x0f, 0x27, 0x03, 0x0f, 0x27, 0x03, 0x0f, 0x27, 0x03, 0x0f, 0x27, 0x03, 0x0f, 0x28, 0x03, 0x0f,
    0x27, 0x03, 0x0f, 0x27, 0x02, 0x0e, 0x26, 0x02, 0x0e, 0x26, 0x02, 0x0e, 0x26, 0x02, 0x0e, 0x26,
    0x03, 0x0f, 0x27, 0x03, 0x0f, 0x28, 0x03, 0x0f, 0x29, 0x03, 0x0f, 0x29, 0x03, 0x0f, 0x29, 0x03,
    0x0f, 0x28, 0x03, 0x0f, 0x27, 0x03, 0x0f, 0x27, 0x03, 0x0f, 0x27, 0x03, 0x0f, 0x27, 0x03, 0x0f,
    0x27, 0x03, 0x0f, 0x27, 0x01, 0x0f, 0x29, 0x02, 0x10, 0x2a, 0x02, 0x0f, 0x2a, 0x02, 0x10, 0x29,
    0x02, 0x0e, 0x25, 0x25, 0x31, 0x47, 0x8d, 0xa8, 0xc1, 0x87, 0xb2, 0xd8, 0x7d, 0xaa, 0xd3, 0x7e,
    0xa8, 0xd1, 0x7b, 0xa6, 0xd1, 0x78, 0xa5, 0xcf, 0x77, 0xa3, 0xce, 0x75, 0xa1, 0xce, 0x72, 0x9f,
    0xcc, 0x6e, 0x9d, 0xc9, 0x6c, 0x9b, 0xc8, 0x6b, 0x99, 0xc7, 0x69, 0x97, 0xc5, 0x68, 0x96, 0xc4,
    0x66, 0x94, 0xc3, 0x64, 0x91, 0xc2, 0x61, 0x8f, 0xc0, 0x5f, 0x8d, 0xbe, 0x5d, 0x8b, 0xbd, 0x5c,
    0x8a, 0xbb, 0x5a, 0x88, 0xba, 0x58, 0x87, 0xb9, 0x57, 0x85, 0xb8, 0x55, 0x83, 0xb6, 0x54, 0x82,
    0xb5, 0x53, 0x81, 0xb5, 0x52, 0x80, 0xb4, 0x51, 0x7f, 0xb3, 0x50, 0x7e, 0xb2, 0x4e, 0x7c, 0xb0,
    0x4d, 0x7b, 0xaf, 0x4b, 0x79, 0xad, 0x4a, 0x77, 0xab, 0x49, 0x75, 0xaa, 0x48, 0x73, 0xa8, 0x47,
    0x72, 0xa7, 0x45, 0x70, 0xa5, 0x43, 0x6e, 0xa3, 0x41, 0x6c, 0xa1, 0x3f, 0x6a, 0xa0, 0x3f, 0x69,
    0x9f, 0x3e, 0x68, 0x9d, 0x3d, 0x66, 0x9c, 0x3c, 0x65, 0x9b, 0x3b, 0x64, 0x9a, 0x3a, 0x63, 0x99,
    0x39, 0x62, 0x98, 0x38, 0x60, 0x96, 0x36, 0x5f, 0x95, 0x35, 0x5d, 0x94, 0x34, 0x5c, 0x92, 0x34,
    0x5b, 0x92, 0x33, 0x5a, 0x91, 0x33, 0x5a, 0x91, 0x32, 0x5a, 0x91, 0x32, 0x59, 0x90, 0x32, 0x58,
    0x90, 0x31, 0x58, 0x8f, 0x31, 0x58, 0x8d, 0x30, 0x58, 0x8c, 0x2f, 0x57, 0x8c, 0x30, 0x57, 0x8c,
    0x30, 0x58, 0x8c, 0x31, 0x58, 0x8c, 0x31, 0x59, 0x8d, 0x32, 0x59, 0x8d, 0x32, 0x59, 0x8d, 0x35,
    0x5c, 0x92, 0x3e, 0x60, 0x8b, 0x14, 0x25, 0x41, 0x01, 0x0e, 0x28, 0x01, 0x0f, 0x29, 0x01, 0x0f,
    0x29, 0x01, 0x0f, 0x29, 0x01, 0x0f, 0x29, 0x01, 0x0f, 0x29, 0x01, 0x0f, 0x29, 0x01, 0x10, 0x2a,
    0x02, 0x10, 0x2a, 0x03, 0x0f, 0x29, 0x03, 0x10, 0x2a, 0x03, 0x10, 0x2a, 0x03, 0x10, 0x2a, 0x04,
    0x10, 0x2a, 0x04, 0x10, 0x2a, 0x03, 0x0f, 0x29, 0x03, 0x0f, 0x29, 0x03, 0x0f, 0x29, 0x03, 0x0f,
    0x29, 0x03, 0x0f, 0x29, 0x03, 0x0f, 0x29, 0x03, 0x10, 0x28, 0x03, 0x0f, 0x27, 0x03, 0x0f, 0x29,
    0x03, 0x0f, 0x29, 0x03, 0x0f, 0x29, 0x03, 0x0f, 0x29, 0x03, 0x0f, 0x29, 0x03, 0x0f, 0x29, 0x03,
    0x0f, 0x29, 0x03, 0x0f, 0x29, 0x03, 0x0f, 0x29, 0x03, 0x0f, 0x29, 0x03, 0x0f, 0x29, 0x03, 0x0f,
    0x29, 0x03, 0x0f, 0x29, 0x03, 0x0f, 0x29, 0x03, 0x0f, 0x29, 0x02, 0x0f, 0x29, 0x01, 0x0f, 0x29,
    0x01, 0x0f, 0x29, 0x02, 0x10, 0x29, 0x03, 0x10, 0x28, 0x03, 0x0f, 0x27, 0x03, 0x0f, 0x27, 0x03,
    0x0f, 0x28, 0x03, 0x0f, 0x29, 0x03, 0x0f, 0x29, 0x03, 0x0f, 0x29, 0x02, 0x0f, 0x29, 0x02, 0x0f,
    0x29, 0x03, 0x0f, 0x29, 0x03, 0x0f, 0x29, 0x03, 0x0f, 0x29, 0x03, 0x10, 0x2a, 0x03, 0x10, 0x2a,
    0x03, 0x10, 0x2a, 0x03, 0x10, 0x2a, 0x03, 0x0f, 0x28, 0x03, 0x0f, 0x29, 0x02, 0x0f, 0x2a, 0x01,
    0x10, 0x2a, 0x03, 0x0f, 0x28, 0x03, 0x0f, 0x27, 0x04, 0x10, 0x28, 0x04, 0x10, 0x28, 0x03, 0x0f,
    0x28, 0x03, 0x0f, 0x27, 0x03, 0x0f, 0x27, 0x03, 0x0f, 0x27, 0x03, 0x0f, 0x28, 0x03, 0x0f, 0x29,
    0x03, 0x0f, 0x29, 0x03, 0x0f, 0x29, 0x03, 0x0f, 0x28, 0x03, 0x0f, 0x28, 0x03, 0x0f, 0x29, 0x02,
    0x0f, 0x29, 0x01, 0x0f, 0x29, 0x02, 0x0f, 0x28, 0x03, 0x0f, 0x28, 0x03, 0x0f, 0x29, 0x02, 0x0f,
    0x29, 0x03, 0x0f, 0x29, 0x03, 0x10, 0x2a, 0x03, 0x0f, 0x29, 0x03, 0x10, 0x2a, 0x04, 0x10, 0x2a,
    0x04, 0x10, 0x2a, 0x04, 0x10, 0x2a, 0x03, 0x0f, 0x29, 0x03, 0x0f, 0x29, 0x03, 0x0f, 0x29, 0x03,
    0x0f, 0x29, 0x03, 0x0f, 0x27, 0x03, 0x0f, 0x27, 0x03, 0x0f, 0x27, 0x03, 0x0f, 0x27, 0x03, 0x0f,
    0x27, 0x03, 0x0f, 0x28, 0x03, 0x0f, 0x29, 0x03, 0x0f, 0x29, 0x03, 0x0f, 0x2a, 0x03, 0x10, 0x29,
    0x03, 0x0f, 0x27, 0x03, 0x0f, 0x28, 0x03, 0x0f, 0x29, 0x03, 0x0f, 0x29, 0x03, 0x10, 0x28, 0x03,
    0x10, 0x29, 0x03, 0x0f, 0x29, 0x03, 0x10, 0x29, 0x04, 0x10, 0x29, 0x04, 0x10, 0x29, 0x04, 0x10,
    0x29, 0x03, 0x10, 0x29, 0x03, 0x10, 0x28, 0x04, 0x10, 0x28, 0x04, 0x10, 0x28, 0x04, 0x10, 0x28,
    0x03, 0x0f, 0x28, 0x04, 0x10, 0x28, 0x04, 0x10, 0x29, 0x04, 0x10, 0x29, 0x04, 0x10, 0x28, 0x04,
    0x10, 0x28, 0x03, 0x0f, 0x28, 0x04, 0x10, 0x29, 0x03, 0x10, 0x28, 0x03, 0x10, 0x28, 0x04, 0x10,
    0x28, 0x04, 0x10, 0x28, 0x03, 0x0f, 0x28, 0x03, 0x0f, 0x27, 0x03, 0x0f, 0x27, 0x03, 0x0f, 0x27,
    0x03, 0x0f, 0x27, 0x03, 0x0f, 0x27, 0x03, 0x0f, 0x27, 0x03, 0x0f, 0x27, 0x03, 0x0f, 0x27, 0x03,
    0x0f, 0x27, 0x03, 0x0f, 0x27, 0x03, 0x0f, 0x27, 0x03, 0x0f, 0x27, 0x03, 0x0f, 0x27, 0x03, 0x0f,
    0x27, 0x03, 0x0f, 0x27, 0x03, 0x0f, 0x27, 0x03, 0x0f, 0x27, 0x03, 0x0f, 0x27, 0x03, 0x0f, 0x27,
    0x03, 0x0f, 0x28, 0x03, 0x0f, 0x27, 0x03, 0x0f, 0x27, 0x03, 0x0f, 0x27, 0x04, 0x10, 0x28, 0x03,
    0x0f, 0x29, 0x03, 0x0f, 0x28, 0x03, 0x0f, 0x27, 0x03, 0x0f, 0x27, 0x03, 0x0f, 0x27, 0x02, 0x0e,
    0x27, 0x03, 0x0f, 0x27, 0x03, 0x0f, 0x27, 0x03, 0x0f, 0x28, 0x03, 0x0f, 0x27, 0x02, 0x0e, 0x26,
    0x02, 0x0e, 0x26, 0x02, 0x0e, 0x26, 0x03, 0x0f, 0x27, 0x03, 0x0f, 0x27, 0x03, 0x0f, 0x27, 0x03,
    0x0f, 0x28, 0x03, 0x0f, 0x29, 0x03, 0x0f, 0x29, 0x03, 0x0f, 0x29, 0x03, 0x0f, 0x28, 0x03, 0x0f,
    0x27, 0x03, 0x0f, 0x27, 0x03, 0x0f, 0x27, 0x03, 0x0f, 0x27, 0x03, 0x0f, 0x27, 0x03, 0x0f, 0x27,
    0x01, 0x0f, 0x29, 0x01, 0x10, 0x2a, 0x02, 0x10, 0x28, 0x02, 0x0f, 0x29, 0x11, 0x1c, 0x32, 0x7e,
    0x94, 0xa9, 0x8d, 0xb4, 0xd8, 0x7e, 0xa9, 0xd2, 0x7d, 0xa7, 0xd1, 0x79, 0xa6, 0xcf, 0x78, 0xa3,
    0xce, 0x76, 0xa2, 0xcd, 0x73, 0xa0, 0xcc, 0x71, 0x9e, 0xcb, 0x6e, 0x9c, 0xc8, 0x6b, 0x9a, 0xc6,
    0x6a, 0x97, 0xc5, 0x69, 0x95, 0xc4, 0x67, 0x93, 0xc3, 0x65, 0x92, 0xc1, 0x63, 0x90, 0xc0, 0x61,
    0x8e, 0xbf, 0x5f, 0x8c, 0xbd, 0x5c, 0x8a, 0xbc, 0x59, 0x88, 0xb9, 0x58, 0x86, 0xb8, 0x57, 0x84,
    0xb7, 0x56, 0x83, 0xb7, 0x54, 0x81, 0xb5, 0x53, 0x7f, 0xb4, 0x52, 0x7e, 0xb3, 0x51, 0x7d, 0xb2,
    0x50, 0x7c, 0xb0, 0x4f, 0x7b, 0xaf, 0x4d, 0x79, 0xae, 0x4c, 0x78, 0xac, 0x4b, 0x76, 0xab, 0x49,
    0x75, 0xaa, 0x48, 0x73, 0xa8, 0x46, 0x71, 0xa6, 0x45, 0x70, 0xa5, 0x43, 0x6e, 0xa3, 0x42, 0x6d,
    0xa1, 0x40, 0x6a, 0xa0, 0x3e, 0x68, 0xa0, 0x3d, 0x67, 0x9e, 0x3d, 0x66, 0x9d, 0x3c, 0x65, 0x9c,
    0x3a, 0x63, 0x99, 0x39, 0x62, 0x98, 0x38, 0x61, 0x97, 0x37, 0x60, 0x96, 0x37, 0x5e, 0x95, 0x35,
    0x5d, 0x93, 0x34, 0x5b, 0x92, 0x33, 0x5a, 0x91, 0x32, 0x59, 0x90, 0x31, 0x58, 0x8f, 0x31, 0x58,
    0x8f, 0x30, 0x58, 0x8e, 0x2f, 0x58, 0x8e, 0x2f, 0x57, 0x8d, 0x2f, 0x56, 0x8d, 0x2f, 0x56, 0x8d,
    0x2f, 0x56, 0x8d, 0x2e, 0x55, 0x8c, 0x2d, 0x54, 0x8b, 0x2d, 0x55, 0x8b, 0x2f, 0x55, 0x8a, 0x30,
    0x55, 0x8a, 0x30, 0x56, 0x8a, 0x31, 0x56, 0x8a, 0x30, 0x57, 0x8b, 0x31, 0x57, 0x8b, 0x37, 0x5d,
    0x92, 0x39, 0x57, 0x7f, 0x08, 0x17, 0x32, 0x01, 0x0f, 0x28, 0x01, 0x0f, 0x29, 0x01, 0x10, 0x2a,
    0x01, 0x0f, 0x29, 0x01, 0x0f, 0x29, 0x01, 0x0f, 0x29, 0x01, 0x0f, 0x29, 0x02, 0x0f, 0x29, 0x02,
    0x0f, 0x29, 0x02, 0x0f, 0x29, 0x02, 0x0f, 0x29, 0x02, 0x0f, 0x29, 0x03, 0x0f, 0x29, 0x03, 0x0f,
    0x29, 0x04, 0x0f, 0x29, 0x03, 0x0f, 0x29, 0x02, 0x0f, 0x29, 0x01, 0x0f, 0x29, 0x02, 0x0f, 0x29,
    0x01, 0x0f, 0x29, 0x03, 0x0f, 0x28, 0x03, 0x0f, 0x28, 0x03, 0x0f, 0x28, 0x03, 0x0f, 0x29, 0x03,
    0x0f, 0x29, 0x03, 0x0f, 0x29, 0x03, 0x0f, 0x29, 0x03, 0x0f, 0x29, 0x04, 0x10, 0x28, 0x03, 0x0f,
    0x28, 0x02, 0x0f, 0x29, 0x02, 0x0f, 0x29, 0x03, 0x10, 0x2a, 0x03, 0x0f, 0x29, 0x03, 0x0f, 0x29,
    0x03, 0x0f, 0x29, 0x03, 0x0f, 0x29, 0x02, 0x0e, 0x28, 0x03, 0x0f, 0x29, 0x02, 0x0f, 0x29, 0x02,
    0x10, 0x29, 0x02, 0x10, 0x28, 0x03, 0x0f, 0x28, 0x03, 0x0f, 0x27, 0x03, 0x0f, 0x27, 0x03, 0x0f,
    0x29, 0x04, 0x10, 0x29, 0x03, 0x10, 0x29, 0x02, 0x0f, 0x29, 0x03, 0x0f, 0x29, 0x03, 0x0f, 0x29,
    0x03, 0x0f, 0x29, 0x03, 0x0f, 0x29, 0x03, 0x0f, 0x29, 0x04, 0x10, 0x2a, 0x03, 0x0f, 0x29, 0x04,
    0x10, 0x2a, 0x04, 0x10, 0x29, 0x02, 0x10, 0x29, 0x02, 0x10, 0x2a, 0x02, 0x0f, 0x29, 0x03, 0x0f,
    0x28, 0x03, 0x0f, 0x27, 0x03, 0x0f, 0x27, 0x03, 0x10, 0x27, 0x03, 0x0f, 0x27, 0x03, 0x0f, 0x27,
    0x03, 0x0f, 0x27, 0x03, 0x0f, 0x27, 0x02, 0x10, 0x27, 0x02, 0x10, 0x27, 0x03, 0x0f, 0x28, 0x03,
    0x0f, 0x27, 0x03, 0x0f, 0x27, 0x03, 0x0f, 0x28, 0x03, 0x0f, 0x29, 0x03, 0x0f, 0x29, 0x02, 0x0f,
    0x29, 0x03, 0x10, 0x28, 0x03, 0x0f, 0x29, 0x03, 0x0f, 0x29, 0x02, 0x0f, 0x29, 0x01, 0x0f, 0x29,
    0x02, 0x0f, 0x29, 0x02, 0x0f, 0x29, 0x02, 0x10, 0x2a, 0x03, 0x10, 0x2a, 0x04, 0x10, 0x29, 0x04,
    0x10, 0x29, 0x04, 0x10, 0x29, 0x04, 0x10, 0x2a, 0x03, 0x0f, 0x29, 0x04, 0x10, 0x29, 0x03, 0x0f,
    0x28, 0x03, 0x0f, 0x28, 0x03, 0x0f, 0x29, 0x03, 0x0f, 0x28, 0x03, 0x0f, 0x28, 0x02, 0x0f, 0x29,
    0x02, 0x0f, 0x29, 0x02, 0x0f, 0x29, 0x02, 0x10, 0x29, 0x02, 0x10, 0x28, 0x02, 0x0f, 0x28, 0x01,
    0x0f, 0x29, 0x01, 0x0f, 0x29, 0x02, 0x10, 0x28, 0x02, 0x10, 0x28, 0x02, 0x10, 0x2a, 0x02, 0x0f,
    0x29, 0x03, 0x10, 0x2a, 0x04, 0x10, 0x2a, 0x04, 0x10, 0x2a, 0x04, 0x10, 0x2a, 0x03, 0x10, 0x29,
    0x02, 0x10, 0x28, 0x03, 0x0f, 0x27, 0x03, 0x0f, 0x27, 0x03, 0x0f, 0x27, 0x03, 0x0f, 0x28, 0x03,
    0x0f, 0x29, 0x04, 0x10, 0x28, 0x04, 0x10, 0x28, 0x04, 0x10, 0x28, 0x04, 0x10, 0x28, 0x04, 0x10,
    0x28, 0x03, 0x10, 0x29, 0x02, 0x0f, 0x29, 0x02, 0x0f, 0x29, 0x02, 0x10, 0x29, 0x02, 0x10, 0x29,
    0x03, 0x0f, 0x29, 0x03, 0x0f, 0x29, 0x03, 0x0f, 0x29, 0x04, 0x10, 0x29, 0x04, 0x10, 0x28, 0x04,
    0x10, 0x28, 0x03, 0x0f, 0x27, 0x03, 0x0f, 0x27, 0x03, 0x0f, 0x27, 0x03, 0x0f, 0x27, 0x03, 0x0f,
    0x27, 0x03, 0x0f, 0x27, 0x03, 0x0f, 0x27, 0x03, 0x0f, 0x27, 0x03, 0x0f, 0x27, 0x03, 0x0f, 0x27,
    0x03, 0x0f, 0x27, 0x03, 0x0f, 0x27, 0x03, 0x0f, 0x27, 0x03, 0x0f, 0x27, 0x03, 0x0f, 0x29, 0x03,
    0x0f, 0x27, 0x03, 0x0f, 0x28, 0x03, 0x0f, 0x28, 0x03, 0x0f, 0x28, 0x03, 0x0f, 0x29, 0x03, 0x0f,
    0x27, 0x03, 0x0f, 0x27, 0x03, 0x0f, 0x27, 0x03, 0x0f, 0x28, 0x02, 0x0e, 0x28, 0x02, 0x0e, 0x28,
    0x03, 0x0f, 0x28, 0x03, 0x0f, 0x28, 0x02, 0x0e, 0x27, 0x02, 0x0e, 0x26, 0x03, 0x0f, 0x27, 0x03,
    0x0f, 0x27, 0x03, 0x0f, 0x27, 0x03, 0x0f, 0x27, 0x03, 0x0f, 0x27, 0x03, 0x0f, 0x27, 0x03, 0x0f,
    0x27, 0x03, 0x0f, 0x27, 0x03, 0x0f, 0x27, 0x03, 0x0f, 0x27, 0x03, 0x0f, 0x27, 0x03, 0x0f, 0x27,
    0x03, 0x0f, 0x27, 0x03, 0x0f, 0x27, 0x03, 0x0f, 0x27, 0x02, 0x0e, 0x26, 0x01, 0x0f, 0x29, 0x02,
    0x0f, 0x2a, 0x01, 0x11, 0x28, 0x02, 0x0e, 0x27, 0x53, 0x63, 0x76, 0x94, 0xb9, 0xd8, 0x80, 0xaa,
    0xd2, 0x7d, 0xa8, 0xd1, 0x7a, 0xa5, 0xcf, 0x77, 0xa3, 0xce, 0x75, 0xa1, 0xcc, 0x72, 0x9e, 0xca,
    0x6f, 0x9b, 0xca, 0x6e, 0x9a, 0xc7, 0x6b, 0x99, 0xc5, 0x6a, 0x96, 0xc4, 0x68, 0x94, 0xc3, 0x66,
    0x92, 0xc1, 0x65, 0x90, 0xc1, 0x63, 0x8f, 0xc0, 0x61, 0x8d, 0xbe, 0x5e, 0x8b, 0xbc, 0x5b, 0x89,
    0xba, 0x59, 0x87, 0xb8, 0x57, 0x85, 0xb7, 0x57, 0x83, 0xb5, 0x56, 0x81, 0xb5, 0x54, 0x80, 0xb3,
    0x52, 0x7e, 0xb2, 0x51, 0x7d, 0xb1, 0x4f, 0x7b, 0xb0, 0x4f, 0x7a, 0xaf, 0x4e, 0x79, 0xad, 0x4d,
    0x77, 0xac, 0x4b, 0x76, 0xab, 0x4a, 0x75, 0xaa, 0x49, 0x74, 0xa8, 0x47, 0x72, 0xa6, 0x46, 0x70,
    0xa5, 0x43, 0x6e, 0xa2, 0x41, 0x6d, 0xa2, 0x41, 0x6a, 0xa1, 0x40, 0x69, 0x9e, 0x3e, 0x67, 0x9f,
    0x3c, 0x65, 0x9d, 0x3a, 0x63, 0x9b, 0x39, 0x62, 0x9a, 0x38, 0x61, 0x99, 0x37, 0x60, 0x96, 0x36,
    0x5f, 0x95, 0x36, 0x5e, 0x94, 0x35, 0x5c, 0x93, 0x34, 0x5b, 0x92, 0x32, 0x59, 0x90, 0x31, 0x58,
    0x8f, 0x30, 0x57, 0x8e, 0x2f, 0x56, 0x8d, 0x2f, 0x56, 0x8d, 0x2f, 0x56, 0x8d, 0x2e, 0x55, 0x8c,
    0x2e, 0x55, 0x8c, 0x2d, 0x54, 0x8b, 0x2d, 0x54, 0x8b, 0x2c, 0x53, 0x8a, 0x2c, 0x53, 0x8a, 0x2c,
    0x53, 0x8a, 0x2c, 0x53, 0x8a, 0x2c, 0x53, 0x8a, 0x2c, 0x53, 0x89, 0x2c, 0x54, 0x88, 0x2d, 0x55,
    0x89, 0x2d, 0x55, 0x89, 0x2d, 0x55, 0x89, 0x2f, 0x56, 0x89, 0x2f, 0x57, 0x8c, 0x3b, 0x61, 0x92,
    0x27, 0x3c, 0x5d, 0x02, 0x0f, 0x27, 0x02, 0x10, 0x29, 0x02, 0x10, 0x29, 0x02, 0x10, 0x2a, 0x01,
    0x10, 0x2a, 0x01, 0x0f, 0x29, 0x01, 0x0f, 0x29, 0x02, 0x10, 0x2a, 0x02, 0x10, 0x2a, 0x03, 0x10,
    0x2a, 0x03, 0x0f, 0x29, 0x03, 0x0f, 0x29, 0x03, 0x0f, 0x29, 0x03, 0x10, 0x2a, 0x03, 0x10, 0x2a,
    0x03, 0x0f, 0x29, 0x02, 0x0f, 0x29, 0x01, 0x0f, 0x29, 0x01, 0x0f, 0x29, 0x02, 0x10, 0x2a, 0x03,
    0x0f, 0x29, 0x03, 0x0f, 0x29, 0x03, 0x0f, 0x29, 0x03, 0x0f, 0x29, 0x03, 0x0f, 0x28, 0x03, 0x0f,
    0x27, 0x03, 0x0f, 0x27, 0x03, 0x0f, 0x27, 0x03, 0x0f, 0x28, 0x02, 0x0f, 0x29, 0x01, 0x0f, 0x29,
    0x02, 0x0f, 0x29, 0x03, 0x0f, 0x29, 0x04, 0x10, 0x2a, 0x03, 0x0f, 0x29, 0x03, 0x0f, 0x29, 0x03,
    0x0f, 0x29, 0x03, 0x0f, 0x29, 0x03, 0x0f, 0x28, 0x04, 0x10, 0x29, 0x03, 0x0f, 0x29, 0x02, 0x10,
    0x2a, 0x03, 0x0f, 0x29, 0x03, 0x0f, 0x28, 0x03, 0x0f, 0x27, 0x03, 0x0f, 0x27, 0x03, 0x0f, 0x27,
    0x03, 0x0f, 0x27, 0x03, 0x0f, 0x28, 0x03, 0x0f, 0x28, 0x03, 0x0f, 0x28, 0x03, 0x0f, 0x28, 0x03,
    0x0f, 0x28, 0x03, 0x0f, 0x29, 0x03, 0x0f, 0x29, 0x03, 0x0f, 0x29, 0x03, 0x0f, 0x29, 0x03, 0x0f,
    0x29, 0x03, 0x0f, 0x29, 0x03, 0x0f, 0x29, 0x03, 0x0f, 0x29, 0x03, 0x0f, 0x28, 0x03, 0x0f, 0x27,
    0x03, 0x0f, 0x27, 0x03, 0x10, 0x27, 0x03, 0x10, 0x28, 0x03, 0x0f, 0x29, 0x03, 0x0f, 0x29, 0x03,
    0x0f, 0x29, 0x03, 0x0f, 0x28, 0x03, 0x0f, 0x27, 0x03, 0x0f, 0x28, 0x02, 0x0f, 0x28, 0x01, 0x0f,
    0x29, 0x02, 0x0f, 0x29, 0x03, 0x0f, 0x29, 0x03, 0x0f, 0x28, 0x03, 0x0f, 0x27, 0x03, 0x10, 0x27,
    0x02, 0x10, 0x28, 0x02, 0x0f, 0x29, 0x01, 0x0f, 0x29, 0x02, 0x0f, 0x29, 0x03, 0x0f, 0x29, 0x03,
    0x10, 0x2a, 0x03, 0x10, 0x29, 0x03, 0x10, 0x28, 0x03, 0x0f, 0x28, 0x04, 0x10, 0x28, 0x04, 0x10,
    0x28, 0x03, 0x0f, 0x29, 0x03, 0x0f, 0x29, 0x03, 0x0f, 0x29, 0x03, 0x0f, 0x29, 0x03, 0x0f, 0x28,
    0x03, 0x0f, 0x27, 0x03, 0x0f, 0x27, 0x03, 0x0f, 0x27, 0x03, 0x0f, 0x28, 0x03, 0x0f, 0x28, 0x03,
    0x0f, 0x28, 0x03, 0x0f, 0x28, 0x03, 0x0f, 0x27, 0x03, 0x0f, 0x27, 0x03, 0x0f, 0x27, 0x03, 0x0f,
    0x27, 0x03, 0x0f, 0x28, 0x03, 0x0f, 0x29, 0x03, 0x10, 0x2a, 0x03, 0x10, 0x2a, 0x03, 0x10, 0x2a,
    0x04, 0x10, 0x2a, 0x03, 0x0f, 0x29, 0x04, 0x0f, 0x29, 0x03, 0x10, 0x29, 0x03, 0x10, 0x28, 0x03,
    0x0f, 0x27, 0x03, 0x0e, 0x27, 0x03, 0x0f, 0x27, 0x03, 0x0f, 0x27, 0x03, 0x0f, 0x28, 0x03, 0x0f,
    0x29, 0x03, 0x0f, 0x29, 0x02, 0x10, 0x29, 0x02, 0x0f, 0x29, 0x03, 0x0f, 0x28, 0x03, 0x0f, 0x28,
    0x03, 0x0f, 0x29, 0x03, 0x0f, 0x29, 0x03, 0x0f, 0x29, 0x03, 0x0f, 0x29, 0x03, 0x0f, 0x28, 0x03,
    0x0f, 0x29, 0x03, 0x10, 0x2a, 0x04, 0x10, 0x29, 0x04, 0x10, 0x28, 0x03, 0x0f, 0x27, 0x03, 0x0f,
    0x27, 0x03, 0x0f, 0x27, 0x03, 0x0f, 0x27, 0x03, 0x0f, 0x27, 0x03, 0x0f, 0x27, 0x03, 0x0f, 0x27,
    0x03, 0x0f, 0x27, 0x03, 0x0f, 0x27, 0x03, 0x0f, 0x27, 0x03, 0x0f, 0x27, 0x03, 0x0f, 0x27, 0x03,
    0x0f, 0x27, 0x03, 0x0f, 0x28, 0x03, 0x0f, 0x29, 0x02, 0x0f, 0x29, 0x03, 0x0f, 0x27, 0x03, 0x0f,
    0x27, 0x03, 0x0f, 0x27, 0x03, 0x0f, 0x27, 0x03, 0x0f, 0x27, 0x03, 0x0f, 0x27, 0x03, 0x0f, 0x27,
    0x03, 0x0f, 0x27, 0x03, 0x0f, 0x27, 0x02, 0x0e, 0x27, 0x02, 0x0e, 0x26, 0x02, 0x0e, 0x27, 0x03,
    0x0f, 0x27, 0x03, 0x0f, 0x27, 0x03, 0x0f, 0x27, 0x03, 0x0f, 0x27, 0x03, 0x0f, 0x27, 0x03, 0x0f,
    0x27, 0x03, 0x0f, 0x27, 0x03, 0x0f, 0x27, 0x03, 0x0f, 0x27, 0x03, 0x0f, 0x27, 0x03, 0x0f, 0x27,
    0x02, 0x0e, 0x26, 0x03, 0x0f, 0x27, 0x03, 0x0f, 0x27, 0x03, 0x0f, 0x27, 0x03, 0x0f, 0x27, 0x03,
    0x0f, 0x27, 0x03, 0x0f, 0x27, 0x02, 0x0e, 0x26, 0x02, 0x10, 0x2a, 0x02, 0x10, 0x2a, 0x02, 0x0f,
    0x29, 0x17, 0x24, 0x39, 0x86, 0xa2, 0xbb, 0x85, 0xad, 0xd4, 0x7e, 0xa8, 0xd2, 0x7b, 0xa6, 0xd0,
    0x78, 0xa2, 0xcd, 0x74, 0xa0, 0xcb, 0x71, 0x9e, 0xca, 0x6e, 0x9b, 0xc7, 0x6b, 0x98, 0xc3, 0x68,
    0x94, 0xc1, 0x67, 0x92, 0xc3, 0x65, 0x91, 0xc0, 0x63, 0x8f, 0xbf, 0x61, 0x8e, 0xbd, 0x5e, 0x8b,
    0xbb, 0x5b, 0x89, 0xb9, 0x5a, 0x87, 0xb8, 0x58, 0x86, 0xb7, 0x57, 0x84, 0xb5, 0x56, 0x82, 0xb3,
    0x54, 0x80, 0xb2, 0x53, 0x7e, 0xb1, 0x51, 0x7c, 0xb0, 0x4f, 0x7a, 0xae, 0x4d, 0x79, 0xad, 0x4c,
    0x78, 0xac, 0x4a, 0x77, 0xab, 0x49, 0x75, 0xa9, 0x48, 0x74, 0xa7, 0x47, 0x73, 0xa7, 0x46, 0x71,
    0xa6, 0x44, 0x70, 0xa4, 0x43, 0x6e, 0xa2, 0x42, 0x6d, 0xa2, 0x40, 0x6b, 0xa1, 0x3f, 0x69, 0x9f,
    0x40, 0x69, 0xa0, 0x3f, 0x69, 0x9f, 0x3d, 0x66, 0x9c, 0x3c, 0x64, 0x9c, 0x39, 0x62, 0x9a, 0x38,
    0x61, 0x99, 0x37, 0x5f, 0x97, 0x36, 0x5e, 0x96, 0x34, 0x5d, 0x94, 0x34, 0x5c, 0x92, 0x33, 0x5a,
    0x91, 0x32, 0x59, 0x90, 0x31, 0x58, 0x8f, 0x30, 0x57, 0x8e, 0x2f, 0x56, 0x8d, 0x2e, 0x55, 0x8c,
    0x2d, 0x54, 0x8b, 0x2d, 0x54, 0x8b, 0x2c, 0x53, 0x8a, 0x2c, 0x53, 0x8a, 0x2b, 0x52, 0x89, 0x2b,
    0x52, 0x88, 0x2a, 0x51, 0x88, 0x2a, 0x51, 0x88, 0x2a, 0x51, 0x88, 0x29, 0x50, 0x88, 0x29, 0x50,
    0x87, 0x29, 0x50, 0x87, 0x2a, 0x51, 0x87, 0x2a, 0x52, 0x86, 0x2b, 0x53, 0x87, 0x2b, 0x53, 0x87,
    0x2b, 0x54, 0x88, 0x2d, 0x54, 0x88, 0x2e, 0x55, 0x8a, 0x2f, 0x58, 0x8d, 0x3a, 0x59, 0x84, 0x0b,
    0x19, 0x34, 0x01, 0x10, 0x29, 0x02, 0x10, 0x29, 0x02, 0x10, 0x29, 0x01, 0x10, 0x2a, 0x02, 0x10,
    0x2a, 0x01, 0x0f, 0x29, 0x02, 0x10, 0x2a, 0x02, 0x10, 0x2a, 0x04, 0x10, 0x2a, 0x03, 0x0f, 0x29,
    0x03, 0x0f, 0x29, 0x01, 0x0f, 0x29, 0x02, 0x0f, 0x29, 0x02, 0x10, 0x2a, 0x02, 0x0f, 0x29, 0x03,
    0x0f, 0x29, 0x02, 0x10, 0x2a, 0x02, 0x10, 0x2a, 0x03, 0x0f, 0x29, 0x03, 0x0f, 0x29, 0x03, 0x0f,
    0x29, 0x03, 0x0f, 0x29, 0x03, 0x0f, 0x29, 0x03, 0x0f, 0x29, 0x03, 0x0f, 0x28, 0x03, 0x0f, 0x29,
    0x03, 0x0f, 0x28, 0x03, 0x0f, 0x29, 0x02, 0x0f, 0x29, 0x02, 0x10, 0x2a, 0x03, 0x10, 0x2a, 0x04,
    0x10, 0x2a, 0x04, 0x10, 0x2a, 0x04, 0x10, 0x2a, 0x03, 0x0f, 0x29, 0x03, 0x0f, 0x29, 0x04, 0x10,
    0x29, 0x03, 0x0f, 0x28, 0x03, 0x0f, 0x28, 0x03, 0x0f, 0x29, 0x01, 0x0f, 0x29, 0x03, 0x0f, 0x28,
    0x03, 0x0f, 0x28, 0x03, 0x0f, 0x27, 0x03, 0x0f, 0x27, 0x03, 0x0f, 0x27, 0x03, 0x0f, 0x27, 0x03,
    0x0f, 0x27, 0x04, 0x10, 0x28, 0x03, 0x0f, 0x27, 0x03, 0x0f, 0x27, 0x03, 0x0f, 0x27, 0x03, 0x0f,
    0x29, 0x03, 0x0f, 0x29, 0x03, 0x0f, 0x29, 0x03, 0x0f, 0x29, 0x03, 0x0f, 0x29, 0x03, 0x0f, 0x29,
    0x03, 0x0f, 0x29, 0x03, 0x0f, 0x29, 0x03, 0x0f, 0x29, 0x03, 0x0f, 0x29, 0x03, 0x0f, 0x29, 0x01,
    0x0f, 0x29, 0x02, 0x0f, 0x29, 0x03, 0x0f, 0x29, 0x04, 0x10, 0x2a, 0x03, 0x0f, 0x29, 0x03, 0x0f,
    0x28, 0x02, 0x0f, 0x27, 0x01, 0x0f, 0x28, 0x01, 0x0e, 0x29, 0x01, 0x0f, 0x29, 0x02, 0x0f, 0x29,
    0x03, 0x0f, 0x29, 0x03, 0x0f, 0x28, 0x03, 0x0f, 0x27, 0x03, 0x0f, 0x28, 0x03, 0x10, 0x29, 0x02,
    0x10, 0x2a, 0x02, 0x10, 0x2a, 0x03, 0x10, 0x2a, 0x03, 0x0f, 0x29, 0x04, 0x0f, 0x29, 0x03, 0x0f,
    0x29, 0x03, 0x0f, 0x28, 0x03, 0x0f, 0x27, 0x03, 0x0f, 0x28, 0x03, 0x0f, 0x28, 0x03, 0x0f, 0x29,
    0x03, 0x0f, 0x29, 0x03, 0x0f, 0x29, 0x03, 0x0f, 0x29, 0x03, 0x0f, 0x28, 0x03, 0x0f, 0x28, 0x03,
    0x0f, 0x28, 0x03, 0x0f, 0x28, 0x03, 0x0f, 0x27, 0x03, 0x0f, 0x27, 0x03, 0x0f, 0x27, 0x03, 0x0f,
    0x27, 0x03, 0x0f, 0x27, 0x03, 0x0f, 0x27, 0x03, 0x0f, 0x27, 0x03, 0x0f, 0x27, 0x03, 0x0f, 0x28,
    0x03, 0x0f, 0x29, 0x03, 0x0f, 0x29, 0x03, 0x0f, 0x29, 0x03, 0x0f, 0x29, 0x03, 0x0f, 0x29, 0x03,
    0x0f, 0x27, 0x03, 0x0f, 0x28, 0x03, 0x0f, 0x29, 0x03, 0x0f, 0x29, 0x03, 0x0f, 0x28, 0x02, 0x0f,
    0x28, 0x02, 0x0f, 0x29, 0x03, 0x0f, 0x28, 0x03, 0x0f, 0x27, 0x03, 0x0f, 0x29, 0x03, 0x0f, 0x29,
    0x02, 0x0f, 0x29, 0x01, 0x0f, 0x29, 0x02, 0x10, 0x28, 0x02, 0x0f, 0x27, 0x03, 0x0f, 0x29, 0x03,
    0x0f, 0x29, 0x03, 0x0f, 0x29, 0x04, 0x10, 0x2a, 0x04, 0x10, 0x28, 0x03, 0x0f, 0x29, 0x02, 0x10,
    0x2a, 0x03, 0x10, 0x28, 0x04, 0x10, 0x28, 0x03, 0x0f, 0x27, 0x03, 0x0f, 0x27, 0x03, 0x0f, 0x27,
    0x03, 0x0f, 0x27, 0x03, 0x0f, 0x27, 0x03, 0x0f, 0x27, 0x02, 0x0e, 0x26, 0x03, 0x0f, 0x27, 0x03,
    0x0f, 0x27, 0x03, 0x0f, 0x27, 0x04, 0x10, 0x28, 0x03, 0x0f, 0x27, 0x03, 0x0f, 0x27, 0x03, 0x0f,
    0x28, 0x03, 0x0f, 0x29, 0x02, 0x0f, 0x29, 0x03, 0x0f, 0x27, 0x03, 0x0f, 0x27, 0x03, 0x0f, 0x27,
    0x03, 0x0f, 0x27, 0x03, 0x0f, 0x27, 0x03, 0x0f, 0x27, 0x03, 0x0f, 0x27, 0x02, 0x0e, 0x26, 0x03,
    0x0f, 0x27, 0x02, 0x0e, 0x26, 0x02, 0x0e, 0x26, 0x02, 0x0e, 0x26, 0x03, 0x0f, 0x27, 0x03, 0x0f,
    0x27, 0x03, 0x0f, 0x27, 0x03, 0x0f, 0x27, 0x03, 0x0f, 0x28, 0x03, 0x0f, 0x27, 0x03, 0x0f, 0x27,
    0x03, 0x0f, 0x28, 0x03, 0x0f, 0x28, 0x03, 0x0f, 0x26, 0x02, 0x0e, 0x26, 0x03, 0x0f, 0x27, 0x03,
    0x0f, 0x27, 0x03, 0x0f, 0x27, 0x03, 0x0f, 0x27, 0x03, 0x0f, 0x27, 0x03, 0x0f, 0x27, 0x03, 0x0f,
    0x27, 0x02, 0x0e, 0x26, 0x02, 0x10, 0x2a, 0x02, 0x10, 0x2a, 0x01, 0x0e, 0x27, 0x41, 0x54, 0x69,
    0x8d, 0xb2, 0xd4, 0x7d, 0xa6, 0xd0, 0x7b, 0xa5, 0xcf, 0x78, 0xa2, 0xcc, 0x75, 0x9f, 0xca, 0x71,
    0x9d, 0xc9, 0x6d, 0x9a, 0xc7, 0x6b, 0x95, 0xc4, 0x71, 0x97, 0xc5, 0x81, 0xab, 0xcc, 0x8d, 0xb5,
    0xd5, 0x8d, 0xb4, 0xd4, 0x8a, 0xb2, 0xd2, 0x88, 0xb1, 0xd1, 0x85, 0xaf, 0xd0, 0x83, 0xae, 0xce,
    0x81, 0xad, 0xcd, 0x7f, 0xab, 0xcd, 0x7e, 0xa9, 0xcc, 0x7e, 0xa8, 0xcb, 0x7d, 0xa6, 0xca, 0x7b,
    0xa5, 0xca, 0x78, 0xa3, 0xc9, 0x76, 0xa1, 0xc7, 0x75, 0xa0, 0xc7, 0x73, 0x9f, 0xc7, 0x71, 0x9d,
    0xc6, 0x6d, 0x9b, 0xc3, 0x6b, 0x9a, 0xc2, 0x6b, 0x99, 0xc3, 0x6a, 0x98, 0xc2, 0x68, 0x96, 0xc0,
    0x66, 0x95, 0xbf, 0x65, 0x94, 0xbf, 0x63, 0x92, 0xbe, 0x5b, 0x89, 0xb5, 0x46, 0x71, 0xa1, 0x3d,
    0x65, 0x9c, 0x3b, 0x64, 0x9c, 0x38, 0x62, 0x97, 0x37, 0x60, 0x96, 0x35, 0x5e, 0x94, 0x34, 0x5c,
    0x93, 0x33, 0x5b, 0x92, 0x32, 0x5a, 0x90, 0x31, 0x58, 0x8f, 0x30, 0x57, 0x8e, 0x2f, 0x56, 0x8d,
    0x2e, 0x55, 0x8c, 0x2d, 0x54, 0x8b, 0x2c, 0x53, 0x8a, 0x2b, 0x52, 0x89, 0x2b, 0x52, 0x89, 0x2a,
    0x51, 0x88, 0x2a, 0x51, 0x88, 0x2a, 0x50, 0x87, 0x29, 0x50, 0x85, 0x29, 0x50, 0x85, 0x28, 0x50,
    0x85, 0x28, 0x50, 0x84, 0x28, 0x4f, 0x84, 0x28, 0x4f, 0x85, 0x28, 0x4f, 0x85, 0x27, 0x4f, 0x84,
    0x28, 0x4f, 0x84, 0x28, 0x50, 0x84, 0x29, 0x50, 0x84, 0x29, 0x51, 0x85, 0x2a, 0x51, 0x85, 0x2c,
    0x52, 0x84, 0x2e, 0x53, 0x85, 0x2c, 0x53, 0x88, 0x36, 0x5c, 0x8d, 0x1d, 0x30, 0x50, 0x01, 0x0e,
    0x28, 0x02, 0x10, 0x29, 0x02, 0x0f, 0x29, 0x01, 0x0f, 0x2a, 0x02, 0x10, 0x2a, 0x01, 0x0f, 0x29,
    0x02, 0x10, 0x2a, 0x02, 0x10, 0x2a, 0x04, 0x10, 0x2a, 0x03, 0x0f, 0x29, 0x03, 0x0f, 0x29, 0x02,
    0x0f, 0x29, 0x01, 0x0f, 0x29, 0x02, 0x10, 0x2a, 0x02, 0x10, 0x2a, 0x03, 0x0f, 0x29, 0x02, 0x10,
    0x2a, 0x02, 0x10, 0x2a, 0x03, 0x0f, 0x29, 0x03, 0x0f, 0x29, 0x03, 0x0f, 0x29, 0x03, 0x0f, 0x29,
    0x03, 0x0f, 0x29, 0x03, 0x0f, 0x29, 0x03, 0x0f, 0x29, 0x03, 0x0f, 0x29, 0x03, 0x0f, 0x29, 0x03,
    0x0f, 0x29, 0x02, 0x0f, 0x29, 0x01, 0x0f, 0x29, 0x02, 0x0f, 0x29, 0x03, 0x10, 0x2a, 0x02, 0x10,
    0x2a, 0x02, 0x10, 0x2a, 0x02, 0x10, 0x2a, 0x02, 0x10, 0x2a, 0x04, 0x10, 0x29, 0x04, 0x10, 0x28,
    0x03, 0x0f, 0x28, 0x03, 0x0f, 0x29, 0x01, 0x0f, 0x29, 0x03, 0x0f, 0x29, 0x03, 0x0f, 0x27, 0x03,
    0x0f, 0x27, 0x03, 0x0f, 0x27, 0x03, 0x0f, 0x27, 0x03, 0x0f, 0x27, 0x03, 0x0f, 0x27, 0x03, 0x0f,
    0x27, 0x03, 0x0f, 0x27, 0x03, 0x0f, 0x27, 0x03, 0x0f, 0x27, 0x03, 0x0f, 0x29, 0x03, 0x0f, 0x29,
    0x03, 0x0f, 0x29, 0x03, 0x0f, 0x29, 0x03, 0x0f, 0x29, 0x03, 0x0f, 0x29, 0x03, 0x0f, 0x29, 0x03,
    0x0f, 0x29, 0x03, 0x0f, 0x29, 0x03, 0x0f, 0x29, 0x02, 0x0f, 0x29, 0x01, 0x0f, 0x29, 0x03, 0x10,
    0x2a, 0x03, 0x10, 0x2a, 0x04, 0x10, 0x2a, 0x04, 0x10, 0x2a, 0x03, 0x0f, 0x29, 0x02, 0x0f, 0x28,
    0x01, 0x0f, 0x29, 0x01, 0x0f, 0x29, 0x01, 0x0f, 0x29, 0x01, 0x0f, 0x29, 0x03, 0x0f, 0x29, 0x03,
    0x0f, 0x28, 0x03, 0x0f, 0x28, 0x04, 0x0f, 0x29, 0x03, 0x10, 0x2a, 0x02, 0x10, 0x2a, 0x02, 0x10,
    0x2a, 0x03, 0x10, 0x2a, 0x04, 0x10, 0x2a, 0x03, 0x0f, 0x29, 0x03, 0x0f, 0x29, 0x03, 0x0f, 0x29,
    0x03, 0x0f, 0x29, 0x03, 0x0f, 0x29, 0x03, 0x0f, 0x29, 0x03, 0x0f, 0x29, 0x03, 0x0f, 0x29, 0x03,
    0x0f, 0x29, 0x03, 0x0f, 0x29, 0x03, 0x0f, 0x29, 0x03, 0x0f, 0x29, 0x03, 0x0f, 0x29, 0x03, 0x0f,
    0x29, 0x03, 0x0f, 0x28, 0x03, 0x0f, 0x27, 0x03, 0x0f, 0x27, 0x03, 0x0f, 0x27, 0x03, 0x0f, 0x28,
    0x03, 0x0f, 0x29, 0x02, 0x0f, 0x29, 0x01, 0x0f, 0x29, 0x02, 0x0f, 0x29, 0x03, 0x0f, 0x29, 0x03,
    0x0f, 0x29, 0x03, 0x0f, 0x29, 0x03, 0x0f, 0x29, 0x03, 0x0f, 0x28, 0x03, 0x0f, 0x27, 0x03, 0x0f,
    0x27, 0x03, 0x0f, 0x29, 0x03, 0x0f, 0x29, 0x03, 0x0f, 0x29, 0x02, 0x0f, 0x29, 0x01, 0x0f, 0x29,
    0x03, 0x0f, 0x27, 0x03, 0x0f, 0x28, 0x03, 0x0f, 0x29, 0x03, 0x0f, 0x29, 0x03, 0x10, 0x28, 0x02,
    0x10, 0x28, 0x01, 0x0f, 0x29, 0x01, 0x10, 0x29, 0x03, 0x0f, 0x29, 0x03, 0x0f, 0x29, 0x04, 0x10,
    0x2a, 0x04, 0x10, 0x2a, 0x03, 0x10, 0x28, 0x02, 0x10, 0x29, 0x02, 0x10, 0x2a, 0x02, 0x10, 0x28,
    0x04, 0x10, 0x28, 0x03, 0x0f, 0x27, 0x03, 0x0f, 0x27, 0x03, 0x0f, 0x27, 0x03, 0x0f, 0x27, 0x03,
    0x0f, 0x27, 0x03, 0x0f, 0x27, 0x03, 0x0f, 0x27, 0x03, 0x0f, 0x27, 0x03, 0x0f, 0x27, 0x03, 0x0f,
    0x27, 0x03, 0x0f, 0x27, 0x03, 0x0f, 0x27, 0x03, 0x0f, 0x27, 0x03, 0x0f, 0x28, 0x02, 0x0f, 0x29,
    0x02, 0x0f, 0x29, 0x03, 0x0f, 0x27, 0x03, 0x0f, 0x27, 0x03, 0x0f, 0x27, 0x03, 0x0f, 0x27, 0x03,
    0x0f, 0x27, 0x03, 0x0f, 0x27, 0x03, 0x0f, 0x27, 0x03, 0x0f, 0x27, 0x03, 0x0f, 0x27, 0x02, 0x0e,
    0x26, 0x03, 0x0f, 0x27, 0x03, 0x0f, 0x27, 0x03, 0x0f, 0x27, 0x03, 0x0f, 0x27, 0x03, 0x0f, 0x27,
    0x03, 0x0f, 0x27, 0x02, 0x0e, 0x28, 0x03, 0x0f, 0x27, 0x03, 0x0f, 0x27, 0x03, 0x0f, 0x28, 0x03,
    0x0f, 0x28, 0x02, 0x0e, 0x27, 0x02, 0x0e, 0x27, 0x03, 0x0f, 0x27, 0x03, 0x0f, 0x27, 0x03, 0x0f,
    0x27, 0x03, 0x0f, 0x27, 0x03, 0x0f, 0x27, 0x03, 0x0f, 0x27, 0x03, 0x0f, 0x27, 0x03, 0x0f, 0x27,
    0x02, 0x10, 0x2a, 0x02, 0x10, 0x2a, 0x06, 0x12, 0x29, 0x6a, 0x82, 0x9a, 0x84, 0xab, 0xd4, 0x79,
    0xa3, 0xcd, 0x77, 0xa0, 0xcb, 0x74, 0x9d, 0xc9, 0x71, 0x9b, 0xc7, 0x6d, 0x99, 0xc6, 0x68, 0x94,
    0xc3, 0x78, 0xa0, 0xc6, 0xa8, 0xd1, 0xe7, 0xb1, 0xe2, 0xf8, 0xb0, 0xe3, 0xf9, 0xac, 0xe2, 0xf8,
    0xa9, 0xe1, 0xf8, 0xa7, 0xdf, 0xf8, 0xa6, 0xde, 0xf8, 0xa4, 0xdd, 0xf7, 0xa1, 0xdc, 0xf7, 0x9e,
    0xda, 0xf7, 0x9b, 0xd9, 0xf6, 0x9a, 0xd7, 0xf5, 0x98, 0xd5, 0xf5, 0x96, 0xd4, 0xf5, 0x94, 0xd3,
    0xf4, 0x91, 0xd0, 0xf4, 0x8e, 0xcf, 0xf3, 0x8c, 0xcd, 0xf3, 0x89, 0xcb, 0xf2, 0x86, 0xc9, 0xf1,
    0x84, 0xc7, 0xf2, 0x82, 0xc5, 0xf2, 0x80, 0xc4, 0xf1, 0x7f, 0xc3, 0xf1, 0x7d, 0xc1, 0xf1, 0x7b,
    0xc0, 0xf0, 0x79, 0xbf, 0xf0, 0x79, 0xbd, 0xee, 0x73, 0xaf, 0xdb, 0x49, 0x78, 0xa7, 0x37, 0x5f,
    0x97, 0x35, 0x5e, 0x95, 0x34, 0x5d, 0x93, 0x33, 0x5b, 0x91, 0x32, 0x59, 0x90, 0x31, 0x58, 0x8f,
    0x30, 0x57, 0x8e, 0x2f, 0x56, 0x8d, 0x2e, 0x55, 0x8c, 0x2d, 0x54, 0x8b, 0x2c, 0x53, 0x8a, 0x2a,
    0x51, 0x89, 0x2a, 0x51, 0x88, 0x29, 0x50, 0x87, 0x2a, 0x4f, 0x85, 0x29, 0x4f, 0x84, 0x29, 0x4e,
    0x84, 0x29, 0x4e, 0x84, 0x29, 0x4e, 0x83, 0x28, 0x4e, 0x83, 0x28, 0x4d, 0x82, 0x28, 0x4d, 0x82,
    0x28, 0x4d, 0x82, 0x27, 0x4d, 0x81, 0x27, 0x4c, 0x81, 0x27, 0x4d, 0x81, 0x28, 0x4d, 0x82, 0x28,
    0x4d, 0x82, 0x28, 0x4e, 0x82, 0x29, 0x4e, 0x83, 0x29, 0x4f, 0x83, 0x29, 0x50, 0x83, 0x2a, 0x50,
    0x84, 0x2a, 0x52, 0x84, 0x2e, 0x57, 0x89, 0x2c, 0x45, 0x6a, 0x03, 0x0f, 0x29, 0x02, 0x0f, 0x29,
    0x02, 0x0f, 0x29, 0x01, 0x0f, 0x2a, 0x01, 0x0f, 0x29, 0x01, 0x0f, 0x29, 0x02, 0x10, 0x2a, 0x02,
    0x10, 0x2a, 0x03, 0x0f, 0x29, 0x03, 0x0f, 0x29, 0x03, 0x0f, 0x29, 0x03, 0x0f, 0x29, 0x03, 0x0f,
    0x29, 0x03, 0x0f, 0x29, 0x03, 0x10, 0x2a, 0x03, 0x0f, 0x29, 0x03, 0x0f, 0x29, 0x03, 0x0f, 0x29,
    0x03, 0x0f, 0x29, 0x03, 0x0f, 0x29, 0x03, 0x0f, 0x29, 0x03, 0x0f, 0x29, 0x03, 0x0f, 0x29, 0x03,
    0x0f, 0x28, 0x03, 0x0f, 0x28, 0x03, 0x0f, 0x27, 0x03, 0x0f, 0x28, 0x03, 0x0f, 0x28, 0x02, 0x0f,
    0x29, 0x01, 0x0f, 0x29, 0x03, 0x10, 0x2a, 0x03, 0x0f, 0x29, 0x01, 0x0f, 0x29, 0x02, 0x10, 0x2a,
    0x01, 0x10, 0x2a, 0x02, 0x10, 0x29, 0x03, 0x0f, 0x28, 0x03, 0x0f, 0x27, 0x03, 0x0f, 0x27, 0x02,
    0x0f, 0x28, 0x02, 0x0f, 0x29, 0x03, 0x0f, 0x29, 0x03, 0x0f, 0x27, 0x03, 0x0f, 0x27, 0x03, 0x0f,
    0x27, 0x03, 0x0f, 0x27, 0x03, 0x0f, 0x27, 0x03, 0x0f, 0x27, 0x03, 0x0f, 0x27, 0x03, 0x0f, 0x27,
    0x03, 0x0f, 0x27, 0x03, 0x0f, 0x27, 0x02, 0x0f, 0x29, 0x02, 0x0f, 0x29, 0x02, 0x0f, 0x29, 0x02,
    0x0f, 0x29, 0x02, 0x0f, 0x29, 0x03, 0x0f, 0x29, 0x03, 0x0f, 0x29, 0x03, 0x0f, 0x29, 0x03, 0x0f,
    0x29, 0x02, 0x0f, 0x29, 0x01, 0x0f, 0x29, 0x01, 0x0f, 0x29, 0x02, 0x10, 0x2a, 0x02, 0x10, 0x29,
    0x02, 0x10, 0x2a, 0x02, 0x0f, 0x29, 0x02, 0x0f, 0x29, 0x03, 0x0f, 0x29, 0x02, 0x0f, 0x29, 0x02,
    0x0f, 0x29, 0x01, 0x0f, 0x29, 0x02, 0x0f, 0x29, 0x03, 0x0f, 0x29, 0x03, 0x0f, 0x28, 0x03, 0x0f,
    0x28, 0x03, 0x0f, 0x29, 0x03, 0x0f, 0x29, 0x03, 0x10, 0x29, 0x02, 0x10, 0x29, 0x03, 0x0f, 0x29,
    0x04, 0x0f, 0x29, 0x03, 0x0f, 0x29, 0x02, 0x0f, 0x29, 0x03, 0x0f, 0x29, 0x03, 0x0f, 0x29, 0x03,
    0x0f, 0x29, 0x03, 0x0f, 0x29, 0x03, 0x0f, 0x29, 0x03, 0x0f, 0x29, 0x03, 0x0f, 0x29, 0x03, 0x0f,
    0x29, 0x03, 0x0f, 0x29, 0x03, 0x0f, 0x29, 0x03, 0x0f, 0x29, 0x03, 0x0f, 0x29, 0x03, 0x0f, 0x28,
    0x03, 0x0f, 0x27, 0x03, 0x0f, 0x27, 0x03, 0x0f, 0x27, 0x03, 0x0f, 0x28, 0x03, 0x0f, 0x29, 0x02,
    0x0f, 0x29, 0x02, 0x10, 0x29, 0x02, 0x10, 0x2a, 0x03, 0x0f, 0x29, 0x04, 0x10, 0x2a, 0x03, 0x0f,
    0x29, 0x03, 0x0f, 0x29, 0x03, 0x0f, 0x27, 0x03, 0x0f, 0x27, 0x03, 0x0f, 0x27, 0x03, 0x0f, 0x28,
    0x02, 0x0f, 0x29, 0x02, 0x0f, 0x29, 0x03, 0x0f, 0x29, 0x03, 0x0f, 0x29, 0x03, 0x0f, 0x27, 0x03,
    0x0f, 0x28, 0x03, 0x0f, 0x29, 0x03, 0x0f, 0x29, 0x04, 0x10, 0x28, 0x03, 0x0f, 0x27, 0x03, 0x0f,
    0x29, 0x02, 0x0f, 0x29, 0x03, 0x10, 0x2a, 0x03, 0x0f, 0x29, 0x03, 0x0f, 0x29, 0x04, 0x0f, 0x29,
    0x03, 0x10, 0x28, 0x01, 0x10, 0x28, 0x02, 0x10, 0x2a, 0x02, 0x10, 0x28, 0x03, 0x10, 0x27, 0x03,
    0x0f, 0x27, 0x03, 0x0f, 0x27, 0x03, 0x0f, 0x27, 0x03, 0x0f, 0x27, 0x03, 0x0f, 0x27, 0x03, 0x0f,
    0x27, 0x03, 0x0f, 0x27, 0x03, 0x0f, 0x27, 0x03, 0x0f, 0x27, 0x03, 0x0f, 0x27, 0x03, 0x0f, 0x27,
    0x03, 0x0f, 0x27, 0x03, 0x0f, 0x27, 0x03, 0x0f, 0x28, 0x03, 0x0f, 0x29, 0x02, 0x0f, 0x29, 0x03,
    0x0f, 0x27, 0x03, 0x0f, 0x27, 0x03, 0x0f, 0x27, 0x03, 0x0f, 0x27, 0x03, 0x0f, 0x27, 0x03, 0x0f,
    0x27, 0x03, 0x0f, 0x27, 0x03, 0x0f, 0x27, 0x03, 0x0f, 0x27, 0x03, 0x0f, 0x27, 0x03, 0x0f, 0x27,
    0x03, 0x0f, 0x27, 0x03, 0x0f, 0x27, 0x03, 0x0f, 0x27, 0x03, 0x0f, 0x27, 0x02, 0x0e, 0x26, 0x02,
    0x0e, 0x27, 0x03, 0x0f, 0x27, 0x03, 0x0f, 0x27, 0x03, 0x0f, 0x27, 0x02, 0x0e, 0x28, 0x03, 0x0f,
    0x28, 0x02, 0x0e, 0x28, 0x03, 0x0f, 0x28, 0x03, 0x0f, 0x28, 0x03, 0x0f, 0x27, 0x03, 0x0f, 0x27,
    0x03, 0x0f, 0x27, 0x03, 0x0f, 0x27, 0x03, 0x0f, 0x27, 0x03, 0x0f, 0x27, 0x02, 0x10, 0x2a, 0x02,
    0x10, 0x2a, 0x13, 0x20, 0x35, 0x80, 0x9e, 0xb8, 0x7b, 0xa4, 0xce, 0x76, 0x9f, 0xca, 0x73, 0x9c,
    0xc7, 0x6f, 0x99, 0xc5, 0x6c, 0x97, 0xc3, 0x68, 0x94, 0xc1, 0x6a, 0x92, 0xbe, 0xa6, 0xcf, 0xe3,
    0xb1, 0xe6, 0xfa, 0xa9, 0xe3, 0xfb, 0xa6, 0xe1, 0xfa, 0xa3, 0xe0, 0xf9, 0xa0, 0xde, 0xf9, 0x9d,
    0xdd, 0xf9, 0x9b, 0xdc, 0xf8, 0x99, 0xda, 0xf8, 0x96, 0xd8, 0xf8, 0x93, 0xd6, 0xf7, 0x91, 0xd5,
    0xf7, 0x8f, 0xd3, 0xf6, 0x8d, 0xd1, 0xf5, 0x8b, 0xd0, 0xf6, 0x89, 0xce, 0xf6, 0x86, 0xcd, 0xf5,
    0x83, 0xca, 0xf4, 0x81, 0xc9, 0xf4, 0x7e, 0xc7, 0xf4, 0x7c, 0xc5, 0xf3, 0x79, 0xc3, 0xf2, 0x77,
    0xc1, 0xf2, 0x76, 0xc0, 0xf2, 0x74, 0xbf, 0xf1, 0x73, 0xbd, 0xf0, 0x70, 0xbb, 0xef, 0x6e, 0xba,
    0xef, 0x6d, 0xb9, 0xf0, 0x72, 0xbb, 0xf0, 0x67, 0xa1, 0xcf, 0x37, 0x5f, 0x94, 0x33, 0x5b, 0x91,
    0x32, 0x59, 0x90, 0x32, 0x58, 0x8f, 0x30, 0x57, 0x8e, 0x2f, 0x56, 0x8d, 0x2e, 0x55, 0x8c, 0x2e,
    0x54, 0x8b, 0x2d, 0x54, 0x8a, 0x2c, 0x53, 0x88, 0x2b, 0x51, 0x87, 0x2a, 0x50, 0x86, 0x29, 0x50,
    0x86, 0x28, 0x4f, 0x85, 0x29, 0x4e, 0x83, 0x29, 0x4d, 0x82, 0x28, 0x4d, 0x82, 0x28, 0x4d, 0x82,
    0x28, 0x4c, 0x82, 0x28, 0x4c, 0x82, 0x27, 0x4c, 0x81, 0x27, 0x4c, 0x81, 0x26, 0x4c, 0x80, 0x26,
    0x4b, 0x7f, 0x26, 0x4b, 0x7f, 0x26, 0x4b, 0x80, 0x26, 0x4c, 0x81, 0x27, 0x4c, 0x81, 0x27, 0x4c,
    0x81, 0x28, 0x4d, 0x82, 0x28, 0x4d, 0x82, 0x28, 0x4e, 0x82, 0x29, 0x4e, 0x82, 0x29, 0x50, 0x83,
    0x29, 0x52, 0x84, 0x33, 0x50, 0x7a, 0x09, 0x14, 0x2f, 0x02, 0x0f, 0x28, 0x02, 0x0f, 0x29, 0x01,
    0x0f, 0x29, 0x02, 0x10, 0x2a, 0x02, 0x10, 0x2a, 0x02, 0x10, 0x2a, 0x02, 0x10, 0x2a, 0x03, 0x0f,
    0x29, 0x03, 0x0f, 0x28, 0x03, 0x0f, 0x29, 0x03, 0x0f, 0x29, 0x03, 0x0f, 0x29, 0x03, 0x0f, 0x29,
    0x03, 0x0f, 0x29, 0x02, 0x0f, 0x29, 0x02, 0x0f, 0x29, 0x02, 0x0f, 0x29, 0x02, 0x0f, 0x29, 0x02,
    0x0f, 0x29, 0x03, 0x0f, 0x29, 0x03, 0x0f, 0x29, 0x03, 0x0f, 0x29, 0x02, 0x0f, 0x29, 0x03, 0x0f,
    0x29, 0x03, 0x0f, 0x29, 0x03, 0x0f, 0x29, 0x02, 0x0f, 0x29, 0x02, 0x0f, 0x29, 0x03, 0x0f, 0x29,
    0x03, 0x0f, 0x29, 0x02, 0x0f, 0x29, 0x01, 0x0f, 0x29, 0x02, 0x10, 0x2a, 0x02, 0x10, 0x2a, 0x02,
    0x0f, 0x29, 0x03, 0x0f, 0x28, 0x03, 0x0f, 0x29, 0x03, 0x0f, 0x29, 0x03, 0x0f, 0x29, 0x03, 0x0f,
    0x29, 0x03, 0x0f, 0x29, 0x03, 0x0f, 0x28, 0x03, 0x0f, 0x28, 0x03, 0x0f, 0x27, 0x03, 0x0f, 0x27,
    0x03, 0x0f, 0x27, 0x03, 0x0f, 0x27, 0x03, 0x0f, 0x28, 0x03, 0x0f, 0x29, 0x03, 0x0f, 0x28, 0x03,
    0x0f, 0x28, 0x02, 0x0f, 0x29, 0x02, 0x0f, 0x29, 0x02, 0x0f, 0x29, 0x02, 0x0f, 0x29, 0x03, 0x0f,
    0x28, 0x03, 0x0f, 0x27, 0x03, 0x0f, 0x29, 0x02, 0x0f, 0x29, 0x02, 0x0f, 0x29, 0x01, 0x0f, 0x29,
    0x01, 0x0f, 0x29, 0x01, 0x0f, 0x29, 0x02, 0x0f, 0x29, 0x03, 0x0f, 0x28, 0x03, 0x0f, 0x28, 0x02,
    0x0f, 0x29, 0x03, 0x0f, 0x29, 0x03, 0x0f, 0x29, 0x03, 0x0f, 0x29, 0x03, 0x0f, 0x29, 0x03, 0x10,
    0x29, 0x02, 0x10, 0x28, 0x02, 0x0f, 0x27, 0x02, 0x10, 0x28, 0x02, 0x10, 0x28, 0x02, 0x0f, 0x29,
    0x03, 0x0f, 0x29, 0x03, 0x0f, 0x29, 0x03, 0x0f, 0x29, 0x03, 0x0f, 0x29, 0x03, 0x0f, 0x29, 0x03,
    0x0f, 0x29, 0x03, 0x0f, 0x29, 0x03, 0x0f, 0x29, 0x03, 0x0f, 0x29, 0x03, 0x0f, 0x29, 0x03, 0x0f,
    0x29, 0x02, 0x0f, 0x29, 0x03, 0x0f, 0x29, 0x03, 0x0f, 0x29, 0x03, 0x0f, 0x29, 0x03, 0x0f, 0x28,
    0x03, 0x0f, 0x27, 0x03, 0x0f, 0x27, 0x03, 0x0f, 0x27, 0x03, 0x0f, 0x29, 0x03, 0x0f, 0x28, 0x03,
    0x0f, 0x27, 0x03, 0x0f, 0x27, 0x03, 0x0f, 0x27, 0x03, 0x0f, 0x28, 0x03, 0x10, 0x28, 0x03, 0x10,
    0x28, 0x03, 0x0f, 0x28, 0x03, 0x0f, 0x29, 0x03, 0x0f, 0x29, 0x03, 0x0f, 0x29, 0x03, 0x0f, 0x28,
    0x03, 0x0f, 0x27, 0x03, 0x0f, 0x27, 0x04, 0x10, 0x28, 0x03, 0x0f, 0x28, 0x01, 0x0f, 0x29, 0x02,
    0x0f, 0x29, 0x03, 0x0f, 0x29, 0x03, 0x0f, 0x29, 0x03, 0x0f, 0x29, 0x04, 0x10, 0x29, 0x03, 0x10,
    0x2a, 0x02, 0x0f, 0x29, 0x03, 0x0f, 0x28, 0x04, 0x0f, 0x27, 0x03, 0x0f, 0x28, 0x03, 0x0f, 0x28,
    0x02, 0x0f, 0x29, 0x03, 0x0f, 0x29, 0x03, 0x0f, 0x29, 0x03, 0x0f, 0x29, 0x03, 0x10, 0x28, 0x03,
    0x10, 0x28, 0x03, 0x0f, 0x28, 0x03, 0x10, 0x28, 0x03, 0x10, 0x28, 0x03, 0x0f, 0x27, 0x03, 0x0f,
    0x27, 0x03, 0x0f, 0x27, 0x03, 0x0f, 0x27, 0x03, 0x0f, 0x27, 0x03, 0x0f, 0x27, 0x03, 0x0f, 0x27,
    0x03, 0x0f, 0x27, 0x03, 0x0f, 0x27, 0x03, 0x0f, 0x27, 0x03, 0x0f, 0x27, 0x03, 0x0f, 0x27, 0x03,
    0x0f, 0x27, 0x03, 0x0f, 0x27, 0x03, 0x0f, 0x29, 0x03, 0x0f, 0x29, 0x03, 0x0f, 0x29, 0x03, 0x0f,
    0x29, 0x03, 0x0f, 0x29, 0x03, 0x0f, 0x29, 0x03, 0x0f, 0x29, 0x03, 0x0f, 0x29, 0x03, 0x0f, 0x29,
    0x03, 0x0f, 0x28, 0x03, 0x0f, 0x27, 0x03, 0x0f, 0x27, 0x03, 0x0f, 0x27, 0x03, 0x0f, 0x27, 0x03,
    0x0f, 0x27, 0x03, 0x0f, 0x27, 0x03, 0x0f, 0x27, 0x03, 0x0f, 0x27, 0x03, 0x0f, 0x26, 0x03, 0x0f,
    0x27, 0x03, 0x0f, 0x27, 0x03, 0x0f, 0x27, 0x03, 0x0f, 0x28, 0x03, 0x0f, 0x29, 0x03, 0x0f, 0x28,
    0x03, 0x0f, 0x27, 0x03, 0x0f, 0x28, 0x03, 0x0f, 0x27, 0x03, 0x0f, 0x27, 0x03, 0x0f, 0x27, 0x03,
    0x0f, 0x28, 0x03, 0x0f, 0x28, 0x03, 0x0f, 0x29, 0x02, 0x10, 0x2a, 0x01, 0x0f, 0x29, 0x20, 0x2e,
    0x45, 0x86, 0xa7, 0xc4, 0x76, 0xa1, 0xcb, 0x73, 0x9c, 0xc8, 0x6f, 0x99, 0xc4, 0x6c, 0x96, 0xc2,
    0x68, 0x93, 0xbf, 0x62, 0x8d, 0xbb, 0x78, 0x9f, 0xc3, 0xb2, 0xe2, 0xf3, 0xa9, 0xe2, 0xfa, 0xa6,
    0xe2, 0xfb, 0xa6, 0xe1, 0xfa, 0xa2, 0xe0, 0xfa, 0x9f, 0xde, 0xf9, 0x9c, 0xdc, 0xf9, 0x9a, 0xdb,
    0xf8, 0x97, 0xd9, 0xf7, 0x95, 0xd7, 0xf7, 0x92, 0xd5, 0xf7, 0x90, 0xd4, 0xf6, 0x8d, 0xd2, 0xf5,
    0x8b, 0xd1, 0xf5, 0x89, 0xcf, 0xf5, 0x87, 0xcd, 0xf5, 0x84, 0xcc, 0xf5, 0x81, 0xca, 0xf4, 0x7f,
    0xc8, 0xf4, 0x7d, 0xc6, 0xf3, 0x7a, 0xc4, 0xf3, 0x77, 0xc2, 0xf1, 0x76, 0xc0, 0xf1, 0x73, 0xbf,
    0xf1, 0x72, 0xbd, 0xf0, 0x71, 0xbb, 0xef, 0x6e, 0xba, 0xef, 0x6c, 0xb8, 0xee, 0x6b, 0xb7, 0xef,
    0x6a, 0xb7, 0xf1, 0x6d, 0xae, 0xe0, 0x3b, 0x66, 0x9a, 0x2f, 0x58, 0x8f, 0x30, 0x57, 0x8e, 0x30,
    0x56, 0x8d, 0x2f, 0x56, 0x8c, 0x2d, 0x55, 0x8b, 0x2d, 0x54, 0x8b, 0x2c, 0x53, 0x8a, 0x2c, 0x52,
    0x89, 0x2b, 0x52, 0x86, 0x2c, 0x50, 0x85, 0x2b, 0x4f, 0x84, 0x29, 0x4f, 0x83, 0x28, 0x4e, 0x82,
    0x28, 0x4d, 0x82, 0x28, 0x4d, 0x82, 0x27, 0x4c, 0x81, 0x27, 0x4c, 0x81, 0x27, 0x4c, 0x81, 0x26,
    0x4c, 0x80, 0x26, 0x4b, 0x7f, 0x26, 0x4b, 0x7f, 0x26, 0x4a, 0x7f, 0x25, 0x4a, 0x7e, 0x25, 0x4a,
    0x7e, 0x25, 0x4a, 0x7f, 0x25, 0x4a, 0x7f, 0x25, 0x4a, 0x7f, 0x25, 0x4a, 0x7f, 0x26, 0x4b, 0x80,
    0x26, 0x4b, 0x80, 0x27, 0x4c, 0x80, 0x27, 0x4c, 0x80, 0x28, 0x4e, 0x81, 0x27, 0x4f, 0x82, 0x35,
    0x55, 0x81, 0x0e, 0x1b, 0x36, 0x01, 0x0f, 0x28, 0x01, 0x0f, 0x2a, 0x02, 0x0f, 0x2a, 0x02, 0x10,
    0x2a, 0x02, 0x10, 0x2a, 0x01, 0x0f, 0x29, 0x01, 0x10, 0x2a, 0x03, 0x0f, 0x28, 0x03, 0x0f, 0x28,
    0x03, 0x0f, 0x29, 0x03, 0x0f, 0x29, 0x03, 0x0f, 0x29, 0x03, 0x0f, 0x29, 0x03, 0x0f, 0x29, 0x02,
    0x0f, 0x29, 0x01, 0x0f, 0x29, 0x01, 0x0f, 0x29, 0x02, 0x0f, 0x29, 0x03, 0x0f, 0x29, 0x03, 0x0f,
    0x29, 0x03, 0x0f, 0x29, 0x03, 0x0f, 0x29, 0x02, 0x0f, 0x29, 0x02, 0x10, 0x2a, 0x02, 0x0f, 0x29,
    0x02, 0x0f, 0x29, 0x02, 0x0f, 0x29, 0x02, 0x0f, 0x29, 0x03, 0x0f, 0x29, 0x03, 0x0f, 0x29, 0x03,
    0x0f, 0x29, 0x03, 0x0f, 0x29, 0x03, 0x0f, 0x29, 0x03, 0x0f, 0x29, 0x03, 0x0f, 0x29, 0x03, 0x0f,
    0x29, 0x03, 0x0f, 0x29, 0x03, 0x0f, 0x29, 0x03, 0x0f, 0x29, 0x03, 0x0f, 0x29, 0x03, 0x0f, 0x29,
    0x03, 0x0f, 0x29, 0x03, 0x0f, 0x29, 0x03, 0x0f, 0x28, 0x03, 0x0f, 0x28, 0x03, 0x0f, 0x28, 0x03,
    0x0f, 0x28, 0x03, 0x0f, 0x29, 0x03, 0x0f, 0x29, 0x03, 0x0f, 0x29, 0x03, 0x0f, 0x29, 0x02, 0x0f,
    0x29, 0x03, 0x0f, 0x29, 0x03, 0x0f, 0x29, 0x03, 0x0f, 0x29, 0x03, 0x0f, 0x27, 0x03, 0x0f, 0x27,
    0x02, 0x0f, 0x28, 0x02, 0x10, 0x2a, 0x02, 0x10, 0x2a, 0x02, 0x10, 0x2a, 0x01, 0x0f, 0x29, 0x01,
    0x0f, 0x29, 0x03, 0x10, 0x28, 0x03, 0x0f, 0x27, 0x03, 0x0f, 0x28, 0x03, 0x0f, 0x29, 0x02, 0x0f,
    0x29, 0x02, 0x0f, 0x29, 0x03, 0x10, 0x2a, 0x03, 0x10, 0x2a, 0x03, 0x10, 0x2a, 0x01, 0x10, 0x29,
    0x01, 0x10, 0x29, 0x02, 0x10, 0x29, 0x02, 0x10, 0x29, 0x02, 0x10, 0x2a, 0x02, 0x0f, 0x29, 0x02,
    0x0f, 0x29, 0x03, 0x0f, 0x29, 0x03, 0x0f, 0x29, 0x03, 0x0f, 0x29, 0x03, 0x0f, 0x29, 0x03, 0x0f,
    0x29, 0x04, 0x10, 0x2a, 0x04, 0x10, 0x2a, 0x03, 0x0f, 0x29, 0x03, 0x0f, 0x29, 0x02, 0x0f, 0x29,
    0x03, 0x0f, 0x29, 0x03, 0x0f, 0x29, 0x03, 0x0f, 0x29, 0x03, 0x0f, 0x28, 0x03, 0x0f, 0x27, 0x03,
    0x0f, 0x27, 0x03, 0x0f, 0x28, 0x04, 0x10, 0x29, 0x04, 0x10, 0x28, 0x03, 0x0f, 0x28, 0x03, 0x0f,
    0x27, 0x04, 0x10, 0x28, 0x04, 0x10, 0x28, 0x04, 0x10, 0x28, 0x04, 0x10, 0x28, 0x03, 0x0f, 0x29,
    0x03, 0x0f, 0x29, 0x03, 0x0f, 0x29, 0x03, 0x0f, 0x29, 0x03, 0x0f, 0x29, 0x03, 0x0f, 0x29, 0x03,
    0x0f, 0x29, 0x03, 0x0f, 0x29, 0x03, 0x0f, 0x29, 0x02, 0x0f, 0x28, 0x03, 0x0f, 0x28, 0x03, 0x0f,
    0x28, 0x03, 0x0f, 0x28, 0x03, 0x0f, 0x29, 0x03, 0x0f, 0x29, 0x03, 0x0f, 0x29, 0x01, 0x0f, 0x29,
    0x03, 0x0f, 0x29, 0x03, 0x0f, 0x28, 0x03, 0x0f, 0x27, 0x04, 0x10, 0x29, 0x02, 0x0f, 0x29, 0x03,
    0x0f, 0x29, 0x03, 0x0f, 0x29, 0x03, 0x0f, 0x29, 0x03, 0x0f, 0x28, 0x03, 0x0f, 0x27, 0x03, 0x0f,
    0x27, 0x03, 0x0f, 0x27, 0x03, 0x0f, 0x27, 0x03, 0x0f, 0x27, 0x03, 0x0f, 0x27, 0x03, 0x0f, 0x27,
    0x03, 0x0f, 0x27, 0x03, 0x0f, 0x27, 0x03, 0x0f, 0x27, 0x03, 0x0f, 0x27, 0x03, 0x0f, 0x27, 0x03,
    0x0f, 0x27, 0x03, 0x0f, 0x27, 0x03, 0x0f, 0x27, 0x03, 0x0f, 0x27, 0x03, 0x0f, 0x27, 0x03, 0x0f,
    0x27, 0x03, 0x0f, 0x29, 0x03, 0x0f, 0x29, 0x03, 0x0f, 0x28, 0x03, 0x0f, 0x28, 0x03, 0x0f, 0x28,
    0x03, 0x0f, 0x28, 0x03, 0x0f, 0x28, 0x03, 0x0f, 0x28, 0x03, 0x0f, 0x28, 0x03, 0x0f, 0x27, 0x03,
    0x0f, 0x27, 0x03, 0x0f, 0x27, 0x03, 0x0f, 0x27, 0x03, 0x0f, 0x27, 0x02, 0x0e, 0x26, 0x02, 0x0e,
    0x26, 0x03, 0x0f, 0x27, 0x03, 0x0f, 0x27, 0x03, 0x0f, 0x27, 0x03, 0x0f, 0x27, 0x03, 0x0f, 0x27,
    0x03, 0x0f, 0x27, 0x03, 0x0f, 0x27, 0x03, 0x0f, 0x27, 0x03, 0x0f, 0x28, 0x03, 0x0f, 0x28, 0x03,
    0x0f, 0x28, 0x03, 0x0f, 0x27, 0x03, 0x0f, 0x27, 0x03, 0x0f, 0x27, 0x03, 0x0f, 0x29, 0x03, 0x0f,
    0x29, 0x03, 0x0f, 0x29, 0x02, 0x10, 0x2a, 0x00, 0x0e, 0x28, 0x27, 0x36, 0x4f, 0x85, 0xa8, 0xca,
    0x73, 0x9e, 0xca, 0x71, 0x9a, 0xc7, 0x6d, 0x97, 0xc3, 0x69, 0x94, 0xc0, 0x65, 0x90, 0xbd, 0x5e,
    0x88, 0xb6, 0x7c, 0xa4, 0xc5, 0xaf, 0xe3, 0xf6, 0xa6, 0xe2, 0xfb, 0xa3, 0xe1, 0xfa, 0xa3, 0xe0,
    0xfb, 0x9f, 0xde, 0xfa, 0x9c, 0xdc, 0xf9, 0x9a, 0xdb, 0xf9, 0x97, 0xd9, 0xf8, 0x94, 0xd7, 0xf8,
    0x92, 0xd6, 0xf7, 0x90, 0xd4, 0xf6, 0x8d, 0xd3, 0xf6, 0x8b, 0xd1, 0xf5, 0x89, 0xcf, 0xf5, 0x86,
    0xcd, 0xf5, 0x84, 0xcc, 0xf5, 0x81, 0xca, 0xf4, 0x7f, 0xc8, 0xf4, 0x7d, 0xc6, 0xf4, 0x7a, 0xc4,
    0xf3, 0x76, 0xc2, 0xf2, 0x74, 0xbf, 0xf1, 0x72, 0xbd, 0xf0, 0x70, 0xbc, 0xf0, 0x6e, 0xbb, 0xef,
    0x6d, 0xb9, 0xef, 0x6b, 0xb8, 0xee, 0x69, 0xb7, 0xee, 0x68, 0xb6, 0xee, 0x67, 0xb6, 0xf0, 0x6c,
    0xaf, 0xe1, 0x3a, 0x65, 0x97, 0x2d, 0x53, 0x89, 0x2d, 0x54, 0x8b, 0x2c, 0x53, 0x8a, 0x2b, 0x52,
    0x89, 0x2a, 0x51, 0x88, 0x2a, 0x51, 0x87, 0x29, 0x50, 0x86, 0x29, 0x50, 0x85, 0x28, 0x4f, 0x83,
    0x27, 0x4e, 0x83, 0x26, 0x4d, 0x82, 0x26, 0x4c, 0x81, 0x26, 0x4b, 0x80, 0x25, 0x4b, 0x7f, 0x25,
    0x4a, 0x7f, 0x24, 0x4a, 0x7e, 0x24, 0x49, 0x7d, 0x24, 0x49, 0x7e, 0x23, 0x49, 0x7d, 0x23, 0x48,
    0x7d, 0x23, 0x48, 0x7c, 0x22, 0x47, 0x7c, 0x21, 0x48, 0x7b, 0x21, 0x49, 0x7b, 0x23, 0x49, 0x7d,
    0x24, 0x49, 0x7d, 0x24, 0x49, 0x7d, 0x24, 0x49, 0x7e, 0x24, 0x49, 0x7e, 0x25, 0x4a, 0x7e, 0x25,
    0x4a, 0x7e, 0x26, 0x4b, 0x7f, 0x26, 0x4c, 0x80, 0x26, 0x4e, 0x81, 0x34, 0x56, 0x84, 0x10, 0x1f,
    0x3c, 0x01, 0x0f, 0x28, 0x01, 0x10, 0x2a, 0x02, 0x10, 0x2a, 0x01, 0x0f, 0x29, 0x01, 0x0f, 0x29,
    0x02, 0x10, 0x2a, 0x02, 0x10, 0x2a, 0x03, 0x0f, 0x28, 0x03, 0x0f, 0x28, 0x03, 0x0f, 0x29, 0x03,
    0x0f, 0x29, 0x03, 0x0f, 0x29, 0x03, 0x0f, 0x29, 0x03, 0x0f, 0x29, 0x03, 0x0f, 0x29, 0x01, 0x0f,
    0x29, 0x01, 0x0f, 0x29, 0x02, 0x0f, 0x29, 0x03, 0x0f, 0x29, 0x03, 0x0f, 0x29, 0x02, 0x0f, 0x29,
    0x03, 0x0f, 0x29, 0x02, 0x0f, 0x29, 0x01, 0x0f, 0x29, 0x01, 0x0f, 0x29, 0x02, 0x0f, 0x29, 0x02,
    0x0f, 0x29, 0x02, 0x0f, 0x29, 0x03, 0x0f, 0x29, 0x03, 0x0f, 0x29, 0x03, 0x0f, 0x28, 0x03, 0x0f,
    0x27, 0x03, 0x0f, 0x28, 0x03, 0x0f, 0x28, 0x03, 0x0f, 0x28, 0x03, 0x0f, 0x29, 0x03, 0x0f, 0x29,
    0x03, 0x0f, 0x29, 0x03, 0x0f, 0x29, 0x03, 0x0f, 0x29, 0x03, 0x0f, 0x29, 0x03, 0x0f, 0x29, 0x03,
    0x0f, 0x29, 0x03, 0x0f, 0x29, 0x03, 0x0f, 0x29, 0x03, 0x0f, 0x29, 0x03, 0x0f, 0x29, 0x03, 0x0f,
    0x29, 0x03, 0x0f, 0x29, 0x03, 0x0f, 0x29, 0x03, 0x0f, 0x29, 0x02, 0x0f, 0x29, 0x02, 0x0f, 0x29,
    0x03, 0x0f, 0x29, 0x03, 0x0f, 0x29, 0x03, 0x0f, 0x27, 0x03, 0x0f, 0x27, 0x02, 0x0f, 0x28, 0x01,
    0x0f, 0x29, 0x01, 0x0f, 0x29, 0x02, 0x10, 0x2a, 0x02, 0x10, 0x2a, 0x01, 0x0f, 0x29, 0x03, 0x0f,
    0x29, 0x03, 0x0f, 0x28, 0x03, 0x0f, 0x28, 0x03, 0x0f, 0x27, 0x03, 0x0f, 0x28, 0x02, 0x10, 0x2a,
    0x02, 0x10, 0x2a, 0x02, 0x10, 0x29, 0x02, 0x10, 0x2a, 0x01, 0x0f, 0x29, 0x01, 0x0f, 0x29, 0x01,
    0x0f, 0x29, 0x01, 0x10, 0x2a, 0x01, 0x0f, 0x29, 0x01, 0x0f, 0x29, 0x02, 0x0f, 0x29, 0x03, 0x0f,
    0x29, 0x03, 0x0f, 0x29, 0x03, 0x0f, 0x29, 0x03, 0x0f, 0x29, 0x03, 0x0f, 0x29, 0x04, 0x10, 0x2a,
    0x04, 0x10, 0x2a, 0x04, 0x10, 0x2a, 0x03, 0x10, 0x2a, 0x02, 0x10, 0x2a, 0x03, 0x0f, 0x29, 0x03,
    0x0f, 0x29, 0x03, 0x0f, 0x29, 0x04, 0x10, 0x29, 0x03, 0x0f, 0x28, 0x03, 0x0f, 0x27, 0x04, 0x10,
    0x28, 0x03, 0x10, 0x29, 0x04, 0x10, 0x29, 0x04, 0x10, 0x29, 0x04, 0x10, 0x29, 0x04, 0x10, 0x29,
    0x03, 0x0f, 0x29, 0x03, 0x0f, 0x29, 0x04, 0x10, 0x2a, 0x03, 0x0f, 0x29, 0x03, 0x0f, 0x29, 0x03,
    0x0f, 0x29, 0x03, 0x0f, 0x29, 0x03, 0x0f, 0x29, 0x03, 0x0f, 0x29, 0x03, 0x0f, 0x29, 0x03, 0x0f,
    0x29, 0x03, 0x0f, 0x29, 0x03, 0x0f, 0x28, 0x03, 0x0f, 0x28, 0x03, 0x0f, 0x28, 0x03, 0x0f, 0x28,
    0x03, 0x0f, 0x29, 0x03, 0x0f, 0x29, 0x03, 0x0f, 0x29, 0x02, 0x0f, 0x29, 0x03, 0x0f, 0x29, 0x03,
    0x0f, 0x28, 0x03, 0x0f, 0x28, 0x03, 0x0f, 0x29, 0x02, 0x0f, 0x29, 0x02, 0x0f, 0x29, 0x03, 0x0f,
    0x29, 0x03, 0x0f, 0x29, 0x03, 0x0f, 0x28, 0x03, 0x0f, 0x27, 0x03, 0x0f, 0x27, 0x04, 0x10, 0x28,
    0x03, 0x0f, 0x27, 0x03, 0x0f, 0x27, 0x03, 0x0f, 0x27, 0x03, 0x0f, 0x27, 0x03, 0x0f, 0x27, 0x03,
    0x0f, 0x27, 0x03, 0x0f, 0x27, 0x03, 0x0f, 0x27, 0x04, 0x10, 0x28, 0x03, 0x0f, 0x27, 0x03, 0x0f,
    0x28, 0x03, 0x0f, 0x27, 0x03, 0x0f, 0x27, 0x03, 0x0f, 0x27, 0x03, 0x0f, 0x28, 0x03, 0x0f, 0x29,
    0x03, 0x0f, 0x28, 0x03, 0x0f, 0x27, 0x03, 0x0f, 0x27, 0x03, 0x0f, 0x27, 0x03, 0x0f, 0x27, 0x04,
    0x10, 0x28, 0x03, 0x0f, 0x27, 0x03, 0x0f, 0x27, 0x03, 0x0f, 0x27, 0x03, 0x0f, 0x27, 0x03, 0x0f,
    0x27, 0x03, 0x0f, 0x27, 0x03, 0x0f, 0x27, 0x03, 0x0f, 0x27, 0x03, 0x0f, 0x27, 0x03, 0x0f, 0x27,
    0x03, 0x0f, 0x27, 0x03, 0x0f, 0x27, 0x03, 0x0f, 0x27, 0x03, 0x0f, 0x27, 0x03, 0x0f, 0x27, 0x03,
    0x0f, 0x27, 0x03, 0x0f, 0x27, 0x03, 0x0f, 0x28, 0x03, 0x0f, 0x29, 0x03, 0x0f, 0x28, 0x03, 0x0f,
    0x27, 0x03, 0x0f, 0x27, 0x03, 0x0f, 0x27, 0x03, 0x0f, 0x29, 0x03, 0x0f, 0x28, 0x03, 0x0f, 0x29,
    0x02, 0x10, 0x2a, 0x00, 0x0f, 0x27, 0x28, 0x38, 0x4f, 0x84, 0xa6, 0xc9, 0x72, 0x9c, 0xc8, 0x70,
    0x98, 0xc5, 0x6a, 0x95, 0xc1, 0x66, 0x91, 0xbe, 0x62, 0x8c, 0xb9, 0x5c, 0x84, 0xb3, 0x7a, 0xa1,
    0xc4, 0xae, 0xe3, 0xf6, 0xa5, 0xe1, 0xf9, 0xa2, 0xe0, 0xfa, 0x9f, 0xdf, 0xfb, 0x9d, 0xdd, 0xf9,
    0x9a, 0xdb, 0xf9, 0x97, 0xd9, 0xf9, 0x95, 0xd7, 0xf9, 0x91, 0xd5, 0xf8, 0x8f, 0xd3, 0xf6, 0x8d,
    0xd2, 0xf6, 0x8b, 0xd1, 0xf6, 0x88, 0xcf, 0xf5, 0x85, 0xcd, 0xf5, 0x83, 0xcb, 0xf4, 0x81, 0xca,
    0xf4, 0x7f, 0xc8, 0xf4, 0x7c, 0xc6, 0xf4, 0x79, 0xc5, 0xf3, 0x76, 0xc2, 0xf3, 0x74, 0xc0, 0xf1,
    0x71, 0xbd, 0xf0, 0x6f, 0xbb, 0xef, 0x6d, 0xb9, 0xef, 0x6c, 0xb9, 0xef, 0x6a, 0xb7, 0xee, 0x68,
    0xb5, 0xed, 0x66, 0xb5, 0xee, 0x65, 0xb4, 0xed, 0x65, 0xb4, 0xef, 0x6a, 0xad, 0xe3, 0x3d, 0x6d,
    0x9f, 0x34, 0x62, 0x98, 0x38, 0x64, 0x9a, 0x3a, 0x66, 0x9c, 0x3b, 0x67, 0x9c, 0x3a, 0x66, 0x9b,
    0x39, 0x66, 0x99, 0x39, 0x65, 0x99, 0x39, 0x66, 0x98, 0x39, 0x65, 0x98, 0x38, 0x65, 0x97, 0x38,
    0x64, 0x96, 0x38, 0x63, 0x96, 0x38, 0x62, 0x95, 0x38, 0x62, 0x94, 0x37, 0x62, 0x93, 0x37, 0x61,
    0x92, 0x37, 0x61, 0x92, 0x36, 0x61, 0x93, 0x36, 0x61, 0x93, 0x36, 0x60, 0x93, 0x35, 0x60, 0x91,
    0x34, 0x5f, 0x91, 0x34, 0x60, 0x91, 0x35, 0x61, 0x91, 0x2f, 0x57, 0x89, 0x23, 0x48, 0x7b, 0x21,
    0x46, 0x7a, 0x22, 0x47, 0x7b, 0x22, 0x47, 0x7b, 0x23, 0x48, 0x7c, 0x24, 0x49, 0x7d, 0x25, 0x4a,
    0x7e, 0x25, 0x4b, 0x7f, 0x25, 0x4c, 0x80, 0x32, 0x55, 0x83, 0x11, 0x21, 0x3d, 0x02, 0x0f, 0x27,
    0x01, 0x10, 0x29, 0x01, 0x10, 0x2a, 0x02, 0x10, 0x2a, 0x02, 0x10, 0x2a, 0x02, 0x10, 0x2a, 0x02,
    0x10, 0x2a, 0x03, 0x0f, 0x28, 0x03, 0x0f, 0x28, 0x03, 0x0f, 0x29, 0x03, 0x0f, 0x29, 0x03, 0x0f,
    0x29, 0x03, 0x0f, 0x29, 0x03, 0x0f, 0x29, 0x03, 0x0f, 0x29, 0x02, 0x0f, 0x29, 0x02, 0x0f, 0x29,
    0x03, 0x0f, 0x29, 0x02, 0x0f, 0x29, 0x01, 0x0f, 0x29, 0x01, 0x0f, 0x29, 0x02, 0x0f, 0x29, 0x02,
    0x0f, 0x29, 0x02, 0x0f, 0x29, 0x03, 0x0f, 0x29, 0x03, 0x0f, 0x29, 0x02, 0x0f, 0x29, 0x02, 0x0f,
    0x29, 0x03, 0x0f, 0x29, 0x03, 0x0f, 0x29, 0x03, 0x0f, 0x28, 0x03, 0x0f, 0x27, 0x03, 0x0f, 0x27,
    0x03, 0x0f, 0x27, 0x03, 0x0f, 0x28, 0x01, 0x0f, 0x29, 0x01, 0x0f, 0x28, 0x01, 0x0f, 0x29, 0x02,
    0x0f, 0x29, 0x03, 0x0f, 0x29, 0x03, 0x0f, 0x29, 0x03, 0x0f, 0x29, 0x03, 0x0f, 0x29, 0x03, 0x0f,
    0x28, 0x03, 0x0f, 0x28, 0x03, 0x0f, 0x28, 0x03, 0x0f, 0x28, 0x03, 0x0f, 0x29, 0x03, 0x0f, 0x29,
    0x03, 0x0f, 0x29, 0x03, 0x0f, 0x29, 0x01, 0x0f, 0x29, 0x02, 0x0f, 0x29, 0x03, 0x0f, 0x29, 0x03,
    0x0f, 0x29, 0x02, 0x0f, 0x27, 0x01, 0x0f, 0x27, 0x01, 0x0f, 0x28, 0x01, 0x0f, 0x2a, 0x02, 0x0f,
    0x29, 0x03, 0x0f, 0x29, 0x03, 0x0f, 0x29, 0x02, 0x0f, 0x29, 0x03, 0x0f, 0x29, 0x03, 0x0f, 0x29,
    0x03, 0x0f, 0x28, 0x03, 0x0f, 0x27, 0x03, 0x0f, 0x28, 0x03, 0x0f, 0x28, 0x04, 0x10, 0x28, 0x03,
    0x0f, 0x28, 0x03, 0x0f, 0x28, 0x02, 0x0f, 0x29, 0x02, 0x0f, 0x29, 0x01, 0x0f, 0x29, 0x01, 0x0f,
    0x29, 0x02, 0x0f, 0x29, 0x03, 0x0f, 0x29, 0x03, 0x0f, 0x29, 0x03, 0x10, 0x2a, 0x02, 0x0f, 0x29,
    0x01, 0x0f, 0x29, 0x02, 0x0f, 0x29, 0x02, 0x0f, 0x29, 0x03, 0x0f, 0x29, 0x04, 0x10, 0x29, 0x03,
    0x0f, 0x29, 0x03, 0x0f, 0x29, 0x02, 0x0f, 0x29, 0x03, 0x0f, 0x29, 0x03, 0x0f, 0x29, 0x03, 0x0f,
    0x29, 0x03, 0x0f, 0x29, 0x03, 0x0f, 0x28, 0x03, 0x0f, 0x27, 0x03, 0x0f, 0x28, 0x02, 0x10, 0x28,
    0x02, 0x10, 0x29, 0x02, 0x0f, 0x29, 0x02, 0x10, 0x29, 0x03, 0x10, 0x2a, 0x04, 0x10, 0x29, 0x03,
    0x0f, 0x29, 0x03, 0x0f, 0x29, 0x03, 0x0f, 0x29, 0x03, 0x0f, 0x29, 0x03, 0x0f, 0x29, 0x03, 0x0f,
    0x29, 0x03, 0x10, 0x2a, 0x03, 0x0f, 0x29, 0x03, 0x0f, 0x29, 0x03, 0x0f, 0x29, 0x03, 0x0f, 0x29,
    0x02, 0x0f, 0x29, 0x03, 0x0f, 0x29, 0x03, 0x0f, 0x29, 0x03, 0x0f, 0x29, 0x03, 0x0f, 0x29, 0x03,
    0x0f, 0x29, 0x03, 0x0f, 0x29, 0x02, 0x0f, 0x29, 0x03, 0x0f, 0x29, 0x03, 0x0f, 0x29, 0x03, 0x0f,
    0x28, 0x03, 0x0f, 0x29, 0x02, 0x0f, 0x29, 0x03, 0x0f, 0x29, 0x03, 0x0f, 0x29, 0x03, 0x0f, 0x29,
    0x03, 0x0f, 0x28, 0x03, 0x0f, 0x27, 0x03, 0x0f, 0x27, 0x04, 0x10, 0x28, 0x03, 0x0f, 0x27, 0x03,
    0x0f, 0x27, 0x03, 0x0f, 0x27, 0x04, 0x10, 0x28, 0x03, 0x0f, 0x28, 0x03, 0x0f, 0x27, 0x03, 0x0f,
    0x27, 0x03, 0x0f, 0x27, 0x03, 0x0f, 0x28, 0x04, 0x10, 0x29, 0x04, 0x10, 0x29, 0x04, 0x10, 0x29,
    0x03, 0x0f, 0x29, 0x03, 0x0f, 0x29, 0x03, 0x0f, 0x29, 0x03, 0x0f, 0x28, 0x03, 0x0f, 0x27, 0x03,
    0x0f, 0x27, 0x03, 0x0f, 0x27, 0x03, 0x0f, 0x27, 0x03, 0x0f, 0x27, 0x04, 0x10, 0x28, 0x04, 0x10,
    0x28, 0x04, 0x10, 0x28, 0x03, 0x0f, 0x27, 0x03, 0x0f, 0x27, 0x03, 0x0f, 0x27, 0x03, 0x0f, 0x27,
    0x03, 0x0f, 0x27, 0x03, 0x0f, 0x27, 0x03, 0x0f, 0x27, 0x03, 0x0f, 0x27, 0x03, 0x0f, 0x27, 0x03,
    0x0f, 0x27, 0x03, 0x0f, 0x27, 0x03, 0x0f, 0x27, 0x03, 0x0f, 0x27, 0x03, 0x0f, 0x27, 0x03, 0x0f,
    0x28, 0x03, 0x0f, 0x28, 0x03, 0x0f, 0x28, 0x03, 0x0f, 0x27, 0x03, 0x0f, 0x27, 0x03, 0x0f, 0x27,
    0x03, 0x0f, 0x28, 0x03, 0x0f, 0x28, 0x03, 0x0f, 0x27, 0x03, 0x0f, 0x27, 0x02, 0x10, 0x2a, 0x00,
    0x0e, 0x27, 0x29, 0x38, 0x50, 0x84, 0xa6, 0xca, 0x71, 0x9a, 0xc6, 0x6d, 0x97, 0xc3, 0x69, 0x93,
    0xbf, 0x64, 0x8e, 0xbc, 0x5f, 0x89, 0xb7, 0x59, 0x81, 0xb0, 0x77, 0x9f, 0xc2, 0xac, 0xe2, 0xf5,
    0xa3, 0xe0, 0xfa, 0xa0, 0xdf, 0xfb, 0x9e, 0xde, 0xfa, 0x9b, 0xdc, 0xfa, 0x99, 0xda, 0xf8, 0x96,
    0xd8, 0xf9, 0x92, 0xd6, 0xf8, 0x90, 0xd4, 0xf7, 0x8d, 0xd3, 0xf6, 0x8a, 0xd1, 0xf7, 0x88, 0xd0,
    0xf6, 0x85, 0xce, 0xf6, 0x82, 0xcb, 0xf4, 0x80, 0xca, 0xf3, 0x7e, 0xc8, 0xf3, 0x7b, 0xc6, 0xf4,
    0x78, 0xc4, 0xf3, 0x75, 0xc1, 0xf2, 0x73, 0xbf, 0xf1, 0x71, 0xbd, 0xf0, 0x6f, 0xbb, 0xef, 0x6d,
    0xb9, 0xef, 0x6b, 0xb8, 0xef, 0x69, 0xb6, 0xee, 0x67, 0xb5, 0xec, 0x64, 0xb3, 0xec, 0x63, 0xb2,
    0xec, 0x63, 0xb2, 0xed, 0x61, 0xb2, 0xee, 0x66, 0xae, 0xe7, 0x49, 0x89, 0xc4, 0x48, 0x8c, 0xcc,
    0x52, 0x97, 0xd4, 0x57, 0x9c, 0xda, 0x5a, 0xa0, 0xdc, 0x5b, 0xa1, 0xdd, 0x5d, 0xa2, 0xde, 0x5d,
    0xa3, 0xde, 0x5d, 0xa3, 0xde, 0x5d, 0xa4, 0xde, 0x5d, 0xa4, 0xde, 0x5d, 0xa4, 0xde, 0x5d, 0xa4,
    0xde, 0x5d, 0xa4, 0xde, 0x5e, 0xa4, 0xde, 0x5e, 0xa4, 0xde, 0x5e, 0xa4, 0xde, 0x5d, 0xa4, 0xdd,
    0x5d, 0xa4, 0xdd, 0x5d, 0xa4, 0xde, 0x5d, 0xa4, 0xdd, 0x5c, 0xa3, 0xdd, 0x5d, 0xa2, 0xdc, 0x5c,
    0xa2, 0xde, 0x5d, 0xa1, 0xdd, 0x5d, 0x9e, 0xd6, 0x4e, 0x83, 0xb6, 0x28, 0x4f, 0x80, 0x1f, 0x44,
    0x79, 0x21, 0x46, 0x79, 0x23, 0x47, 0x7a, 0x23, 0x48, 0x7c, 0x24, 0x49, 0x7c, 0x25, 0x4a, 0x7e,
    0x25, 0x4b, 0x7f, 0x32, 0x54, 0x83, 0x11, 0x21, 0x3d, 0x01, 0x0f, 0x27, 0x02, 0x0f, 0x29, 0x03,
    0x0f, 0x29, 0x02, 0x0f, 0x29, 0x01, 0x0f, 0x29, 0x02, 0x0f, 0x29, 0x03, 0x0f, 0x29, 0x02, 0x0f,
    0x29, 0x02, 0x0f, 0x29, 0x02, 0x0f, 0x29, 0x03, 0x0f, 0x29, 0x03, 0x0f, 0x29, 0x03, 0x0f, 0x29,
    0x03, 0x0f, 0x29, 0x02, 0x0f, 0x29, 0x03, 0x0f, 0x29, 0x03, 0x0f, 0x29, 0x02, 0x0f, 0x29, 0x02,
    0x0f, 0x29, 0x01, 0x0f, 0x29, 0x01, 0x0f, 0x29, 0x02, 0x0f, 0x29, 0x03, 0x0f, 0x28, 0x03, 0x0f,
    0x28, 0x03, 0x0f, 0x28, 0x03, 0x0f, 0x27, 0x02, 0x0f, 0x28, 0x02, 0x0f, 0x29, 0x03, 0x0f, 0x29,
    0x03, 0x0f, 0x29, 0x03, 0x0f, 0x29, 0x03, 0x0f, 0x29, 0x03, 0x0f, 0x29, 0x03, 0x0f, 0x29, 0x03,
    0x0f, 0x28, 0x02, 0x0f, 0x28, 0x02, 0x0f, 0x27, 0x02, 0x0f, 0x28, 0x03, 0x0f, 0x28, 0x03, 0x0f,
    0x29, 0x03, 0x0f, 0x29, 0x03, 0x0f, 0x29, 0x03, 0x0f, 0x29, 0x02, 0x0f, 0x29, 0x02, 0x0f, 0x29,
    0x03, 0x0f, 0x29, 0x03, 0x0f, 0x29, 0x02, 0x0f, 0x29, 0x02, 0x0f, 0x29, 0x02, 0x0f, 0x29, 0x02,
    0x0f, 0x29, 0x02, 0x0f, 0x29, 0x03, 0x0f, 0x29, 0x03, 0x0f, 0x29, 0x03, 0x0f, 0x29, 0x02, 0x0f,
    0x29, 0x01, 0x10, 0x29, 0x02, 0x10, 0x29, 0x02, 0x0f, 0x2a, 0x03, 0x10, 0x2a, 0x03, 0x0f, 0x29,
    0x03, 0x0f, 0x29, 0x03, 0x0f, 0x29, 0x03, 0x0f, 0x29, 0x03, 0x0f, 0x29, 0x03, 0x0f, 0x28, 0x03,
    0x0f, 0x28, 0x03, 0x0f, 0x28, 0x03, 0x0f, 0x29, 0x03, 0x0f, 0x29, 0x03, 0x0f, 0x29, 0x03, 0x0f,
    0x29, 0x03, 0x0f, 0x29, 0x03, 0x0f, 0x29, 0x03, 0x0f, 0x29, 0x02, 0x0e, 0x28, 0x03, 0x0f, 0x27,
    0x03, 0x0f, 0x28, 0x03, 0x0f, 0x28, 0x03, 0x0f, 0x28, 0x03, 0x0f, 0x29, 0x02, 0x0f, 0x29, 0x02,
    0x0f, 0x29, 0x02, 0x0f, 0x29, 0x03, 0x0f, 0x28, 0x03, 0x0f, 0x28, 0x03, 0x0f, 0x28, 0x03, 0x0f,
    0x28, 0x03, 0x0f, 0x29, 0x03, 0x0f, 0x29, 0x03, 0x0f, 0x29, 0x03, 0x0f, 0x29, 0x03, 0x0f, 0x29,
    0x03, 0x0f, 0x28, 0x03, 0x0f, 0x27, 0x03, 0x0f, 0x28, 0x03, 0x0f, 0x27, 0x03, 0x10, 0x28, 0x03,
    0x0f, 0x28, 0x03, 0x0f, 0x28, 0x03, 0x0f, 0x28, 0x04, 0x10, 0x28, 0x04, 0x10, 0x28, 0x03, 0x0f,
    0x28, 0x04, 0x0f, 0x28, 0x03, 0x0f, 0x28, 0x02, 0x10, 0x29, 0x02, 0x10, 0x2a, 0x02, 0x10, 0x2a,
    0x02, 0x0f, 0x29, 0x03, 0x0f, 0x29, 0x03, 0x0f, 0x29, 0x03, 0x0f, 0x28, 0x03, 0x0f, 0x29, 0x03,
    0x0f, 0x29, 0x03, 0x0f, 0x29, 0x01, 0x0f, 0x29, 0x01, 0x0f, 0x29, 0x01, 0x0f, 0x27, 0x02, 0x10,
    0x28, 0x01, 0x0f, 0x29, 0x02, 0x0f, 0x29, 0x02, 0x0f, 0x29, 0x02, 0x10, 0x29, 0x02, 0x0f, 0x29,
    0x01, 0x0f, 0x29, 0x03, 0x0f, 0x28, 0x03, 0x0f, 0x28, 0x04, 0x10, 0x29, 0x04, 0x10, 0x28, 0x03,
    0x0f, 0x27, 0x03, 0x0f, 0x27, 0x03, 0x0f, 0x28, 0x03, 0x0f, 0x27, 0x03, 0x0f, 0x27, 0x03, 0x0f,
    0x27, 0x03, 0x0f, 0x27, 0x03, 0x0f, 0x28, 0x03, 0x0f, 0x28, 0x03, 0x0f, 0x28, 0x03, 0x0f, 0x28,
    0x03, 0x0f, 0x28, 0x04, 0x10, 0x29, 0x04, 0x10, 0x2a, 0x03, 0x0f, 0x2a, 0x04, 0x10, 0x2a, 0x04,
    0x10, 0x2a, 0x03, 0x0f, 0x29, 0x03, 0x0f, 0x28, 0x03, 0x0f, 0x28, 0x02, 0x10, 0x27, 0x03, 0x0f,
    0x27, 0x03, 0x0f, 0x27, 0x03, 0x0f, 0x27, 0x04, 0x10, 0x28, 0x04, 0x10, 0x28, 0x04, 0x10, 0x28,
    0x03, 0x0f, 0x27, 0x03, 0x0f, 0x27, 0x03, 0x0f, 0x27, 0x03, 0x0f, 0x27, 0x03, 0x0f, 0x28, 0x03,
    0x0f, 0x27, 0x03, 0x0f, 0x27, 0x03, 0x0f, 0x27, 0x03, 0x0f, 0x27, 0x03, 0x0f, 0x27, 0x03, 0x0f,
    0x27, 0x03, 0x0f, 0x27, 0x03, 0x0f, 0x27, 0x03, 0x0f, 0x28, 0x03, 0x0f, 0x29, 0x03, 0x0f, 0x29,
    0x03, 0x0f, 0x28, 0x03, 0x0f, 0x28, 0x03, 0x0f, 0x27, 0x03, 0x0f, 0x27, 0x03, 0x0f, 0x27, 0x03,
    0x0f, 0x28, 0x03, 0x0f, 0x29, 0x03, 0x0f, 0x29, 0x02, 0x10, 0x2a, 0x00, 0x0d, 0x27, 0x29, 0x38,
    0x50, 0x83, 0xa4, 0xc9, 0x70, 0x98, 0xc4, 0x6c, 0x95, 0xc0, 0x67, 0x90, 0xbd, 0x62, 0x8b, 0xb9,
    0x5d, 0x86, 0xb4, 0x56, 0x7e, 0xad, 0x75, 0x9d, 0xc0, 0xa9, 0xe1, 0xf5, 0xa0, 0xdf, 0xfa, 0x9e,
    0xde, 0xfa, 0x9c, 0xdd, 0xfa, 0x99, 0xdb, 0xf9, 0x97, 0xd9, 0xf8, 0x93, 0xd7, 0xf8, 0x90, 0xd5,
    0xf7, 0x8d, 0xd4, 0xf7, 0x8a, 0xd2, 0xf7, 0x87, 0xd0, 0xf7, 0x84, 0xce, 0xf6, 0x82, 0xcc, 0xf5,
    0x80, 0xca, 0xf3, 0x7e, 0xc8, 0xf2, 0x7b, 0xc6, 0xf3, 0x77, 0xc3, 0xf2, 0x75, 0xc1, 0xf2, 0x72,
    0xbf, 0xf0, 0x6f, 0xbc, 0xf0, 0x6d, 0xbb, 0xef, 0x6b, 0xb9, 0xef, 0x69, 0xb7, 0xef, 0x67, 0xb5,
    0xee, 0x66, 0xb4, 0xed, 0x63, 0xb2, 0xec, 0x61, 0xb0, 0xeb, 0x60, 0xb0, 0xec, 0x5f, 0xaf, 0xec,
    0x5d, 0xaf, 0xec, 0x61, 0xab, 0xe6, 0x43, 0x88, 0xc9, 0x42, 0x8b, 0xd1, 0x4a, 0x95, 0xd9, 0x4f,
    0x9a, 0xdd, 0x51, 0x9d, 0xde, 0x53, 0x9f, 0xe0, 0x55, 0xa0, 0xe1, 0x55, 0xa0, 0xe2, 0x55, 0xa1,
    0xe2, 0x54, 0xa1, 0xe2, 0x53, 0xa1, 0xe1, 0x52, 0xa1, 0xe1, 0x52, 0xa1, 0xe1, 0x53, 0xa1, 0xe1,
    0x53, 0xa1, 0xe2, 0x53, 0xa1, 0xe2, 0x53, 0xa1, 0xe2, 0x53, 0xa1, 0xe2, 0x53, 0xa1, 0xe2, 0x53,
    0xa1, 0xe1, 0x53, 0xa1, 0xe1, 0x52, 0xa1, 0xe1, 0x53, 0xa0, 0xe0, 0x52, 0xa0, 0xe1, 0x52, 0x9f,
    0xe1, 0x54, 0x9e, 0xe0, 0x59, 0xa2, 0xe1, 0x4d, 0x83, 0xb4, 0x21, 0x45, 0x76, 0x1f, 0x44, 0x76,
    0x22, 0x45, 0x79, 0x22, 0x47, 0x7a, 0x23, 0x49, 0x7a, 0x24, 0x49, 0x7d, 0x24, 0x49, 0x7e, 0x32,
    0x53, 0x82, 0x12, 0x21, 0x3e, 0x01, 0x0f, 0x27, 0x03, 0x0f, 0x29, 0x03, 0x0f, 0x29, 0x03, 0x0f,
    0x29, 0x01, 0x0f, 0x29, 0x02, 0x0f, 0x29, 0x02, 0x0f, 0x29, 0x01, 0x0f, 0x29, 0x01, 0x0f, 0x29,
    0x01, 0x0f, 0x29, 0x02, 0x0f, 0x29, 0x02, 0x0f, 0x29, 0x02, 0x0f, 0x29, 0x02, 0x0f, 0x29, 0x01,
    0x0f, 0x29, 0x03, 0x0f, 0x29, 0x03, 0x0f, 0x29, 0x02, 0x0f, 0x29, 0x02, 0x0f, 0x29, 0x01, 0x0f,
    0x29, 0x01, 0x0f, 0x29, 0x02, 0x0f, 0x29, 0x03, 0x0f, 0x29, 0x03, 0x0f, 0x28, 0x03, 0x0f, 0x28,
    0x03, 0x0f, 0x29, 0x03, 0x0f, 0x29, 0x03, 0x0f, 0x29, 0x03, 0x0f, 0x29, 0x03, 0x0f, 0x29, 0x03,
    0x0f, 0x29, 0x03, 0x0f, 0x29, 0x03, 0x0f, 0x29, 0x03, 0x0f, 0x29, 0x03, 0x0f, 0x28, 0x03, 0x0f,
    0x27, 0x03, 0x0f, 0x27, 0x03, 0x0f, 0x27, 0x02, 0x0f, 0x27, 0x02, 0x0f, 0x29, 0x03, 0x0f, 0x29,
    0x03, 0x0f, 0x29, 0x02, 0x0f, 0x29, 0x01, 0x0f, 0x2a, 0x02, 0x0f, 0x29, 0x03, 0x0f, 0x29, 0x03,
    0x0f, 0x29, 0x02, 0x0f, 0x29, 0x01, 0x0f, 0x29, 0x01, 0x0f, 0x29, 0x01, 0x0f, 0x29, 0x02, 0x0f,
    0x29, 0x03, 0x0f, 0x29, 0x03, 0x0f, 0x29, 0x02, 0x0f, 0x29, 0x03, 0x0f, 0x29, 0x03, 0x0f, 0x2a,
    0x03, 0x0f, 0x29, 0x03, 0x10, 0x2a, 0x03, 0x10, 0x2a, 0x03, 0x0f, 0x29, 0x03, 0x0f, 0x29, 0x03,
    0x0f, 0x29, 0x03, 0x0f, 0x29, 0x03, 0x0f, 0x29, 0x03, 0x0f, 0x29, 0x03, 0x0f, 0x29, 0x03, 0x0f,
    0x29, 0x03, 0x0f, 0x29, 0x03, 0x0f, 0x29, 0x03, 0x0f, 0x29, 0x04, 0x10, 0x2a, 0x03, 0x0f, 0x29,
    0x03, 0x0f, 0x29, 0x02, 0x0f, 0x29, 0x01, 0x0f, 0x28, 0x02, 0x0f, 0x28, 0x02, 0x0f, 0x28, 0x02,
    0x0f, 0x28, 0x02, 0x0f, 0x28, 0x03, 0x0f, 0x29, 0x03, 0x0f, 0x29, 0x03, 0x0f, 0x29, 0x02, 0x0f,
    0x29, 0x03, 0x0f, 0x27, 0x03, 0x0f, 0x27, 0x03, 0x0f, 0x27, 0x03, 0x0f, 0x27, 0x03, 0x0f, 0x29,
    0x03, 0x0f, 0x29, 0x03, 0x0f, 0x29, 0x03, 0x0f, 0x29, 0x03, 0x0f, 0x29, 0x03, 0x0f, 0x29, 0x03,
    0x0f, 0x27, 0x03, 0x0f, 0x27, 0x03, 0x0f, 0x27, 0x04, 0x10, 0x28, 0x04, 0x0f, 0x27, 0x03, 0x0f,
    0x27, 0x03, 0x0f, 0x27, 0x04, 0x10, 0x27, 0x04, 0x10, 0x28, 0x03, 0x0f, 0x27, 0x03, 0x0f, 0x27,
    0x03, 0x0f, 0x27, 0x01, 0x0f, 0x28, 0x01, 0x0f, 0x29, 0x02, 0x0f, 0x29, 0x03, 0x10, 0x2a, 0x03,
    0x0f, 0x29, 0x03, 0x0f, 0x29, 0x03, 0x0f, 0x28, 0x03, 0x0f, 0x29, 0x03, 0x0f, 0x29, 0x03, 0x10,
    0x2a, 0x02, 0x0f, 0x29, 0x02, 0x0f, 0x29, 0x02, 0x0f, 0x27, 0x02, 0x0f, 0x27, 0x03, 0x0f, 0x29,
    0x02, 0x0f, 0x2a, 0x01, 0x10, 0x2a, 0x01, 0x10, 0x2a, 0x01, 0x10, 0x2a, 0x01, 0x0f, 0x29, 0x03,
    0x0f, 0x28, 0x03, 0x0f, 0x27, 0x04, 0x10, 0x29, 0x04, 0x10, 0x29, 0x04, 0x10, 0x29, 0x03, 0x0f,
    0x29, 0x03, 0x0f, 0x29, 0x03, 0x0f, 0x28, 0x03, 0x0f, 0x27, 0x03, 0x0f, 0x27, 0x03, 0x0f, 0x27,
    0x03, 0x0f, 0x27, 0x03, 0x0f, 0x27, 0x03, 0x0f, 0x27, 0x03, 0x0f, 0x27, 0x03, 0x0f, 0x27, 0x04,
    0x10, 0x28, 0x04, 0x10, 0x2a, 0x03, 0x0f, 0x29, 0x04, 0x10, 0x2a, 0x04, 0x10, 0x2a, 0x03, 0x0f,
    0x29, 0x03, 0x0f, 0x2a, 0x03, 0x0f, 0x29, 0x01, 0x10, 0x27, 0x03, 0x0f, 0x27, 0x03, 0x0f, 0x27,
    0x03, 0x0f, 0x27, 0x03, 0x0f, 0x27, 0x04, 0x10, 0x28, 0x03, 0x0f, 0x27, 0x03, 0x0f, 0x27, 0x03,
    0x0f, 0x27, 0x03, 0x0f, 0x27, 0x03, 0x0f, 0x27, 0x02, 0x0e, 0x27, 0x02, 0x0e, 0x27, 0x03, 0x0f,
    0x26, 0x03, 0x0f, 0x27, 0x03, 0x0f, 0x27, 0x03, 0x0f, 0x27, 0x03, 0x0f, 0x27, 0x03, 0x0f, 0x27,
    0x03, 0x0f, 0x27, 0x03, 0x0f, 0x28, 0x03, 0x0f, 0x29, 0x03, 0x0f, 0x29, 0x03, 0x0f, 0x29, 0x03,
    0x0f, 0x29, 0x03, 0x0f, 0x29, 0x04, 0x10, 0x29, 0x03, 0x0f, 0x29, 0x03, 0x0f, 0x29, 0x03, 0x0f,
    0x29, 0x03, 0x0f, 0x29, 0x02, 0x10, 0x2a, 0x00, 0x0d, 0x27, 0x29, 0x38, 0x50, 0x81, 0xa2, 0xc7,
    0x6e, 0x96, 0xc2, 0x6a, 0x92, 0xbe, 0x65, 0x8d, 0xbb, 0x5f, 0x88, 0xb6, 0x5a, 0x83, 0xb1, 0x54,
    0x7c, 0xab, 0x73, 0x9b, 0xbf, 0xa7, 0xdf, 0xf5, 0x9e, 0xdd, 0xfa, 0x9b, 0xdc, 0xfa, 0x99, 0xdb,
    0xf9, 0x96, 0xd9, 0xf9, 0x93, 0xd8, 0xf8, 0x90, 0xd6, 0xf7, 0x8d, 0xd4, 0xf7, 0x89, 0xd2, 0xf7,
    0x87, 0xd0, 0xf7, 0x84, 0xce, 0xf6, 0x81, 0xcc, 0xf5, 0x7e, 0xca, 0xf5, 0x7c, 0xc8, 0xf3, 0x7a,
    0xc6, 0xf3, 0x77, 0xc3, 0xf2, 0x74, 0xc1, 0xf1, 0x71, 0xbf, 0xf0, 0x6f, 0xbc, 0xf0, 0x6d, 0xba,
    0xf0, 0x6a, 0xb9, 0xef, 0x67, 0xb7, 0xee, 0x65, 0xb5, 0xee, 0x63, 0xb3, 0xee, 0x62, 0xb1, 0xec,
    0x60, 0xaf, 0xeb, 0x5e, 0xad, 0xea, 0x5c, 0xad, 0xeb, 0x5b, 0xac, 0xeb, 0x58, 0xac, 0xeb, 0x5e,
    0xa9, 0xe5, 0x41, 0x86, 0xc8, 0x41, 0x8a, 0xd0, 0x4a, 0x93, 0xd7, 0x4e, 0x98, 0xdb, 0x50, 0x9b,
    0xde, 0x52, 0x9d, 0xdf, 0x53, 0x9e, 0xdf, 0x53, 0x9e, 0xdf, 0x53, 0x9e, 0xe0, 0x53, 0x9e, 0xe0,
    0x51, 0x9f, 0xe1, 0x51, 0x9f, 0xe1, 0x52, 0xa0, 0xe1, 0x52, 0xa0, 0xe1, 0x52, 0xa0, 0xe1, 0x52,
    0xa0, 0xe0, 0x52, 0xa0, 0xe0, 0x52, 0xa0, 0xe0, 0x52, 0xa0, 0xe1, 0x52, 0xa0, 0xe1, 0x52, 0xa0,
    0xe1, 0x51, 0x9f, 0xe0, 0x51, 0x9e, 0xe1, 0x50, 0x9e, 0xe0, 0x50, 0x9d, 0xde, 0x51, 0x9c, 0xdf,
    0x50, 0x9c, 0xdf, 0x57, 0x9a, 0xd5, 0x2b, 0x54, 0x86, 0x1f, 0x42, 0x71, 0x20, 0x44, 0x76, 0x21,
    0x45, 0x77, 0x21, 0x47, 0x78, 0x22, 0x48, 0x7a, 0x23, 0x48, 0x7c, 0x31, 0x52, 0x81, 0x12, 0x20,
    0x3d, 0x01, 0x0f, 0x27, 0x03, 0x0f, 0x29, 0x02, 0x0f, 0x29, 0x02, 0x0f, 0x29, 0x03, 0x10, 0x2a,
    0x03, 0x10, 0x2a, 0x01, 0x0f, 0x29, 0x01, 0x0f, 0x29, 0x01, 0x0f, 0x29, 0x01, 0x0f, 0x29, 0x01,
    0x0f, 0x29, 0x01, 0x0f, 0x29, 0x01, 0x0f, 0x29, 0x01, 0x0f, 0x29, 0x02, 0x0f, 0x29, 0x03, 0x0f,
    0x29, 0x03, 0x0f, 0x29, 0x02, 0x0f, 0x29, 0x02, 0x0f, 0x29, 0x01, 0x0f, 0x29, 0x01, 0x0f, 0x29,
    0x02, 0x0f, 0x29, 0x02, 0x0f, 0x29, 0x01, 0x0f, 0x29, 0x01, 0x0f, 0x29, 0x02, 0x0f, 0x29, 0x03,
    0x0f, 0x2a, 0x03, 0x0f, 0x29, 0x03, 0x0f, 0x29, 0x03, 0x0f, 0x29, 0x03, 0x0f, 0x29, 0x03, 0x0f,
    0x29, 0x03, 0x0f, 0x29, 0x03, 0x0f, 0x29, 0x03, 0x0f, 0x29, 0x03, 0x0f, 0x29, 0x03, 0x0f, 0x29,
    0x03, 0x0f, 0x29, 0x03, 0x0f, 0x29, 0x02, 0x0f, 0x29, 0x03, 0x0f, 0x29, 0x03, 0x0f, 0x29, 0x01,
    0x0f, 0x29, 0x01, 0x0f, 0x29, 0x02, 0x10, 0x2a, 0x03, 0x10, 0x2a, 0x03, 0x0f, 0x29, 0x01, 0x0f,
    0x29, 0x01, 0x0f, 0x29, 0x01, 0x0f, 0x29, 0x01, 0x0f, 0x29, 0x02, 0x0f, 0x29, 0x03, 0x0f, 0x29,
    0x04, 0x10, 0x2a, 0x02, 0x10, 0x2a, 0x03, 0x0f, 0x29, 0x04, 0x0f, 0x29, 0x03, 0x0f, 0x29, 0x03,
    0x0f, 0x29, 0x03, 0x0f, 0x29, 0x03, 0x0f, 0x29, 0x03, 0x0f, 0x29, 0x03, 0x0f, 0x29, 0x03, 0x0f,
    0x29, 0x03, 0x0f, 0x29, 0x03, 0x0f, 0x29, 0x03, 0x0f, 0x29, 0x03, 0x0f, 0x29, 0x03, 0x0f, 0x29,
    0x03, 0x0f, 0x29, 0x03, 0x0f, 0x29, 0x04, 0x10, 0x29, 0x03, 0x0f, 0x28, 0x03, 0x10, 0x28, 0x01,
    0x10, 0x28, 0x01, 0x10, 0x28, 0x01, 0x0e, 0x28, 0x01, 0x0f, 0x29, 0x01, 0x0f, 0x29, 0x01, 0x0f,
    0x29, 0x03, 0x0f, 0x29, 0x03, 0x0f, 0x29, 0x03, 0x0f, 0x29, 0x02, 0x0f, 0x29, 0x03, 0x0f, 0x28,
    0x03, 0x0f, 0x28, 0x03, 0x0f, 0x29, 0x03, 0x0f, 0x29, 0x03, 0x0f, 0x29, 0x03, 0x0f, 0x29, 0x03,
    0x0f, 0x29, 0x03, 0x0f, 0x29, 0x02, 0x0f, 0x29, 0x02, 0x0f, 0x29, 0x03, 0x0f, 0x28, 0x03, 0x0f,
    0x27, 0x03, 0x0f, 0x27, 0x03, 0x0f, 0x27, 0x03, 0x0f, 0x27, 0x03, 0x0f, 0x27, 0x03, 0x0f, 0x27,
    0x03, 0x0f, 0x27, 0x03, 0x0f, 0x27, 0x03, 0x0f, 0x27, 0x03, 0x0f, 0x27, 0x02, 0x0f, 0x27, 0x01,
    0x0f, 0x27, 0x01, 0x0f, 0x29, 0x02, 0x0f, 0x29, 0x03, 0x0f, 0x29, 0x03, 0x0f, 0x29, 0x03, 0x0f,
    0x29, 0x03, 0x0f, 0x29, 0x03, 0x0f, 0x29, 0x03, 0x0f, 0x29, 0x04, 0x10, 0x29, 0x03, 0x10, 0x28,
    0x03, 0x0f, 0x29, 0x03, 0x0f, 0x27, 0x03, 0x0f, 0x27, 0x03, 0x0f, 0x29, 0x02, 0x0f, 0x2a, 0x01,
    0x0f, 0x29, 0x02, 0x10, 0x2a, 0x01, 0x0f, 0x29, 0x03, 0x0f, 0x29, 0x03, 0x0f, 0x28, 0x04, 0x10,
    0x28, 0x03, 0x10, 0x29, 0x03, 0x10, 0x2a, 0x04, 0x0f, 0x2a, 0x03, 0x0f, 0x29, 0x03, 0x0f, 0x29,
    0x03, 0x0f, 0x28, 0x03, 0x0f, 0x27, 0x03, 0x0f, 0x27, 0x03, 0x0f, 0x27, 0x03, 0x0f, 0x27, 0x03,
    0x0f, 0x27, 0x03, 0x0f, 0x27, 0x03, 0x0f, 0x27, 0x04, 0x10, 0x27, 0x04, 0x10, 0x28, 0x04, 0x10,
    0x2a, 0x04, 0x10, 0x2a, 0x04, 0x10, 0x2a, 0x03, 0x0f, 0x29, 0x03, 0x0f, 0x29, 0x03, 0x0f, 0x29,
    0x03, 0x0f, 0x29, 0x02, 0x0f, 0x29, 0x03, 0x0f, 0x29, 0x03, 0x0f, 0x29, 0x03, 0x0f, 0x28, 0x03,
    0x0f, 0x27, 0x03, 0x0f, 0x27, 0x03, 0x0f, 0x27, 0x03, 0x0f, 0x27, 0x03, 0x0f, 0x27, 0x03, 0x0f,
    0x27, 0x03, 0x0f, 0x27, 0x02, 0x0e, 0x26, 0x02, 0x0e, 0x26, 0x02, 0x0e, 0x26, 0x02, 0x0e, 0x26,
    0x03, 0x0f, 0x27, 0x03, 0x0f, 0x28, 0x03, 0x0f, 0x28, 0x03, 0x0f, 0x29, 0x03, 0x0f, 0x28, 0x03,
    0x0f, 0x28, 0x03, 0x0f, 0x29, 0x02, 0x0e, 0x28, 0x03, 0x0f, 0x29, 0x03, 0x0f, 0x29, 0x03, 0x0f,
    0x29, 0x03, 0x0f, 0x29, 0x03, 0x0f, 0x29, 0x03, 0x0f, 0x29, 0x03, 0x0f, 0x29, 0x03, 0x0f, 0x29,
    0x02, 0x10, 0x2a, 0x00, 0x0d, 0x27, 0x29, 0x39, 0x51, 0x80, 0xa2, 0xc7, 0x6b, 0x94, 0xc1, 0x67,
    0x90, 0xbd, 0x62, 0x8a, 0xb9, 0x5c, 0x85, 0xb3, 0x58, 0x81, 0xaf, 0x53, 0x79, 0xa9, 0x71, 0x99,
    0xbd, 0xa4, 0xdd, 0xf5, 0x9b, 0xdc, 0xfa, 0x98, 0xda, 0xfa, 0x95, 0xd9, 0xf9, 0x92, 0xd7, 0xf9,
    0x8f, 0xd6, 0xf7, 0x8c, 0xd4, 0xf7, 0x89, 0xd2, 0xf7, 0x87, 0xcf, 0xf7, 0x84, 0xcd, 0xf6, 0x81,
    0xcb, 0xf5, 0x7e, 0xc9, 0xf5, 0x7b, 0xc7, 0xf4, 0x79, 0xc6, 0xf3, 0x76, 0xc4, 0xf2, 0x74, 0xc1,
    0xf1, 0x71, 0xbe, 0xf0, 0x6f, 0xbc, 0xef, 0x6c, 0xba, 0xef, 0x69, 0xb8, 0xef, 0x67, 0xb6, 0xee,
    0x64, 0xb4, 0xec, 0x62, 0xb2, 0xec, 0x60, 0xb0, 0xec, 0x5e, 0xae, 0xea, 0x5d, 0xac, 0xe9, 0x5b,
    0xab, 0xe9, 0x59, 0xaa, 0xe9, 0x58, 0xa9, 0xe9, 0x55, 0xa9, 0xe9, 0x5c, 0xa7, 0xe4, 0x41, 0x85,
    0xc8, 0x3f, 0x88, 0xce, 0x46, 0x91, 0xd5, 0x4b, 0x96, 0xda, 0x4e, 0x99, 0xdd, 0x4f, 0x9a, 0xde,
    0x50, 0x9b, 0xde, 0x50, 0x9c, 0xde, 0x50, 0x9c, 0xdf, 0x50, 0x9d, 0xdf, 0x4f, 0x9c, 0xe0, 0x4f,
    0x9c, 0xe0, 0x50, 0x9d, 0xe0, 0x50, 0x9e, 0xe1, 0x50, 0x9d, 0xe1, 0x50, 0x9d, 0xe0, 0x50, 0x9d,
    0xe1, 0x50, 0x9d, 0xe1, 0x50, 0x9d, 0xe0, 0x50, 0x9d, 0xe0, 0x50, 0x9d, 0xe0, 0x4f, 0x9c, 0xe0,
    0x4e, 0x9c, 0xe0, 0x4e, 0x9b, 0xdf, 0x4d, 0x9a, 0xde, 0x4e, 0x9b, 0xdd, 0x4e, 0x9a, 0xdc, 0x54,
    0x9c, 0xd9, 0x31, 0x5c, 0x8f, 0x1c, 0x40, 0x71, 0x1e, 0x42, 0x74, 0x1f, 0x44, 0x76, 0x20, 0x46,
    0x77, 0x21, 0x47, 0x79, 0x21, 0x46, 0x7a, 0x30, 0x50, 0x80, 0x11, 0x20, 0x3d, 0x01, 0x0f, 0x27,
    0x02, 0x0f, 0x29, 0x01, 0x0f, 0x29, 0x02, 0x0f, 0x29, 0x03, 0x0f, 0x29, 0x03, 0x10, 0x2a, 0x02,
    0x0f, 0x29, 0x01, 0x0f, 0x29, 0x01, 0x0f, 0x29, 0x02, 0x0f, 0x29, 0x02, 0x0f, 0x29, 0x01, 0x0f,
    0x29, 0x01, 0x0f, 0x29, 0x02, 0x10, 0x2a, 0x02, 0x10, 0x2a, 0x03, 0x10, 0x2a, 0x03, 0x0f, 0x29,
    0x01, 0x0f, 0x29, 0x02, 0x0f, 0x29, 0x01, 0x0f, 0x29, 0x01, 0x0f, 0x29, 0x02, 0x0f, 0x29, 0x01,
    0x0f, 0x29, 0x01, 0x0f, 0x29, 0x01, 0x0f, 0x29, 0x01, 0x0f, 0x29, 0x01, 0x0f, 0x29, 0x02, 0x0f,
    0x29, 0x02, 0x10, 0x2a, 0x02, 0x10, 0x2a, 0x02, 0x10, 0x2a, 0x02, 0x0f, 0x29, 0x02, 0x0f, 0x29,
    0x02, 0x0f, 0x29, 0x02, 0x0f, 0x29, 0x02, 0x0f, 0x29, 0x02, 0x0f, 0x29, 0x02, 0x10, 0x2a, 0x02,
    0x0f, 0x29, 0x01, 0x0f, 0x29, 0x02, 0x0f, 0x29, 0x02, 0x0f, 0x29, 0x01, 0x0f, 0x29, 0x01, 0x10,
    0x2a, 0x02, 0x10, 0x2a, 0x03, 0x10, 0x2a, 0x03, 0x0f, 0x29, 0x02, 0x0f, 0x29, 0x01, 0x0f, 0x29,
    0x01, 0x0f, 0x29, 0x01, 0x0f, 0x29, 0x03, 0x10, 0x2a, 0x03, 0x10, 0x2a, 0x04, 0x10, 0x2a, 0x03,
    0x10, 0x2a, 0x03, 0x0f, 0x29, 0x03, 0x0f, 0x29, 0x03, 0x0f, 0x29, 0x03, 0x0f, 0x29, 0x03, 0x0f,
    0x29, 0x03, 0x0f, 0x29, 0x03, 0x0f, 0x29, 0x03, 0x0f, 0x29, 0x03, 0x0f, 0x29, 0x03, 0x0f, 0x29,
    0x03, 0x0f, 0x29, 0x03, 0x0f, 0x29, 0x03, 0x0f, 0x29, 0x03, 0x0f, 0x29, 0x03, 0x0f, 0x29, 0x03,
    0x0f, 0x29, 0x03, 0x0f, 0x29, 0x03, 0x0f, 0x27, 0x03, 0x0f, 0x27, 0x03, 0x0f, 0x27, 0x02, 0x0f,
    0x27, 0x03, 0x0f, 0x27, 0x03, 0x0f, 0x27, 0x02, 0x0e, 0x27, 0x02, 0x0f, 0x27, 0x03, 0x0f, 0x29,
    0x03, 0x0f, 0x29, 0x03, 0x0f, 0x29, 0x02, 0x0f, 0x2a, 0x02, 0x0f, 0x29, 0x02, 0x0f, 0x29, 0x02,
    0x10, 0x2a, 0x02, 0x0f, 0x2a, 0x03, 0x0f, 0x29, 0x03, 0x0f, 0x29, 0x03, 0x0f, 0x29, 0x03, 0x0f,
    0x29, 0x02, 0x0f, 0x29, 0x01, 0x10, 0x2a, 0x02, 0x0f, 0x29, 0x03, 0x0f, 0x28, 0x03, 0x0f, 0x27,
    0x03, 0x0f, 0x27, 0x03, 0x0f, 0x27, 0x03, 0x0f, 0x27, 0x03, 0x0f, 0x27, 0x03, 0x0f, 0x27, 0x03,
    0x0f, 0x27, 0x03, 0x0f, 0x27, 0x03, 0x0f, 0x27, 0x02, 0x0f, 0x27, 0x01, 0x0f, 0x27, 0x01, 0x0f,
    0x29, 0x03, 0x0f, 0x29, 0x03, 0x0f, 0x29, 0x03, 0x0f, 0x29, 0x02, 0x0f, 0x29, 0x01, 0x0f, 0x29,
    0x01, 0x0f, 0x29, 0x03, 0x0f, 0x29, 0x03, 0x0f, 0x28, 0x03, 0x0f, 0x27, 0x03, 0x0f, 0x29, 0x03,
    0x0f, 0x28, 0x03, 0x0f, 0x27, 0x03, 0x0f, 0x29, 0x02, 0x10, 0x2a, 0x01, 0x0f, 0x29, 0x02, 0x10,
    0x2a, 0x02, 0x10, 0x2a, 0x03, 0x0f, 0x29, 0x03, 0x0f, 0x28, 0x03, 0x0f, 0x27, 0x02, 0x10, 0x29,
    0x03, 0x10, 0x29, 0x03, 0x0f, 0x28, 0x03, 0x0f, 0x28, 0x03, 0x0f, 0x28, 0x03, 0x0f, 0x28, 0x04,
    0x10, 0x27, 0x03, 0x0f, 0x27, 0x03, 0x0f, 0x27, 0x03, 0x0f, 0x27, 0x04, 0x10, 0x28, 0x03, 0x0f,
    0x28, 0x03, 0x0f, 0x28, 0x03, 0x0f, 0x28, 0x04, 0x10, 0x28, 0x04, 0x10, 0x2a, 0x03, 0x0f, 0x29,
    0x04, 0x10, 0x2a, 0x03, 0x0f, 0x29, 0x03, 0x0f, 0x29, 0x03, 0x0f, 0x29, 0x03, 0x10, 0x2a, 0x02,
    0x0f, 0x2a, 0x03, 0x0f, 0x2a, 0x03, 0x0f, 0x29, 0x03, 0x0f, 0x29, 0x03, 0x0f, 0x28, 0x03, 0x0f,
    0x28, 0x03, 0x0f, 0x28, 0x03, 0x0f, 0x28, 0x03, 0x0f, 0x29, 0x03, 0x0f, 0x28, 0x03, 0x0f, 0x27,
    0x03, 0x0f, 0x27, 0x02, 0x0e, 0x26, 0x03, 0x0f, 0x27, 0x03, 0x0f, 0x27, 0x03, 0x0f, 0x27, 0x03,
    0x0f, 0x28, 0x03, 0x0f, 0x29, 0x03, 0x0f, 0x29, 0x03, 0x0f, 0x29, 0x03, 0x0f, 0x29, 0x02, 0x0e,
    0x28, 0x02, 0x0e, 0x28, 0x03, 0x0f, 0x29, 0x03, 0x0f, 0x28, 0x03, 0x0f, 0x28, 0x03, 0x0f, 0x28,
    0x03, 0x0f, 0x28, 0x03, 0x0f, 0x29, 0x03, 0x0f, 0x29, 0x03, 0x0f, 0x29, 0x02, 0x10, 0x28, 0x00,
    0x0e, 0x27, 0x2a, 0x3a, 0x53, 0x7e, 0xa1, 0xc7, 0x69, 0x92, 0xc0, 0x65, 0x8e, 0xbb, 0x60, 0x89,
    0xb7, 0x5a, 0x83, 0xb1, 0x56, 0x7e, 0xac, 0x51, 0x77, 0xa6, 0x70, 0x99, 0xbb, 0xa2, 0xdd, 0xf4,
    0x99, 0xdb, 0xfa, 0x96, 0xd9, 0xfa, 0x93, 0xd7, 0xf9, 0x90, 0xd5, 0xf8, 0x8d, 0xd4, 0xf7, 0x89,
    0xd2, 0xf6, 0x86, 0xd0, 0xf6, 0x84, 0xcd, 0xf6, 0x81, 0xcb, 0xf4, 0x7e, 0xc9, 0xf4, 0x7b, 0xc7,
    0xf4, 0x78, 0xc6, 0xf4, 0x76, 0xc4, 0xf2, 0x73, 0xc1, 0xf1, 0x70, 0xbe, 0xf0, 0x6e, 0xbc, 0xef,
    0x6b, 0xba, 0xef, 0x68, 0xb7, 0xee, 0x66, 0xb5, 0xed, 0x64, 0xb3, 0xec, 0x62, 0xb1, 0xeb, 0x5f,
    0xaf, 0xea, 0x5d, 0xad, 0xea, 0x5b, 0xab, 0xe9, 0x59, 0xaa, 0xe8, 0x58, 0xa9, 0xe7, 0x57, 0xa8,
    0xe7, 0x56, 0xa7, 0xe7, 0x54, 0xa6, 0xe7, 0x5a, 0xa5, 0xe3, 0x3f, 0x82, 0xc6, 0x3d, 0x84, 0xcc,
    0x44, 0x8e, 0xd4, 0x49, 0x94, 0xd9, 0x4a, 0x97, 0xdb, 0x4b, 0x98, 0xdc, 0x4d, 0x99, 0xdc, 0x4d,
    0x9a, 0xdd, 0x4d, 0x9b, 0xde, 0x4d, 0x9b, 0xde, 0x4d, 0x9b, 0xdf, 0x4e, 0x9b, 0xdf, 0x4e, 0x9b,
    0xdf, 0x4e, 0x9b, 0xdf, 0x4e, 0x9b, 0xdf, 0x4e, 0x9b, 0xdf, 0x4e, 0x9b, 0xdf, 0x4e, 0x9c, 0xe0,
    0x4e, 0x9c, 0xdf, 0x4d, 0x9b, 0xdf, 0x4d, 0x9b, 0xdf, 0x4d, 0x9a, 0xde, 0x4d, 0x9a, 0xde, 0x4c,
    0x99, 0xdd, 0x4c, 0x99, 0xdd, 0x4c, 0x99, 0xdd, 0x4a, 0x99, 0xdd, 0x52, 0x9b, 0xd9, 0x32, 0x5b,
    0x8d, 0x1b, 0x3f, 0x72, 0x1d, 0x42, 0x74, 0x1e, 0x43, 0x75, 0x1f, 0x45, 0x76, 0x20, 0x45, 0x78,
    0x1f, 0x45, 0x79, 0x2e, 0x4f, 0x7e, 0x11, 0x20, 0x3d, 0x01, 0x0f, 0x27, 0x02, 0x10, 0x29, 0x01,
    0x0f, 0x29, 0x02, 0x0f, 0x29, 0x03, 0x0f, 0x29, 0x03, 0x0f, 0x29, 0x02, 0x0f, 0x29, 0x02, 0x0f,
    0x29, 0x03, 0x0f, 0x29, 0x03, 0x10, 0x2a, 0x02, 0x10, 0x2a, 0x01, 0x0f, 0x29, 0x01, 0x0f, 0x29,
    0x02, 0x0f, 0x29, 0x02, 0x0f, 0x29, 0x03, 0x0f, 0x29, 0x03, 0x0f, 0x29, 0x02, 0x0f, 0x29, 0x02,
    0x0f, 0x29, 0x01, 0x0f, 0x29, 0x01, 0x0f, 0x29, 0x02, 0x0f, 0x29, 0x02, 0x0f, 0x29, 0x01, 0x0f,
    0x29, 0x01, 0x0f, 0x29, 0x01, 0x0f, 0x29, 0x02, 0x0f, 0x29, 0x02, 0x0f, 0x29, 0x03, 0x10, 0x2a,
    0x03, 0x0f, 0x29, 0x03, 0x10, 0x2a, 0x03, 0x0f, 0x29, 0x02, 0x0f, 0x29, 0x02, 0x0f, 0x29, 0x03,
    0x0f, 0x29, 0x03, 0x0f, 0x29, 0x03, 0x0f, 0x29, 0x03, 0x0f, 0x29, 0x02, 0x0f, 0x29, 0x02, 0x10,
    0x2a, 0x01, 0x0f, 0x29, 0x02, 0x0f, 0x29, 0x03, 0x0f, 0x29, 0x03, 0x10, 0x2a, 0x03, 0x0f, 0x29,
    0x03, 0x0f, 0x29, 0x03, 0x0f, 0x29, 0x02, 0x0f, 0x29, 0x01, 0x0f, 0x29, 0x02, 0x0f, 0x29, 0x02,
    0x0f, 0x29, 0x03, 0x0f, 0x29, 0x03, 0x0f, 0x29, 0x03, 0x0f, 0x29, 0x03, 0x0f, 0x29, 0x03, 0x0f,
    0x29, 0x03, 0x0f, 0x29, 0x03, 0x0f, 0x29, 0x04, 0x10, 0x2a, 0x03, 0x0f, 0x29, 0x03, 0x0f, 0x29,
    0x04, 0x10, 0x2a, 0x03, 0x0f, 0x29, 0x03, 0x0f, 0x29, 0x03, 0x0f, 0x29, 0x03, 0x0f, 0x29, 0x03,
    0x0f, 0x29, 0x03, 0x0f, 0x29, 0x03, 0x0f, 0x28, 0x03, 0x0f, 0x28, 0x03, 0x0f, 0x29, 0x03, 0x0f,
    0x29, 0x03, 0x0f, 0x27, 0x03, 0x0f, 0x27, 0x03, 0x0f, 0x28, 0x03, 0x0f, 0x28, 0x03, 0x0f, 0x27,
    0x02, 0x0f, 0x26, 0x03, 0x0e, 0x26, 0x03, 0x0f, 0x27, 0x03, 0x0f, 0x27, 0x03, 0x0f, 0x28, 0x02,
    0x0f, 0x29, 0x02, 0x10, 0x2a, 0x02, 0x10, 0x2a, 0x02, 0x10, 0x2a, 0x02, 0x10, 0x2a, 0x02, 0x10,
    0x2a, 0x03, 0x0f, 0x29, 0x03, 0x0f, 0x29, 0x03, 0x0f, 0x29, 0x03, 0x0f, 0x29, 0x03, 0x0f, 0x29,
    0x02, 0x0f, 0x29, 0x02, 0x0f, 0x29, 0x03, 0x0f, 0x29, 0x03, 0x0f, 0x28, 0x03, 0x0f, 0x28, 0x02,
    0x0f, 0x29, 0x03, 0x0f, 0x29, 0x03, 0x0f, 0x28, 0x03, 0x0f, 0x27, 0x03, 0x0f, 0x27, 0x03, 0x0f,
    0x27, 0x03, 0x0f, 0x27, 0x03, 0x0f, 0x28, 0x02, 0x0f, 0x29, 0x03, 0x0f, 0x29, 0x03, 0x0f, 0x28,
    0x03, 0x0f, 0x28, 0x03, 0x0f, 0x28, 0x03, 0x0f, 0x28, 0x02, 0x0f, 0x27, 0x02, 0x0e, 0x27, 0x02,
    0x0f, 0x28, 0x03, 0x0f, 0x28, 0x02, 0x0f, 0x28, 0x03, 0x0f, 0x28, 0x03, 0x0f, 0x27, 0x03, 0x0f,
    0x27, 0x03, 0x0f, 0x28, 0x02, 0x10, 0x29, 0x02, 0x10, 0x2a, 0x02, 0x10, 0x2a, 0x02, 0x10, 0x2a,
    0x02, 0x10, 0x2a, 0x02, 0x0f, 0x29, 0x02, 0x0f, 0x29, 0x02, 0x10, 0x29, 0x03, 0x10, 0x29, 0x04,
    0x0f, 0x29, 0x03, 0x0f, 0x29, 0x03, 0x0f, 0x29, 0x03, 0x0f, 0x28, 0x03, 0x0f, 0x27, 0x03, 0x0f,
    0x28, 0x03, 0x0f, 0x28, 0x03, 0x0f, 0x28, 0x03, 0x0f, 0x28, 0x03, 0x0f, 0x28, 0x03, 0x0f, 0x28,
    0x03, 0x0f, 0x28, 0x03, 0x0f, 0x28, 0x03, 0x0f, 0x29, 0x04, 0x10, 0x2a, 0x04, 0x10, 0x2a, 0x03,
    0x0f, 0x29, 0x03, 0x0f, 0x29, 0x03, 0x0f, 0x29, 0x03, 0x0f, 0x29, 0x03, 0x10, 0x2a, 0x03, 0x0f,
    0x29, 0x03, 0x0f, 0x28, 0x03, 0x0f, 0x28, 0x03, 0x0f, 0x28, 0x03, 0x0f, 0x28, 0x03, 0x0f, 0x29,
    0x03, 0x0f, 0x29, 0x03, 0x0f, 0x28, 0x03, 0x0f, 0x27, 0x03, 0x0f, 0x27, 0x03, 0x0f, 0x27, 0x03,
    0x0f, 0x27, 0x03, 0x0f, 0x27, 0x03, 0x0f, 0x27, 0x03, 0x0f, 0x27, 0x03, 0x0f, 0x29, 0x03, 0x0f,
    0x29, 0x03, 0x0f, 0x29, 0x03, 0x0f, 0x29, 0x03, 0x0f, 0x29, 0x03, 0x0f, 0x29, 0x03, 0x0f, 0x29,
    0x03, 0x0f, 0x29, 0x03, 0x0f, 0x28, 0x03, 0x0f, 0x28, 0x03, 0x0f, 0x28, 0x03, 0x0f, 0x27, 0x03,
    0x0f, 0x27, 0x03, 0x0f, 0x28, 0x03, 0x0f, 0x28, 0x02, 0x11, 0x28, 0x01, 0x0f, 0x27, 0x29, 0x39,
    0x52, 0x7c, 0x9f, 0xc5, 0x67, 0x91, 0xbe, 0x63, 0x8c, 0xb9, 0x5d, 0x86, 0xb4, 0x58, 0x81, 0xaf,
    0x54, 0x7c, 0xaa, 0x4f, 0x75, 0xa4, 0x6f, 0x98, 0xba, 0xa0, 0xdc, 0xf4, 0x97, 0xda, 0xf9, 0x93,
    0xd8, 0xf9, 0x91, 0xd6, 0xf8, 0x8d, 0xd4, 0xf7, 0x89, 0xd1, 0xf6, 0x87, 0xd0, 0xf6, 0x84, 0xce,
    0xf5, 0x82, 0xcc, 0xf5, 0x7f, 0xca, 0xf4, 0x7b, 0xc7, 0xf3, 0x78, 0xc5, 0xf3, 0x75, 0xc3, 0xf3,
    0x73, 0xc1, 0xf1, 0x70, 0xbe, 0xf0, 0x6d, 0xbb, 0xef, 0x6a, 0xb9, 0xee, 0x67, 0xb7, 0xed, 0x65,
    0xb4, 0xec, 0x63, 0xb2, 0xeb, 0x61, 0xb1, 0xeb, 0x5f, 0xaf, 0xea, 0x5d, 0xad, 0xe9, 0x5a, 0xaa,
    0xe9, 0x58, 0xa9, 0xe8, 0x56, 0xa7, 0xe7, 0x55, 0xa6, 0xe7, 0x54, 0xa5, 0xe6, 0x53, 0xa4, 0xe5,
    0x52, 0xa3, 0xe6, 0x57, 0xa2, 0xe2, 0x3c, 0x7f, 0xc4, 0x39, 0x81, 0xca, 0x40, 0x8a, 0xd3, 0x44,
    0x90, 0xd7, 0x46, 0x93, 0xd9, 0x48, 0x95, 0xda, 0x49, 0x96, 0xdb, 0x49, 0x97, 0xdc, 0x4a, 0x99,
    0xdd, 0x4a, 0x99, 0xde, 0x4b, 0x9a, 0xde, 0x4c, 0x9a, 0xdf, 0x4c, 0x9b, 0xdf, 0x4c, 0x9b, 0xdf,
    0x4b, 0x9a, 0xdf, 0x4b, 0x9a, 0xdf, 0x4c, 0x9a, 0xdf, 0x4c, 0x9b, 0xdf, 0x4b, 0x9a, 0xdf, 0x4b,
    0x9a, 0xde, 0x4b, 0x99, 0xde, 0x4b, 0x98, 0xde, 0x4b, 0x99, 0xdd, 0x4b, 0x98, 0xdc, 0x4b, 0x97,
    0xdc, 0x4b, 0x98, 0xdc, 0x49, 0x98, 0xdc, 0x51, 0x99, 0xd9, 0x32, 0x5b, 0x8d, 0x1a, 0x3d, 0x71,
    0x1c, 0x40, 0x72, 0x1d, 0x42, 0x74, 0x1e, 0x43, 0x75, 0x1f, 0x45, 0x77, 0x1f, 0x44, 0x78, 0x2e,
    0x4e, 0x7e, 0x11, 0x20, 0x3d, 0x01, 0x0f, 0x27, 0x02, 0x10, 0x29, 0x01, 0x10, 0x29, 0x01, 0x0f,
    0x29, 0x02, 0x0f, 0x29, 0x02, 0x0f, 0x29, 0x02, 0x0f, 0x29, 0x02, 0x10, 0x2a, 0x02, 0x10, 0x2a,
    0x02, 0x10, 0x2a, 0x02, 0x10, 0x2a, 0x02, 0x10, 0x2a, 0x01, 0x0f, 0x29, 0x01, 0x0f, 0x29, 0x02,
    0x0f, 0x29, 0x02, 0x0f, 0x29, 0x02, 0x0f, 0x29, 0x02, 0x0f, 0x29, 0x01, 0x0f, 0x29, 0x01, 0x0f,
    0x29, 0x02, 0x10, 0x2a, 0x02, 0x10, 0x2a, 0x02, 0x10, 0x2a, 0x02, 0x10, 0x2a, 0x03, 0x0f, 0x29,
    0x03, 0x0f, 0x29, 0x03, 0x0f, 0x29, 0x03, 0x0f, 0x29, 0x03, 0x0f, 0x29, 0x03, 0x0f, 0x29, 0x03,
    0x0f, 0x29, 0x03, 0x0f, 0x29, 0x03, 0x0f, 0x29, 0x03, 0x0f, 0x29, 0x03, 0x0f, 0x28, 0x04, 0x10,
    0x2a, 0x03, 0x0f, 0x29, 0x03, 0x0f, 0x29, 0x03, 0x0f, 0x29, 0x02, 0x10, 0x2a, 0x01, 0x0f, 0x29,
    0x02, 0x10, 0x2a, 0x03, 0x10, 0x2a, 0x04, 0x0f, 0x29, 0x03, 0x0f, 0x29, 0x03, 0x0f, 0x29, 0x03,
    0x0f, 0x29, 0x03, 0x0f, 0x29, 0x03, 0x0f, 0x29, 0x03, 0x0f, 0x29, 0x03, 0x0f, 0x29, 0x03, 0x0f,
    0x29, 0x03, 0x0f, 0x29, 0x03, 0x0f, 0x29, 0x03, 0x0f, 0x29, 0x02, 0x0f, 0x29, 0x02, 0x0f, 0x29,
    0x02, 0x0f, 0x29, 0x02, 0x10, 0x2a, 0x03, 0x0f, 0x29, 0x03, 0x0f, 0x29, 0x03, 0x0f, 0x29, 0x02,
    0x10, 0x2a, 0x03, 0x10, 0x2a, 0x03, 0x0f, 0x29, 0x03, 0x0f, 0x29, 0x03, 0x0f, 0x29, 0x03, 0x0f,
    0x28, 0x03, 0x0f, 0x27, 0x03, 0x0f, 0x28, 0x03, 0x0f, 0x29, 0x03, 0x0f, 0x28, 0x03, 0x0f, 0x27,
    0x03, 0x0f, 0x28, 0x03, 0x0f, 0x29, 0x03, 0x0f, 0x29, 0x03, 0x0f, 0x28, 0x03, 0x0f, 0x28, 0x03,
    0x0f, 0x28, 0x03, 0x0f, 0x28, 0x03, 0x0f, 0x27, 0x03, 0x0f, 0x28, 0x02, 0x0f, 0x29, 0x01, 0x10,
    0x2a, 0x02, 0x10, 0x2a, 0x02, 0x10, 0x2a, 0x02, 0x10, 0x2a, 0x02, 0x10, 0x2a, 0x03, 0x0f, 0x29,
    0x03, 0x0f, 0x29, 0x03, 0x0f, 0x29, 0x03, 0x0f, 0x29, 0x04, 0x10, 0x2a, 0x03, 0x0f, 0x29, 0x03,
    0x0f, 0x29, 0x03, 0x0f, 0x29, 0x03, 0x0f, 0x29, 0x02, 0x0f, 0x29, 0x01, 0x0f, 0x2a, 0x02, 0x10,
    0x2a, 0x04, 0x10, 0x29, 0x03, 0x0f, 0x27, 0x03, 0x0f, 0x27, 0x03, 0x0f, 0x27, 0x03, 0x0f, 0x28,
    0x03, 0x0f, 0x29, 0x03, 0x0f, 0x29, 0x03, 0x0f, 0x29, 0x03, 0x0f, 0x29, 0x03, 0x0f, 0x28, 0x03,
    0x0f, 0x28, 0x03, 0x0f, 0x28, 0x03, 0x0f, 0x28, 0x03, 0x0e, 0x26, 0x03, 0x0f, 0x27, 0x03, 0x0f,
    0x29, 0x01, 0x0f, 0x29, 0x03, 0x0f, 0x27, 0x03, 0x0f, 0x27, 0x03, 0x0f, 0x27, 0x03, 0x0f, 0x27,
    0x03, 0x0f, 0x29, 0x03, 0x10, 0x2a, 0x03, 0x10, 0x2a, 0x03, 0x0f, 0x29, 0x03, 0x10, 0x2a, 0x03,
    0x10, 0x2a, 0x03, 0x10, 0x2a, 0x03, 0x10, 0x2a, 0x02, 0x10, 0x2a, 0x02, 0x10, 0x2a, 0x03, 0x10,
    0x2a, 0x03, 0x0f, 0x2a, 0x03, 0x0f, 0x29, 0x03, 0x0f, 0x28, 0x03, 0x0f, 0x28, 0x03, 0x0f, 0x28,
    0x03, 0x0f, 0x27, 0x03, 0x0f, 0x27, 0x03, 0x0f, 0x27, 0x03, 0x0f, 0x27, 0x03, 0x0f, 0x28, 0x03,
    0x0f, 0x29, 0x04, 0x10, 0x2a, 0x04, 0x10, 0x2a, 0x04, 0x10, 0x2a, 0x03, 0x0f, 0x29, 0x03, 0x0f,
    0x29, 0x03, 0x0f, 0x29, 0x03, 0x0f, 0x29, 0x04, 0x10, 0x28, 0x03, 0x0f, 0x28, 0x03, 0x0f, 0x28,
    0x03, 0x0f, 0x28, 0x04, 0x10, 0x28, 0x03, 0x10, 0x28, 0x03, 0x0f, 0x29, 0x03, 0x0f, 0x29, 0x03,
    0x0f, 0x27, 0x03, 0x0f, 0x27, 0x03, 0x0f, 0x27, 0x03, 0x0f, 0x27, 0x03, 0x0f, 0x27, 0x03, 0x0f,
    0x27, 0x03, 0x0f, 0x28, 0x03, 0x0f, 0x28, 0x03, 0x0f, 0x29, 0x03, 0x0f, 0x29, 0x03, 0x0f, 0x29,
    0x03, 0x0f, 0x29, 0x03, 0x0f, 0x29, 0x03, 0x0f, 0x29, 0x03, 0x0f, 0x29, 0x03, 0x0f, 0x29, 0x03,
    0x0f, 0x28, 0x03, 0x0f, 0x28, 0x03, 0x0f, 0x28, 0x03, 0x0f, 0x28, 0x03, 0x0f, 0x28, 0x03, 0x0f,
    0x27, 0x03, 0x0f, 0x27, 0x02, 0x11, 0x28, 0x01, 0x0f, 0x27, 0x29, 0x39, 0x51, 0x7a, 0x9d, 0xc3,
    0x65, 0x8e, 0xbd, 0x61, 0x8a, 0xb8, 0x5c, 0x84, 0xb3, 0x56, 0x7f, 0xad, 0x52, 0x7a, 0xa8, 0x4d,
    0x72, 0xa2, 0x6d, 0x96, 0xb9, 0x9d, 0xdb, 0xf4, 0x94, 0xd8, 0xf8, 0x91, 0xd6, 0xf8, 0x8e, 0xd4,
    0xf7, 0x8a, 0xd2, 0xf7, 0x87, 0xd0, 0xf6, 0x85, 0xce, 0xf6, 0x82, 0xcc, 0xf5, 0x7f, 0xc9, 0xf4,
    0x7c, 0xc7, 0xf4, 0x78, 0xc5, 0xf3, 0x75, 0xc2, 0xf2, 0x72, 0xc0, 0xf1, 0x70, 0xbe, 0xf0, 0x6c,
    0xbb, 0xef, 0x69, 0xb8, 0xef, 0x66, 0xb6, 0xed, 0x64, 0xb4, 0xeb, 0x62, 0xb2, 0xeb, 0x60, 0xb0,
    0xea, 0x5e, 0xae, 0xe9, 0x5b, 0xab, 0xe8, 0x5a, 0xaa, 0xe8, 0x57, 0xa8, 0xe7, 0x55, 0xa6, 0xe6,
    0x53, 0xa4, 0xe6, 0x52, 0xa3, 0xe5, 0x51, 0xa2, 0xe4, 0x51, 0xa1, 0xe4, 0x4f, 0xa0, 0xe5, 0x54,
    0x9f, 0xe2, 0x39, 0x7c, 0xc3, 0x36, 0x7e, 0xc8, 0x3d, 0x88, 0xd0, 0x40, 0x8d, 0xd5, 0x43, 0x90,
    0xd7, 0x45, 0x92, 0xd9, 0x46, 0x93, 0xda, 0x46, 0x95, 0xdb, 0x47, 0x95, 0xdc, 0x48, 0x96, 0xdd,
    0x49, 0x98, 0xdd, 0x4a, 0x99, 0xde, 0x4a, 0x99, 0xde, 0x4a, 0x99, 0xde, 0x49, 0x98, 0xde, 0x49,
    0x98, 0xde, 0x49, 0x98, 0xde, 0x49, 0x98, 0xde, 0x49, 0x98, 0xdd, 0x48, 0x97, 0xdc, 0x49, 0x97,
    0xdc, 0x49, 0x96, 0xdc, 0x49, 0x96, 0xdc, 0x49, 0x96, 0xdc, 0x49, 0x96, 0xdc, 0x49, 0x97, 0xdc,
    0x48, 0x97, 0xdc, 0x50, 0x98, 0xd9, 0x31, 0x5a, 0x8c, 0x19, 0x3c, 0x70, 0x1b, 0x3f, 0x71, 0x1c,
    0x40, 0x72, 0x1d, 0x42, 0x73, 0x1e, 0x44, 0x76, 0x1e, 0x44, 0x78, 0x2d, 0x4e, 0x7d, 0x11, 0x20,
    0x3d, 0x01, 0x0f, 0x27, 0x02, 0x10, 0x29, 0x01, 0x10, 0x28, 0x01, 0x10, 0x28, 0x01, 0x10, 0x28,
    0x01, 0x10, 0x28, 0x01, 0x0f, 0x29, 0x01, 0x0f, 0x29, 0x01, 0x10, 0x2a, 0x01, 0x0f, 0x29, 0x01,
    0x0f, 0x29, 0x01, 0x0f, 0x29, 0x01, 0x0f, 0x29, 0x01, 0x0f, 0x29, 0x01, 0x0f, 0x29, 0x01, 0x0f,
    0x29, 0x01, 0x0f, 0x29, 0x01, 0x0f, 0x29, 0x01, 0x0f, 0x29, 0x01, 0x0f, 0x29, 0x02, 0x10, 0x2a,
    0x01, 0x0f, 0x29, 0x02, 0x0f, 0x29, 0x03, 0x10, 0x2a, 0x03, 0x0f, 0x29, 0x03, 0x0f, 0x29, 0x03,
    0x0f, 0x29, 0x03, 0x0f, 0x29, 0x03, 0x0f, 0x29, 0x03, 0x0f, 0x29, 0x03, 0x0f, 0x28, 0x03, 0x0f,
    0x28, 0x03, 0x0f, 0x28, 0x03, 0x0f, 0x28, 0x03, 0x0f, 0x29, 0x02, 0x10, 0x2a, 0x02, 0x0f, 0x29,
    0x02, 0x0f, 0x29, 0x02, 0x0f, 0x29, 0x01, 0x0f, 0x29, 0x01, 0x0f, 0x29, 0x02, 0x0f, 0x29, 0x03,
    0x0f, 0x29, 0x02, 0x0f, 0x29, 0x02, 0x0f, 0x29, 0x01, 0x0f, 0x29, 0x02, 0x0f, 0x29, 0x03, 0x0f,
    0x29, 0x03, 0x0f, 0x29, 0x03, 0x0f, 0x29, 0x03, 0x0f, 0x29, 0x02, 0x0f, 0x29, 0x02, 0x0f, 0x29,
    0x02, 0x0e, 0x28, 0x03, 0x0f, 0x29, 0x02, 0x0f, 0x29, 0x01, 0x0f, 0x29, 0x01, 0x0f, 0x29, 0x01,
    0x0f, 0x29, 0x03, 0x0f, 0x29, 0x03, 0x0f, 0x29, 0x02, 0x0f, 0x29, 0x01, 0x10, 0x2a, 0x02, 0x0f,
    0x29, 0x03, 0x0f, 0x28, 0x03, 0x0f, 0x28, 0x03, 0x0f, 0x28, 0x04, 0x10, 0x28, 0x03, 0x0f, 0x27,
    0x03, 0x0f, 0x28, 0x03, 0x0f, 0x29, 0x03, 0x0f, 0x28, 0x03, 0x0f, 0x28, 0x03, 0x0f, 0x28, 0x03,
    0x0f, 0x29, 0x03, 0x0f, 0x29, 0x02, 0x0f, 0x29, 0x03, 0x0f, 0x29, 0x03, 0x0f, 0x29, 0x03, 0x0f,
    0x29, 0x03, 0x0f, 0x27, 0x03, 0x0f, 0x29, 0x02, 0x0f, 0x29, 0x01, 0x0f, 0x29, 0x02, 0x10, 0x2a,
    0x01, 0x0f, 0x29, 0x02, 0x10, 0x2a, 0x02, 0x10, 0x2a, 0x02, 0x10, 0x2a, 0x02, 0x0f, 0x29, 0x02,
    0x0f, 0x29, 0x02, 0x0f, 0x29, 0x03, 0x0f, 0x29, 0x03, 0x0f, 0x29, 0x03, 0x0f, 0x29, 0x03, 0x0f,
    0x29, 0x03, 0x0f, 0x29, 0x02, 0x10, 0x2a, 0x01, 0x10, 0x2a, 0x02, 0x10, 0x2a, 0x03, 0x0f, 0x29,
    0x03, 0x0f, 0x28, 0x03, 0x0f, 0x28, 0x03, 0x0f, 0x28, 0x03, 0x0f, 0x28, 0x03, 0x0f, 0x29, 0x03,
    0x0f, 0x29, 0x03, 0x0f, 0x29, 0x03, 0x0f, 0x29, 0x03, 0x0f, 0x29, 0x04, 0x10, 0x2a, 0x03, 0x0f,
    0x29, 0x03, 0x0f, 0x28, 0x03, 0x0f, 0x27, 0x03, 0x0f, 0x27, 0x03, 0x0f, 0x29, 0x01, 0x0f, 0x29,
    0x03, 0x0f, 0x28, 0x03, 0x0f, 0x28, 0x03, 0x0f, 0x28, 0x03, 0x0f, 0x28, 0x04, 0x0f, 0x29, 0x04,
    0x10, 0x2a, 0x03, 0x0f, 0x29, 0x04, 0x0f, 0x29, 0x04, 0x10, 0x2a, 0x04, 0x10, 0x2a, 0x03, 0x0f,
    0x29, 0x03, 0x0f, 0x29, 0x02, 0x0f, 0x29, 0x01, 0x0f, 0x29, 0x01, 0x0f, 0x29, 0x02, 0x0f, 0x29,
    0x03, 0x0f, 0x29, 0x03, 0x0f, 0x29, 0x03, 0x0f, 0x28, 0x03, 0x0f, 0x27, 0x03, 0x0f, 0x27, 0x03,
    0x0f, 0x28, 0x03, 0x0f, 0x28, 0x04, 0x10, 0x29, 0x04, 0x10, 0x29, 0x04, 0x10, 0x29, 0x04, 0x10,
    0x2a, 0x04, 0x10, 0x2a, 0x04, 0x0f, 0x2a, 0x03, 0x0f, 0x29, 0x03, 0x0f, 0x29, 0x03, 0x0f, 0x29,
    0x03, 0x0f, 0x29, 0x03, 0x0f, 0x27, 0x03, 0x0f, 0x28, 0x03, 0x0f, 0x29, 0x03, 0x0f, 0x29, 0x03,
    0x0f, 0x27, 0x02, 0x0f, 0x27, 0x01, 0x0f, 0x29, 0x01, 0x0f, 0x29, 0x03, 0x0f, 0x28, 0x03, 0x0f,
    0x28, 0x03, 0x0f, 0x28, 0x03, 0x0f, 0x28, 0x03, 0x0f, 0x27, 0x03, 0x0f, 0x27, 0x03, 0x0f, 0x28,
    0x03, 0x0f, 0x29, 0x03, 0x0f, 0x29, 0x03, 0x0f, 0x29, 0x03, 0x0f, 0x29, 0x03, 0x0f, 0x29, 0x03,
    0x0f, 0x29, 0x03, 0x0f, 0x29, 0x03, 0x0f, 0x29, 0x03, 0x0f, 0x29, 0x03, 0x0f, 0x28, 0x03, 0x0f,
    0x27, 0x03, 0x0f, 0x28, 0x03, 0x0f, 0x29, 0x03, 0x0f, 0x29, 0x03, 0x0f, 0x27, 0x03, 0x0f, 0x27,
    0x02, 0x11, 0x28, 0x01, 0x0f, 0x27, 0x29, 0x38, 0x52, 0x78, 0x9c, 0xc3, 0x64, 0x8c, 0xbc, 0x5f,
    0x88, 0xb6, 0x5a, 0x82, 0xb1, 0x55, 0x7c, 0xab, 0x51, 0x77, 0xa6, 0x4b, 0x70, 0x9f, 0x6c, 0x94,
    0xb7, 0x9b, 0xda, 0xf3, 0x91, 0xd7, 0xf8, 0x8e, 0xd5, 0xf7, 0x8b, 0xd3, 0xf7, 0x88, 0xd1, 0xf7,
    0x85, 0xce, 0xf6, 0x83, 0xcc, 0xf5, 0x80, 0xc9, 0xf4, 0x7d, 0xc7, 0xf4, 0x79, 0xc5, 0xf3, 0x75,
    0xc3, 0xf3, 0x72, 0xc0, 0xf1, 0x6e, 0xbd, 0xf0, 0x6b, 0xbb, 0xef, 0x69, 0xb8, 0xee, 0x66, 0xb5,
    0xed, 0x63, 0xb3, 0xeb, 0x61, 0xb2, 0xea, 0x5f, 0xaf, 0xe9, 0x5d, 0xad, 0xe9, 0x5b, 0xac, 0xe8,
    0x58, 0xa9, 0xe7, 0x56, 0xa6, 0xe6, 0x54, 0xa4, 0xe5, 0x51, 0xa2, 0xe4, 0x50, 0xa1, 0xe3, 0x4f,
    0xa0, 0xe2, 0x4e, 0x9f, 0xe2, 0x4e, 0x9e, 0xe3, 0x4d, 0x9d, 0xe4, 0x52, 0x9d, 0xe0, 0x37, 0x7a,
    0xc1, 0x34, 0x7b, 0xc6, 0x3b, 0x85, 0xce, 0x3e, 0x8a, 0xd3, 0x41, 0x8e, 0xd6, 0x42, 0x8f, 0xd7,
    0x43, 0x90, 0xd8, 0x44, 0x91, 0xd9, 0x44, 0x92, 0xda, 0x45, 0x93, 0xda, 0x46, 0x95, 0xda, 0x47,
    0x95, 0xdb, 0x47, 0x96, 0xdb, 0x47, 0x96, 0xdb, 0x46, 0x95, 0xdb, 0x47, 0x95, 0xdb, 0x47, 0x95,
    0xdb, 0x47, 0x95, 0xdb, 0x46, 0x95, 0xdb, 0x46, 0x94, 0xdb, 0x47, 0x94, 0xdb, 0x47, 0x94, 0xdb,
    0x46, 0x94, 0xda, 0x47, 0x94, 0xda, 0x47, 0x94, 0xda, 0x47, 0x95, 0xda, 0x46, 0x95, 0xdb, 0x4f,
    0x96, 0xd8, 0x2f, 0x59, 0x8b, 0x18, 0x3b, 0x6e, 0x1a, 0x3e, 0x70, 0x1b, 0x3f, 0x71, 0x1c, 0x41,
    0x72, 0x1e, 0x42, 0x75, 0x1e, 0x43, 0x77, 0x2d, 0x4d, 0x7d, 0x10, 0x20, 0x3d, 0x01, 0x0f, 0x27,
    0x02, 0x0f, 0x29, 0x01, 0x0f, 0x29, 0x01, 0x0f, 0x29, 0x01, 0x0f, 0x29, 0x01, 0x10, 0x29, 0x02,
    0x0f, 0x29, 0x02, 0x0f, 0x29, 0x02, 0x10, 0x2a, 0x02, 0x0f, 0x29, 0x01, 0x0f, 0x29, 0x01, 0x0f,
    0x29, 0x01, 0x0f, 0x29, 0x01, 0x0f, 0x29, 0x01, 0x0f, 0x29, 0x01, 0x0f, 0x29, 0x01, 0x0f, 0x29,
    0x01, 0x0f, 0x29, 0x01, 0x0f, 0x29, 0x01, 0x0f, 0x29, 0x01, 0x0f, 0x29, 0x02, 0x10, 0x2a, 0x02,
    0x10, 0x29, 0x02, 0x10, 0x28, 0x03, 0x10, 0x29, 0x03, 0x10, 0x28, 0x03, 0x0f, 0x29, 0x03, 0x0f,
    0x29, 0x03, 0x0f, 0x29, 0x03, 0x0f, 0x29, 0x03, 0x0f, 0x28, 0x02, 0x10, 0x27, 0x02, 0x10, 0x27,
    0x02, 0x10, 0x28, 0x02, 0x10, 0x2a, 0x01, 0x0f, 0x29, 0x01, 0x0f, 0x29, 0x01, 0x0f, 0x29, 0x01,
    0x0f, 0x29, 0x01, 0x0f, 0x29, 0x01, 0x0f, 0x29, 0x02, 0x0f, 0x29, 0x03, 0x0f, 0x29, 0x01, 0x0f,
    0x29, 0x01, 0x0f, 0x29, 0x01, 0x0f, 0x29, 0x01, 0x0f, 0x29, 0x02, 0x0f, 0x29, 0x03, 0x0f, 0x29,
    0x03, 0x0f, 0x29, 0x03, 0x0f, 0x29, 0x01, 0x0f, 0x29, 0x01, 0x0f, 0x29, 0x02, 0x0f, 0x29, 0x03,
    0x0f, 0x29, 0x03, 0x0f, 0x29, 0x02, 0x0f, 0x29, 0x02, 0x0f, 0x29, 0x02, 0x0f, 0x29, 0x03, 0x0f,
    0x29, 0x03, 0x0f, 0x29, 0x03, 0x0f, 0x29, 0x03, 0x10, 0x2a, 0x03, 0x10, 0x29, 0x03, 0x0f, 0x27,
    0x03, 0x0f, 0x27, 0x03, 0x0f, 0x27, 0x03, 0x0f, 0x27, 0x03, 0x0f, 0x27, 0x03, 0x0f, 0x28, 0x03,
    0x0f, 0x29, 0x02, 0x0f, 0x29, 0x01, 0x0f, 0x29, 0x02, 0x0f, 0x29, 0x02, 0x0f, 0x29, 0x01, 0x0f,
    0x29, 0x01, 0x0f, 0x29, 0x02, 0x0f, 0x29, 0x03, 0x0f, 0x29, 0x03, 0x0f, 0x29, 0x03, 0x0f, 0x29,
    0x03, 0x0f, 0x29, 0x02, 0x0f, 0x29, 0x02, 0x10, 0x29, 0x03, 0x10, 0x29, 0x03, 0x10, 0x2a, 0x03,
    0x10, 0x2a, 0x02, 0x0f, 0x29, 0x02, 0x10, 0x2a, 0x01, 0x0f, 0x29, 0x01, 0x0f, 0x29, 0x01, 0x0f,
    0x29, 0x03, 0x10, 0x2a, 0x03, 0x0f, 0x29, 0x03, 0x0f, 0x29, 0x04, 0x10, 0x2a, 0x03, 0x0f, 0x29,
    0x02, 0x10, 0x2a, 0x02, 0x10, 0x2a, 0x03, 0x10, 0x2a, 0x03, 0x0f, 0x29, 0x03, 0x0f, 0x29, 0x03,
    0x0f, 0x29, 0x03, 0x0f, 0x29, 0x03, 0x0f, 0x29, 0x03, 0x0f, 0x29, 0x03, 0x0f, 0x29, 0x03, 0x0f,
    0x29, 0x03, 0x0f, 0x29, 0x02, 0x10, 0x2a, 0x02, 0x0f, 0x29, 0x02, 0x0f, 0x29, 0x02, 0x0f, 0x28,
    0x03, 0x0f, 0x27, 0x03, 0x0f, 0x27, 0x03, 0x0f, 0x29, 0x01, 0x0f, 0x29, 0x01, 0x0f, 0x29, 0x01,
    0x0f, 0x29, 0x02, 0x0f, 0x29, 0x02, 0x0f, 0x29, 0x02, 0x10, 0x2a, 0x03, 0x10, 0x2a, 0x02, 0x0f,
    0x29, 0x02, 0x0f, 0x29, 0x02, 0x0f, 0x29, 0x02, 0x0f, 0x29, 0x02, 0x0f, 0x29, 0x02, 0x0f, 0x29,
    0x01, 0x0f, 0x29, 0x01, 0x0f, 0x29, 0x02, 0x0f, 0x29, 0x02, 0x0f, 0x29, 0x03, 0x0f, 0x28, 0x03,
    0x0f, 0x28, 0x02, 0x0e, 0x27, 0x03, 0x0f, 0x28, 0x03, 0x0f, 0x29, 0x03, 0x0f, 0x29, 0x03, 0x0f,
    0x29, 0x03, 0x0f, 0x2a, 0x03, 0x0f, 0x29, 0x03, 0x0f, 0x28, 0x04, 0x10, 0x28, 0x04, 0x10, 0x29,
    0x03, 0x0f, 0x29, 0x03, 0x0f, 0x29, 0x03, 0x0f, 0x29, 0x03, 0x0f, 0x29, 0x03, 0x0f, 0x29, 0x03,
    0x0f, 0x28, 0x03, 0x0f, 0x28, 0x03, 0x0f, 0x28, 0x03, 0x0f, 0x27, 0x03, 0x0e, 0x27, 0x03, 0x0f,
    0x27, 0x02, 0x0f, 0x29, 0x01, 0x0f, 0x29, 0x02, 0x0e, 0x29, 0x03, 0x0f, 0x29, 0x03, 0x0f, 0x29,
    0x03, 0x0f, 0x29, 0x03, 0x0f, 0x27, 0x03, 0x0f, 0x28, 0x03, 0x0f, 0x29, 0x03, 0x0f, 0x29, 0x03,
    0x0f, 0x29, 0x03, 0x0f, 0x29, 0x04, 0x10, 0x2a, 0x03, 0x0f, 0x29, 0x03, 0x0f, 0x29, 0x03, 0x0f,
    0x29, 0x03, 0x0f, 0x29, 0x03, 0x0f, 0x29, 0x03, 0x0f, 0x29, 0x03, 0x0f, 0x28, 0x03, 0x0f, 0x28,
    0x03, 0x0f, 0x28, 0x03, 0x0f, 0x28, 0x03, 0x0f, 0x27, 0x03, 0x0f, 0x27, 0x02, 0x11, 0x28, 0x01,
    0x0f, 0x27, 0x29, 0x39, 0x51, 0x78, 0x9b, 0xc1, 0x62, 0x8a, 0xb9, 0x5e, 0x86, 0xb4, 0x59, 0x80,
    0xaf, 0x54, 0x7a, 0xa9, 0x50, 0x76, 0xa4, 0x4a, 0x6e, 0x9d, 0x6b, 0x92, 0xb6, 0x9a, 0xd8, 0xf3,
    0x8f, 0xd5, 0xf7, 0x8b, 0xd3, 0xf7, 0x88, 0xd1, 0xf6, 0x86, 0xd0, 0xf7, 0x83, 0xcd, 0xf5, 0x80,
    0xca, 0xf4, 0x7e, 0xc8, 0xf4, 0x7b, 0xc5, 0xf3, 0x76, 0xc3, 0xf3, 0x72, 0xc0, 0xf2, 0x6e, 0xbc,
    0xee, 0x68, 0xb9, 0xed, 0x66, 0xb7, 0xec, 0x63, 0xb3, 0xeb, 0x61, 0xb1, 0xea, 0x5e, 0xaf, 0xe9,
    0x5c, 0xad, 0xe8, 0x5a, 0xaa, 0xe6, 0x58, 0xa9, 0xe8, 0x57, 0xa8, 0xe7, 0x55, 0xa5, 0xe5, 0x54,
    0xa2, 0xe3, 0x50, 0xa1, 0xe4, 0x4f, 0x9f, 0xe2, 0x4d, 0x9e, 0xe1, 0x4c, 0x9d, 0xe0, 0x4c, 0x9c,
    0xe0, 0x4a, 0x9b, 0xe0, 0x4a, 0x9a, 0xe1, 0x51, 0x9a, 0xde, 0x35, 0x77, 0xbe, 0x31, 0x78, 0xc2,
    0x39, 0x82, 0xcc, 0x3e, 0x88, 0xd1, 0x40, 0x8b, 0xd3, 0x3f, 0x8d, 0xd5, 0x40, 0x8d, 0xd5, 0x3e,
    0x8c, 0xd6, 0x3e, 0x8d, 0xd5, 0x3f, 0x8d, 0xd6, 0x40, 0x8e, 0xd6, 0x41, 0x8f, 0xd6, 0x41, 0x8f,
    0xd7, 0x41, 0x8f, 0xd7, 0x41, 0x8f, 0xd6, 0x43, 0x8e, 0xd7, 0x42, 0x90, 0xd7, 0x44, 0x92, 0xd8,
    0x45, 0x92, 0xda, 0x45, 0x92, 0xda, 0x46, 0x92, 0xda, 0x46, 0x92, 0xda, 0x45, 0x92, 0xda, 0x45,
    0x92, 0xd9, 0x45, 0x93, 0xd9, 0x45, 0x93, 0xda, 0x44, 0x93, 0xda, 0x4d, 0x94, 0xd7, 0x2e, 0x58,
    0x89, 0x17, 0x3a, 0x6c, 0x19, 0x3d, 0x6f, 0x1a, 0x3e, 0x70, 0x1b, 0x3f, 0x71, 0x1d, 0x41, 0x74,
    0x1d, 0x42, 0x76, 0x2b, 0x4c, 0x7b, 0x10, 0x1f, 0x3c, 0x02, 0x0f, 0x27, 0x02, 0x0f, 0x29, 0x01,
    0x0f, 0x29, 0x01, 0x0f, 0x29, 0x01, 0x0f, 0x29, 0x01, 0x0f, 0x29, 0x02, 0x0f, 0x29, 0x02, 0x0f,
    0x29, 0x02, 0x10, 0x2a, 0x02, 0x0f, 0x29, 0x01, 0x0f, 0x29, 0x01, 0x0f, 0x29, 0x01, 0x0f, 0x29,
    0x01, 0x0f, 0x29, 0x02, 0x0f, 0x29, 0x02, 0x0f, 0x29, 0x02, 0x0f, 0x29, 0x02, 0x0f, 0x29, 0x01,
    0x0f, 0x29, 0x01, 0x0f, 0x29, 0x02, 0x10, 0x2a, 0x02, 0x10, 0x2a, 0x02, 0x10, 0x29, 0x03, 0x10,
    0x28, 0x02, 0x10, 0x28, 0x03, 0x10, 0x28, 0x03, 0x0f, 0x29, 0x03, 0x0f, 0x29, 0x03, 0x0f, 0x29,
    0x02, 0x0f, 0x29, 0x02, 0x0f, 0x28, 0x02, 0x10, 0x27, 0x02, 0x10, 0x27, 0x01, 0x10, 0x27, 0x02,
    0x10, 0x29, 0x02, 0x0f, 0x29, 0x02, 0x0f, 0x29, 0x02, 0x0f, 0x29, 0x02, 0x0f, 0x29, 0x01, 0x0f,
    0x29, 0x01, 0x0f, 0x29, 0x01, 0x0f, 0x29, 0x02, 0x0f, 0x29, 0x02, 0x0f, 0x29, 0x01, 0x0f, 0x29,
    0x01, 0x0f, 0x29, 0x02, 0x0f, 0x29, 0x02, 0x0f, 0x29, 0x02, 0x0f, 0x29, 0x02, 0x0f, 0x29, 0x02,
    0x0f, 0x29, 0x01, 0x0f, 0x29, 0x01, 0x0f, 0x29, 0x01, 0x0f, 0x29, 0x02, 0x0f, 0x29, 0x02, 0x0f,
    0x29, 0x02, 0x0f, 0x29, 0x03, 0x10, 0x2a, 0x03, 0x0f, 0x29, 0x03, 0x0f, 0x29, 0x03, 0x0f, 0x29,
    0x03, 0x0f, 0x29, 0x03, 0x0f, 0x29, 0x03, 0x0f, 0x29, 0x03, 0x0f, 0x28, 0x03, 0x0f, 0x28, 0x03,
    0x0f, 0x28, 0x03, 0x0f, 0x27, 0x03, 0x0f, 0x27, 0x03, 0x0f, 0x27, 0x03, 0x0f, 0x28, 0x02, 0x0f,
    0x28, 0x02, 0x0f, 0x28, 0x02, 0x0f, 0x28, 0x02, 0x0f, 0x28, 0x02, 0x0f, 0x29, 0x01, 0x0f, 0x29,
    0x01, 0x0f, 0x29, 0x02, 0x0f, 0x29, 0x02, 0x0f, 0x29, 0x02, 0x0f, 0x29, 0x02, 0x10, 0x2a, 0x02,
    0x10, 0x2a, 0x02, 0x10, 0x29, 0x03, 0x0f, 0x29, 0x03, 0x0f, 0x29, 0x03, 0x0f, 0x29, 0x03, 0x0f,
    0x29, 0x02, 0x0f, 0x29, 0x02, 0x0f, 0x29, 0x02, 0x0f, 0x29, 0x02, 0x0f, 0x29, 0x03, 0x0f, 0x29,
    0x03, 0x0f, 0x29, 0x03, 0x0f, 0x29, 0x03, 0x0f, 0x29, 0x04, 0x10, 0x29, 0x03, 0x10, 0x29, 0x03,
    0x0f, 0x29, 0x02, 0x0f, 0x2a, 0x03, 0x0f, 0x29, 0x03, 0x0f, 0x29, 0x03, 0x0f, 0x29, 0x03, 0x0f,
    0x29, 0x03, 0x0f, 0x29, 0x03, 0x0f, 0x28, 0x03, 0x0f, 0x29, 0x03, 0x0f, 0x29, 0x03, 0x0f, 0x29,
    0x02, 0x0f, 0x29, 0x02, 0x0f, 0x28, 0x02, 0x0f, 0x29, 0x02, 0x0f, 0x29, 0x03, 0x0f, 0x28, 0x03,
    0x0f, 0x28, 0x03, 0x0f, 0x29, 0x02, 0x0f, 0x29, 0x02, 0x0f, 0x29, 0x02, 0x0f, 0x29, 0x02, 0x0f,
    0x29, 0x02, 0x0f, 0x29, 0x01, 0x0f, 0x29, 0x02, 0x0f, 0x28, 0x02, 0x0f, 0x28, 0x02, 0x10, 0x29,
    0x01, 0x0f, 0x29, 0x01, 0x0f, 0x29, 0x01, 0x0f, 0x29, 0x01, 0x0f, 0x29, 0x01, 0x0f, 0x29, 0x01,
    0x0f, 0x29, 0x03, 0x0f, 0x29, 0x03, 0x0f, 0x29, 0x03, 0x0f, 0x28, 0x03, 0x0f, 0x27, 0x03, 0x0f,
    0x28, 0x03, 0x0f, 0x29, 0x03, 0x0f, 0x29, 0x03, 0x0f, 0x28, 0x03, 0x0f, 0x29, 0x03, 0x0f, 0x29,
    0x03, 0x0f, 0x29, 0x03, 0x0f, 0x27, 0x03, 0x0f, 0x27, 0x03, 0x0f, 0x27, 0x02, 0x0f, 0x28, 0x02,
    0x0f, 0x29, 0x02, 0x0f, 0x29, 0x03, 0x0f, 0x29, 0x03, 0x0f, 0x29, 0x04, 0x10, 0x2a, 0x03, 0x0f,
    0x29, 0x03, 0x0f, 0x28, 0x03, 0x0f, 0x28, 0x03, 0x0e, 0x28, 0x03, 0x0f, 0x28, 0x03, 0x0f, 0x29,
    0x02, 0x0f, 0x29, 0x03, 0x0f, 0x29, 0x03, 0x0f, 0x29, 0x03, 0x0f, 0x29, 0x03, 0x0f, 0x29, 0x03,
    0x0f, 0x28, 0x03, 0x0f, 0x29, 0x03, 0x0f, 0x29, 0x03, 0x0f, 0x29, 0x03, 0x0f, 0x29, 0x03, 0x0f,
    0x29, 0x03, 0x0f, 0x29, 0x03, 0x0f, 0x29, 0x02, 0x0f, 0x29, 0x02, 0x0f, 0x29, 0x03, 0x0f, 0x29,
    0x03, 0x0f, 0x29, 0x03, 0x0f, 0x29, 0x03, 0x0f, 0x28, 0x03, 0x0f, 0x28, 0x03, 0x10, 0x27, 0x02,
    0x0f, 0x27, 0x03, 0x0f, 0x28, 0x03, 0x0f, 0x28, 0x02, 0x12, 0x28, 0x01, 0x0f, 0x26, 0x29, 0x39,
    0x51, 0x76, 0x99, 0xbf, 0x60, 0x88, 0xb6, 0x5c, 0x84, 0xb2, 0x58, 0x7e, 0xae, 0x53, 0x79, 0xa8,
    0x4e, 0x74, 0xa2, 0x48, 0x6c, 0x9a, 0x69, 0x91, 0xb5, 0x98, 0xd7, 0xf3, 0x8d, 0xd3, 0xf6, 0x8a,
    0xd2, 0xf7, 0x87, 0xd0, 0xf7, 0x85, 0xce, 0xf6, 0x82, 0xcb, 0xf5, 0x7f, 0xc9, 0xf4, 0x7c, 0xc6,
    0xf4, 0x78, 0xc4, 0xf4, 0x7a, 0xc1, 0xef, 0x94, 0xcc, 0xed, 0x97, 0xcd, 0xed, 0x93, 0xca, 0xeb,
    0x91, 0xc7, 0xe9, 0x90, 0xc6, 0xe9, 0x8f, 0xc4, 0xe8, 0x8c, 0xc2, 0xe6, 0x8a, 0xc0, 0xe5, 0x89,
    0xbf, 0xe4, 0x84, 0xbd, 0xe6, 0x5f, 0xa7, 0xe2, 0x51, 0xa0, 0xe1, 0x50, 0x9f, 0xe1, 0x4e, 0x9e,
    0xe2, 0x4c, 0x9c, 0xdf, 0x4b, 0x9a, 0xdf, 0x49, 0x99, 0xde, 0x49, 0x98, 0xde, 0x48, 0x98, 0xde,
    0x47, 0x96, 0xdf, 0x4f, 0x97, 0xdc, 0x33, 0x74, 0xbc, 0x30, 0x75, 0xc1, 0x38, 0x7e, 0xca, 0x3d,
    0x85, 0xce, 0x3e, 0x88, 0xd2, 0x3f, 0x88, 0xd4, 0x42, 0x8b, 0xd0, 0x6a, 0xa3, 0xd6, 0x75, 0xaa,
    0xd7, 0x75, 0xab, 0xd9, 0x76, 0xab, 0xd8, 0x75, 0xab, 0xd8, 0x76, 0xac, 0xd8, 0x76, 0xab, 0xd8,
    0x75, 0xaa, 0xd7, 0x75, 0xaa, 0xd8, 0x6d, 0xa7, 0xd9, 0x48, 0x93, 0xd8, 0x43, 0x90, 0xd9, 0x44,
    0x90, 0xd9, 0x44, 0x91, 0xd9, 0x44, 0x91, 0xd9, 0x43, 0x91, 0xda, 0x43, 0x91, 0xd9, 0x43, 0x91,
    0xd9, 0x43, 0x91, 0xda, 0x42, 0x90, 0xda, 0x4c, 0x92, 0xd6, 0x2d, 0x57, 0x88, 0x16, 0x39, 0x6a,
    0x18, 0x3c, 0x6e, 0x19, 0x3d, 0x6f, 0x1b, 0x3f, 0x71, 0x1c, 0x41, 0x73, 0x1c, 0x41, 0x75, 0x29,
    0x4a, 0x7a, 0x10, 0x1f, 0x3c, 0x02, 0x0f, 0x27, 0x01, 0x0f, 0x29, 0x01, 0x0f, 0x29, 0x01, 0x0f,
    0x29, 0x01, 0x0f, 0x29, 0x01, 0x0f, 0x29, 0x01, 0x0f, 0x29, 0x01, 0x0f, 0x29, 0x01, 0x0f, 0x29,
    0x01, 0x0f, 0x29, 0x01, 0x0f, 0x29, 0x01, 0x0f, 0x29, 0x01, 0x0f, 0x29, 0x01, 0x0f, 0x29, 0x03,
    0x0f, 0x29, 0x03, 0x0f, 0x29, 0x03, 0x0f, 0x29, 0x03, 0x0f, 0x29, 0x01, 0x0f, 0x29, 0x01, 0x0f,
    0x29, 0x01, 0x0f, 0x29, 0x01, 0x0f, 0x29, 0x02, 0x0f, 0x29, 0x03, 0x0f, 0x29, 0x03, 0x0f, 0x29,
    0x03, 0x0f, 0x29, 0x02, 0x0f, 0x29, 0x02, 0x0f, 0x29, 0x03, 0x0f, 0x29, 0x02, 0x0f, 0x29, 0x01,
    0x0f, 0x28, 0x03, 0x0f, 0x28, 0x02, 0x0f, 0x28, 0x01, 0x0f, 0x28, 0x01, 0x0f, 0x28, 0x02, 0x0f,
    0x29, 0x02, 0x0f, 0x29, 0x02, 0x0f, 0x29, 0x02, 0x0f, 0x29, 0x02, 0x0f, 0x29, 0x01, 0x0f, 0x29,
    0x01, 0x0f, 0x29, 0x02, 0x0f, 0x29, 0x02, 0x0f, 0x29, 0x02, 0x10, 0x2a, 0x02, 0x10, 0x2a, 0x02,
    0x0f, 0x29, 0x03, 0x0f, 0x29, 0x03, 0x0f, 0x29, 0x03, 0x0f, 0x29, 0x02, 0x0f, 0x29, 0x01, 0x0f,
    0x29, 0x01, 0x0f, 0x29, 0x01, 0x0f, 0x29, 0x01, 0x0f, 0x29, 0x01, 0x0f, 0x29, 0x01, 0x0f, 0x29,
    0x03, 0x0f, 0x29, 0x03, 0x0f, 0x28, 0x03, 0x0f, 0x28, 0x03, 0x0f, 0x29, 0x03, 0x0f, 0x29, 0x03,
    0x0f, 0x29, 0x03, 0x0f, 0x29, 0x03, 0x0f, 0x29, 0x03, 0x0f, 0x29, 0x03, 0x0f, 0x29, 0x03, 0x0f,
    0x28, 0x03, 0x0f, 0x27, 0x03, 0x0f, 0x27, 0x03, 0x0f, 0x27, 0x03, 0x0f, 0x27, 0x03, 0x0f, 0x28,
    0x03, 0x0f, 0x27, 0x03, 0x0f, 0x28, 0x03, 0x0f, 0x29, 0x02, 0x0f, 0x29, 0x02, 0x0f, 0x29, 0x02,
    0x0f, 0x29, 0x02, 0x0f, 0x29, 0x01, 0x0f, 0x29, 0x01, 0x0f, 0x29, 0x01, 0x0f, 0x29, 0x02, 0x10,
    0x2a, 0x03, 0x0f, 0x29, 0x03, 0x0f, 0x29, 0x03, 0x0f, 0x29, 0x03, 0x0f, 0x29, 0x01, 0x0f, 0x29,
    0x02, 0x0f, 0x29, 0x03, 0x0f, 0x29, 0x01, 0x0f, 0x29, 0x02, 0x0f, 0x29, 0x02, 0x0f, 0x29, 0x02,
    0x0f, 0x29, 0x02, 0x0f, 0x28, 0x03, 0x10, 0x27, 0x04, 0x0f, 0x27, 0x03, 0x0f, 0x28, 0x02, 0x0f,
    0x29, 0x02, 0x0f, 0x29, 0x03, 0x0f, 0x29, 0x03, 0x0f, 0x29, 0x03, 0x0f, 0x29, 0x03, 0x0f, 0x28,
    0x03, 0x0f, 0x28, 0x03, 0x0f, 0x29, 0x03, 0x0f, 0x29, 0x03, 0x0f, 0x29, 0x03, 0x0f, 0x29, 0x03,
    0x0f, 0x28, 0x03, 0x0f, 0x28, 0x03, 0x0f, 0x29, 0x03, 0x0f, 0x29, 0x03, 0x0f, 0x29, 0x03, 0x0f,
    0x29, 0x03, 0x0f, 0x29, 0x03, 0x0f, 0x29, 0x03, 0x0f, 0x29, 0x03, 0x0f, 0x29, 0x03, 0x0f, 0x29,
    0x02, 0x0f, 0x29, 0x03, 0x0f, 0x27, 0x03, 0x0f, 0x27, 0x02, 0x0f, 0x29, 0x01, 0x0f, 0x29, 0x01,
    0x0f, 0x29, 0x01, 0x10, 0x29, 0x02, 0x10, 0x29, 0x01, 0x0f, 0x29, 0x01, 0x0f, 0x29, 0x03, 0x0f,
    0x29, 0x03, 0x0f, 0x29, 0x03, 0x0f, 0x28, 0x03, 0x0f, 0x28, 0x03, 0x0f, 0x29, 0x03, 0x0f, 0x29,
    0x03, 0x0f, 0x28, 0x03, 0x0f, 0x28, 0x03, 0x0f, 0x29, 0x03, 0x0f, 0x29, 0x03, 0x0f, 0x29, 0x03,
    0x0f, 0x28, 0x03, 0x0f, 0x28, 0x02, 0x0f, 0x28, 0x01, 0x0f, 0x28, 0x01, 0x0f, 0x29, 0x01, 0x0f,
    0x29, 0x03, 0x0f, 0x29, 0x04, 0x10, 0x2a, 0x04, 0x10, 0x2a, 0x03, 0x0f, 0x2a, 0x03, 0x0f, 0x29,
    0x03, 0x0f, 0x29, 0x03, 0x0f, 0x29, 0x03, 0x0f, 0x29, 0x03, 0x0f, 0x29, 0x03, 0x0f, 0x29, 0x03,
    0x0f, 0x29, 0x03, 0x0f, 0x29, 0x03, 0x0f, 0x29, 0x03, 0x0f, 0x29, 0x03, 0x0f, 0x29, 0x03, 0x0f,
    0x29, 0x03, 0x0f, 0x29, 0x03, 0x0f, 0x29, 0x03, 0x0f, 0x29, 0x03, 0x0f, 0x29, 0x03, 0x0f, 0x29,
    0x03, 0x0f, 0x29, 0x02, 0x0f, 0x29, 0x02, 0x0f, 0x29, 0x03, 0x0f, 0x29, 0x03, 0x0f, 0x29, 0x02,
    0x0f, 0x28, 0x03, 0x0f, 0x27, 0x03, 0x0f, 0x27, 0x02, 0x0f, 0x27, 0x02, 0x0f, 0x27, 0x02, 0x0e,
    0x28, 0x02, 0x0e, 0x29, 0x02, 0x11, 0x28, 0x01, 0x0e, 0x27, 0x28, 0x37, 0x50, 0x75, 0x97, 0xbd,
    0x5e, 0x86, 0xb4, 0x5b, 0x82, 0xb0, 0x57, 0x7d, 0xac, 0x51, 0x77, 0xa6, 0x4c, 0x72, 0xa1, 0x46,
    0x6b, 0x98, 0x67, 0x8f, 0xb3, 0x95, 0xd5, 0xf2, 0x8b, 0xd2, 0xf6, 0x88, 0xd1, 0xf6, 0x86, 0xcf,
    0xf6, 0x83, 0xcc, 0xf5, 0x80, 0xca, 0xf4, 0x7d, 0xc7, 0xf4, 0x7a, 0xc4, 0xf3, 0x76, 0xc1, 0xf1,
    0x74, 0xbc, 0xed, 0xae, 0xd6, 0xee, 0xf1, 0xfa, 0xfc, 0xf5, 0xfb, 0xfd, 0xf5, 0xfb, 0xfd, 0xf5,
    0xfb, 0xfc, 0xf4, 0xfb, 0xfc, 0xf5, 0xfb, 0xfc, 0xf5, 0xfb, 0xfd, 0xf4, 0xfb, 0xfd, 0xf1, 0xfb,
    0xfd, 0xae, 0xd0, 0xeb, 0x53, 0x9d, 0xdb, 0x4c, 0x9a, 0xde, 0x4a, 0x99, 0xdd, 0x48, 0x98, 0xde,
    0x48, 0x97, 0xdd, 0x47, 0x95, 0xdc, 0x46, 0x94, 0xdc, 0x46, 0x94, 0xdc, 0x44, 0x93, 0xdd, 0x4b,
    0x94, 0xd9, 0x31, 0x71, 0xb9, 0x2e, 0x73, 0xbe, 0x33, 0x7d, 0xc6, 0x3a, 0x82, 0xcb, 0x3c, 0x85,
    0xcd, 0x3c, 0x84, 0xcc, 0x86, 0xb3, 0xdb, 0xe3, 0xf1, 0xf9, 0xeb, 0xf4, 0xfb, 0xea, 0xf5, 0xfa,
    0xea, 0xf4, 0xfb, 0xe9, 0xf4, 0xfb, 0xe9, 0xf4, 0xfb, 0xe8, 0xf4, 0xfb, 0xe8, 0xf4, 0xfb, 0xe4,
    0xf3, 0xfa, 0x92, 0xbd, 0xe1, 0x42, 0x8b, 0xd2, 0x40, 0x8c, 0xd6, 0x41, 0x8d, 0xd8, 0x41, 0x8e,
    0xd8, 0x41, 0x8f, 0xd9, 0x41, 0x8f, 0xd9, 0x41, 0x8f, 0xd9, 0x41, 0x8f, 0xd8, 0x41, 0x8f, 0xd9,
    0x40, 0x8f, 0xd9, 0x4a, 0x91, 0xd5, 0x2c, 0x56, 0x87, 0x15, 0x39, 0x6a, 0x17, 0x3b, 0x6d, 0x19,
    0x3d, 0x6f, 0x1a, 0x3e, 0x70, 0x1b, 0x3f, 0x71, 0x1b, 0x41, 0x73, 0x29, 0x4a, 0x79, 0x0f, 0x1f,
    0x3c, 0x02, 0x0e, 0x27, 0x01, 0x0f, 0x29, 0x01, 0x0f, 0x29, 0x01, 0x0f, 0x29, 0x01, 0x0f, 0x29,
    0x01, 0x0f, 0x29, 0x01, 0x0f, 0x29, 0x01, 0x0f, 0x29, 0x01, 0x0f, 0x29, 0x01, 0x0f, 0x29, 0x01,
    0x0f, 0x29, 0x01, 0x0f, 0x29, 0x01, 0x0f, 0x29, 0x01, 0x0f, 0x29, 0x03, 0x0f, 0x29, 0x03, 0x0f,
    0x29, 0x03, 0x0f, 0x29, 0x03, 0x0f, 0x29, 0x02, 0x0f, 0x29, 0x02, 0x0f, 0x29, 0x02, 0x0f, 0x29,
    0x02, 0x0f, 0x29, 0x02, 0x0f, 0x29, 0x03, 0x0f, 0x29, 0x02, 0x0e, 0x28, 0x03, 0x0f, 0x29, 0x02,
    0x0f, 0x29, 0x02, 0x0f, 0x29, 0x03, 0x0f, 0x29, 0x02, 0x0f, 0x29, 0x01, 0x0f, 0x29, 0x02, 0x0f,
    0x29, 0x02, 0x0f, 0x29, 0x02, 0x0f, 0x29, 0x02, 0x0f, 0x29, 0x01, 0x0f, 0x29, 0x01, 0x0f, 0x29,
    0x01, 0x0f, 0x29, 0x01, 0x0f, 0x29, 0x02, 0x0f, 0x29, 0x02, 0x0f, 0x29, 0x02, 0x0f, 0x29, 0x03,
    0x0f, 0x29, 0x03, 0x10, 0x2a, 0x02, 0x10, 0x2a, 0x02, 0x10, 0x2a, 0x03, 0x10, 0x2a, 0x03, 0x10,
    0x2a, 0x03, 0x10, 0x2a, 0x02, 0x0f, 0x29, 0x02, 0x0f, 0x29, 0x02, 0x0f, 0x29, 0x01, 0x0f, 0x29,
    0x01, 0x0f, 0x29, 0x02, 0x10, 0x2a, 0x01, 0x0f, 0x29, 0x01, 0x0f, 0x29, 0x03, 0x0f, 0x29, 0x03,
    0x0f, 0x28, 0x03, 0x0f, 0x28, 0x03, 0x0f, 0x29, 0x03, 0x0f, 0x29, 0x03, 0x0f, 0x29, 0x03, 0x0f,
    0x29, 0x03, 0x0f, 0x29, 0x03, 0x0f, 0x29, 0x03, 0x0f, 0x29, 0x03, 0x0f, 0x28, 0x03, 0x0f, 0x27,
    0x03, 0x0f, 0x27, 0x03, 0x0f, 0x27, 0x03, 0x0f, 0x28, 0x03, 0x0f, 0x28, 0x03, 0x0f, 0x27, 0x03,
    0x0f, 0x28, 0x03, 0x0f, 0x29, 0x03, 0x0f, 0x29, 0x03, 0x0f, 0x29, 0x03, 0x0f, 0x29, 0x03, 0x0f,
    0x29, 0x02, 0x0f, 0x29, 0x02, 0x0f, 0x29, 0x02, 0x0f, 0x29, 0x03, 0x10, 0x2a, 0x03, 0x0f, 0x29,
    0x03, 0x0f, 0x29, 0x03, 0x0f, 0x29, 0x03, 0x0f, 0x29, 0x02, 0x0f, 0x29, 0x03, 0x0f, 0x29, 0x03,
    0x0f, 0x29, 0x01, 0x0f, 0x29, 0x01, 0x0f, 0x29, 0x01, 0x0f, 0x29, 0x01, 0x0f, 0x29, 0x01, 0x10,
    0x28, 0x03, 0x10, 0x28, 0x03, 0x0f, 0x28, 0x03, 0x0f, 0x28, 0x03, 0x0f, 0x28, 0x03, 0x0f, 0x29,
    0x04, 0x10, 0x2a, 0x03, 0x0f, 0x29, 0x03, 0x0f, 0x29, 0x03, 0x0f, 0x29, 0x03, 0x0f, 0x29, 0x03,
    0x0f, 0x29, 0x04, 0x10, 0x2a, 0x04, 0x10, 0x29, 0x03, 0x0f, 0x29, 0x03, 0x0f, 0x28, 0x03, 0x0f,
    0x29, 0x03, 0x0f, 0x29, 0x03, 0x0f, 0x29, 0x02, 0x0f, 0x29, 0x02, 0x0f, 0x29, 0x02, 0x0f, 0x29,
    0x03, 0x0f, 0x29, 0x03, 0x0f, 0x29, 0x03, 0x0f, 0x29, 0x03, 0x0f, 0x29, 0x01, 0x0f, 0x29, 0x02,
    0x0f, 0x27, 0x03, 0x0f, 0x27, 0x01, 0x0f, 0x29, 0x01, 0x0f, 0x28, 0x01, 0x10, 0x28, 0x01, 0x10,
    0x28, 0x01, 0x10, 0x28, 0x01, 0x0f, 0x29, 0x01, 0x0f, 0x29, 0x02, 0x0f, 0x29, 0x03, 0x0f, 0x29,
    0x03, 0x0f, 0x29, 0x03, 0x0f, 0x29, 0x03, 0x0f, 0x29, 0x03, 0x0f, 0x29, 0x03, 0x0f, 0x28, 0x03,
    0x0f, 0x28, 0x03, 0x0f, 0x29, 0x03, 0x0f, 0x29, 0x03, 0x0f, 0x29, 0x03, 0x0f, 0x29, 0x02, 0x0f,
    0x29, 0x01, 0x0f, 0x29, 0x01, 0x0f, 0x29, 0x01, 0x0f, 0x29, 0x02, 0x0f, 0x29, 0x03, 0x0f, 0x29,
    0x03, 0x0f, 0x29, 0x04, 0x10, 0x2a, 0x04, 0x10, 0x2a, 0x03, 0x0f, 0x29, 0x03, 0x0f, 0x29, 0x04,
    0x10, 0x2a, 0x04, 0x10, 0x2a, 0x03, 0x0f, 0x29, 0x03, 0x0f, 0x29, 0x03, 0x0f, 0x29, 0x03, 0x0f,
    0x29, 0x03, 0x0f, 0x29, 0x03, 0x0f, 0x29, 0x03, 0x0f, 0x29, 0x03, 0x0f, 0x29, 0x03, 0x0f, 0x29,
    0x03, 0x0f, 0x29, 0x03, 0x0f, 0x29, 0x03, 0x0f, 0x29, 0x03, 0x0f, 0x29, 0x03, 0x0f, 0x29, 0x02,
    0x0f, 0x29, 0x02, 0x0f, 0x29, 0x03, 0x0f, 0x29, 0x03, 0x0f, 0x29, 0x02, 0x0f, 0x29, 0x03, 0x0f,
    0x28, 0x03, 0x0f, 0x28, 0x03, 0x0f, 0x28, 0x03, 0x0f, 0x28, 0x03, 0x0f, 0x29, 0x02, 0x0e, 0x28,
    0x02, 0x11, 0x28, 0x01, 0x0e, 0x27, 0x27, 0x37, 0x4f, 0x73, 0x95, 0xbb, 0x5d, 0x84, 0xb2, 0x5a,
    0x80, 0xae, 0x55, 0x7b, 0xaa, 0x4f, 0x75, 0xa4, 0x4a, 0x70, 0x9f, 0x45, 0x69, 0x97, 0x66, 0x8e,
    0xb2, 0x93, 0xd4, 0xf2, 0x88, 0xd1, 0xf6, 0x86, 0xcf, 0xf7, 0x84, 0xcd, 0xf6, 0x81, 0xca, 0xf4,
    0x7e, 0xc7, 0xf3, 0x7b, 0xc5, 0xf3, 0x79, 0xc2, 0xf1, 0x75, 0xbf, 0xef, 0x6f, 0xba, 0xee, 0x72,
    0xb5, 0xe7, 0xbd, 0xdc, 0xf0, 0xf9, 0xfd, 0xfe, 0xfa, 0xfd, 0xfe, 0xf9, 0xfc, 0xfe, 0xf9, 0xfc,
    0xfe, 0xfb, 0xfc, 0xfe, 0xfb, 0xfc, 0xfe, 0xfa, 0xfc, 0xfe, 0xfa, 0xfc, 0xfe, 0xf3, 0xf8, 0xfc,
    0x99, 0xc1, 0xe3, 0x47, 0x94, 0xd7, 0x46, 0x94, 0xd9, 0x45, 0x93, 0xda, 0x45, 0x93, 0xdb, 0x44,
    0x92, 0xdb, 0x44, 0x92, 0xdb, 0x43, 0x91, 0xdb, 0x42, 0x90, 0xdb, 0x47, 0x91, 0xd7, 0x2e, 0x6f,
    0xb7, 0x2d, 0x70, 0xbb, 0x33, 0x7a, 0xc5, 0x38, 0x7f, 0xc9, 0x36, 0x80, 0xcb, 0x71, 0xa2, 0xd4,
    0xe0, 0xed, 0xf6, 0xf0, 0xf7, 0xfc, 0xef, 0xf6, 0xfc, 0xef, 0xf6, 0xfc, 0xed, 0xf5, 0xfd, 0xec,
    0xf5, 0xfd, 0xec, 0xf5, 0xfd, 0xec, 0xf5, 0xfd, 0xed, 0xf5, 0xfc, 0xa9, 0xc8, 0xe4, 0x43, 0x89,
    0xcc, 0x3b, 0x86, 0xd1, 0x3d, 0x89, 0xd4, 0x3f, 0x8b, 0xd6, 0x3f, 0x8d, 0xd7, 0x3f, 0x8d, 0xd7,
    0x3f, 0x8d, 0xd7, 0x3f, 0x8d, 0xd7, 0x3f, 0x8d, 0xd7, 0x3f, 0x8d, 0xd7, 0x3e, 0x8d, 0xd7, 0x48,
    0x8f, 0xd4, 0x2b, 0x54, 0x86, 0x15, 0x38, 0x69, 0x17, 0x3a, 0x6b, 0x19, 0x3b, 0x6d, 0x1a, 0x3c,
    0x6f, 0x1b, 0x3e, 0x70, 0x1b, 0x3f, 0x72, 0x28, 0x49, 0x78, 0x0f, 0x1e, 0x3b, 0x01, 0x0e, 0x26,
    0x01, 0x0f, 0x28, 0x01, 0x0f, 0x29, 0x01, 0x0f, 0x29, 0x01, 0x0f, 0x29, 0x01, 0x0f, 0x29, 0x01,
    0x0f, 0x29, 0x01, 0x0f, 0x29, 0x01, 0x0f, 0x29, 0x01, 0x0f, 0x29, 0x01, 0x0f, 0x29, 0x01, 0x0f,
    0x29, 0x01, 0x0f, 0x29, 0x01, 0x0f, 0x29, 0x03, 0x0f, 0x29, 0x04, 0x10, 0x2a, 0x03, 0x0f, 0x29,
    0x03, 0x0f, 0x29, 0x03, 0x0f, 0x29, 0x03, 0x0f, 0x29, 0x03, 0x0f, 0x29, 0x03, 0x0f, 0x29, 0x03,
    0x0f, 0x29, 0x03, 0x0f, 0x29, 0x02, 0x0e, 0x28, 0x03, 0x0f, 0x29, 0x02, 0x0f, 0x29, 0x02, 0x0f,
    0x29, 0x03, 0x0f, 0x29, 0x02, 0x0f, 0x29, 0x01, 0x0f, 0x28, 0x01, 0x0f, 0x28, 0x01, 0x0f, 0x28,
    0x03, 0x0f, 0x28, 0x02, 0x0f, 0x28, 0x01, 0x0f, 0x29, 0x01, 0x0f, 0x29, 0x01, 0x0f, 0x29, 0x01,
    0x0f, 0x29, 0x01, 0x0f, 0x29, 0x01, 0x0f, 0x29, 0x01, 0x0f, 0x29, 0x02, 0x10, 0x2a, 0x02, 0x10,
    0x2a, 0x02, 0x10, 0x2a, 0x02, 0x10, 0x2a, 0x02, 0x10, 0x2a, 0x02, 0x10, 0x2a, 0x01, 0x10, 0x2a,
    0x02, 0x0f, 0x29, 0x03, 0x0f, 0x2a, 0x02, 0x10, 0x2a, 0x02, 0x10, 0x2a, 0x01, 0x0f, 0x29, 0x02,
    0x10, 0x2a, 0x01, 0x0f, 0x29, 0x01, 0x0f, 0x29, 0x03, 0x0f, 0x29, 0x03, 0x0f, 0x28, 0x03, 0x0f,
    0x28, 0x03, 0x0f, 0x29, 0x03, 0x0f, 0x29, 0x03, 0x0f, 0x29, 0x03, 0x0f, 0x29, 0x03, 0x0f, 0x29,
    0x03, 0x0f, 0x29, 0x03, 0x0f, 0x29, 0x03, 0x0f, 0x29, 0x03, 0x0f, 0x29, 0x03, 0x0f, 0x28, 0x03,
    0x0f, 0x28, 0x03, 0x0f, 0x29, 0x03, 0x0f, 0x28, 0x03, 0x0f, 0x27, 0x03, 0x0f, 0x27, 0x02, 0x0f,
    0x28, 0x02, 0x0f, 0x29, 0x02, 0x0f, 0x29, 0x02, 0x0f, 0x29, 0x03, 0x0f, 0x29, 0x03, 0x0f, 0x29,
    0x03, 0x0f, 0x29, 0x03, 0x0f, 0x29, 0x03, 0x0f, 0x29, 0x03, 0x0f, 0x29, 0x03, 0x0f, 0x29, 0x03,
    0x0f, 0x29, 0x03, 0x0f, 0x29, 0x01, 0x0f, 0x29, 0x03, 0x0f, 0x29, 0x03, 0x0f, 0x29, 0x02, 0x0f,
    0x29, 0x01, 0x0f, 0x29, 0x02, 0x0f, 0x29, 0x02, 0x0f, 0x29, 0x02, 0x0f, 0x28, 0x02, 0x0f, 0x28,
    0x03, 0x0f, 0x29, 0x03, 0x0f, 0x28, 0x03, 0x0f, 0x27, 0x03, 0x0f, 0x28, 0x04, 0x10, 0x2a, 0x04,
    0x10, 0x2a, 0x04, 0x10, 0x2a, 0x03, 0x0f, 0x29, 0x03, 0x0f, 0x29, 0x03, 0x0f, 0x29, 0x03, 0x0f,
    0x29, 0x03, 0x0f, 0x28, 0x03, 0x0f, 0x29, 0x03, 0x0f, 0x28, 0x04, 0x0f, 0x29, 0x03, 0x10, 0x2a,
    0x02, 0x10, 0x2a, 0x01, 0x0f, 0x29, 0x01, 0x0f, 0x29, 0x02, 0x0f, 0x29, 0x03, 0x0f, 0x29, 0x03,
    0x0f, 0x29, 0x03, 0x0f, 0x29, 0x03, 0x0f, 0x29, 0x01, 0x0f, 0x28, 0x02, 0x0f, 0x27, 0x03, 0x0f,
    0x27, 0x01, 0x0f, 0x28, 0x01, 0x0f, 0x29, 0x01, 0x0f, 0x29, 0x01, 0x0f, 0x29, 0x01, 0x0f, 0x29,
    0x01, 0x0f, 0x29, 0x02, 0x10, 0x2a, 0x02, 0x0f, 0x29, 0x03, 0x0f, 0x29, 0x03, 0x0f, 0x29, 0x03,
    0x0f, 0x29, 0x03, 0x0f, 0x29, 0x03, 0x0f, 0x28, 0x03, 0x0f, 0x27, 0x03, 0x0f, 0x28, 0x03, 0x0f,
    0x29, 0x03, 0x0f, 0x29, 0x03, 0x0f, 0x29, 0x02, 0x0f, 0x29, 0x01, 0x0f, 0x29, 0x01, 0x0f, 0x29,
    0x01, 0x0f, 0x29, 0x01, 0x0f, 0x29, 0x02, 0x10, 0x2a, 0x04, 0x10, 0x2a, 0x04, 0x10, 0x2a, 0x03,
    0x0f, 0x29, 0x04, 0x10, 0x2a, 0x04, 0x10, 0x2a, 0x03, 0x0f, 0x29, 0x03, 0x0f, 0x29, 0x03, 0x10,
    0x2a, 0x02, 0x0f, 0x29, 0x02, 0x0f, 0x29, 0x03, 0x0f, 0x29, 0x03, 0x0f, 0x29, 0x03, 0x0f, 0x29,
    0x03, 0x0f, 0x29, 0x03, 0x0f, 0x29, 0x03, 0x0f, 0x29, 0x03, 0x0f, 0x29, 0x03, 0x0f, 0x29, 0x03,
    0x0f, 0x29, 0x03, 0x0f, 0x29, 0x03, 0x0f, 0x29, 0x03, 0x0f, 0x29, 0x02, 0x0f, 0x29, 0x02, 0x0f,
    0x29, 0x03, 0x0f, 0x29, 0x03, 0x0f, 0x29, 0x01, 0x0f, 0x29, 0x02, 0x0f, 0x29, 0x03, 0x0f, 0x29,
    0x03, 0x0f, 0x29, 0x03, 0x0f, 0x29, 0x03, 0x0f, 0x29, 0x03, 0x0f, 0x29, 0x02, 0x10, 0x29, 0x01,
    0x0e, 0x27, 0x27, 0x37, 0x4f, 0x72, 0x95, 0xbb, 0x5c, 0x83, 0xb2, 0x58, 0x7e, 0xad, 0x53, 0x79,
    0xa8, 0x4d, 0x73, 0xa2, 0x49, 0x6f, 0x9d, 0x44, 0x68, 0x96, 0x65, 0x8d, 0xb1, 0x91, 0xd2, 0xf2,
    0x86, 0xcf, 0xf6, 0x84, 0xcd, 0xf6, 0x81, 0xcb, 0xf5, 0x7f, 0xc8, 0xf3, 0x7c, 0xc5, 0xf2, 0x79,
    0xc3, 0xf2, 0x77, 0xc1, 0xf1, 0x72, 0xbe, 0xf0, 0x6e, 0xba, 0xec, 0x68, 0xb2, 0xe8, 0x71, 0xb1,
    0xe1, 0xcb, 0xe3, 0xf2, 0xfb, 0xfd, 0xfc, 0xfa, 0xfb, 0xfe, 0xf9, 0xfc, 0xfe, 0xf9, 0xfc, 0xfe,
    0xf8, 0xfc, 0xfe, 0xf8, 0xfc, 0xfe, 0xf9, 0xfb, 0xfe, 0xf9, 0xfc, 0xfe, 0xec, 0xf4, 0xfa, 0x84,
    0xb3, 0xdb, 0x42, 0x8e, 0xd4, 0x41, 0x90, 0xd8, 0x42, 0x8f, 0xd8, 0x41, 0x8f, 0xd8, 0x40, 0x8e,
    0xd8, 0x40, 0x8d, 0xd8, 0x3f, 0x8d, 0xd8, 0x45, 0x8f, 0xd6, 0x2d, 0x6d, 0xb4, 0x2a, 0x6e, 0xb8,
    0x2f, 0x77, 0xc1, 0x33, 0x7b, 0xc6, 0x5f, 0x97, 0xcf, 0xd5, 0xe4, 0xf1, 0xef, 0xf5, 0xfc, 0xee,
    0xf4, 0xfb, 0xec, 0xf5, 0xfc, 0xec, 0xf4, 0xfc, 0xed, 0xf4, 0xfc, 0xec, 0xf4, 0xfb, 0xed, 0xf4,
    0xfb, 0xec, 0xf6, 0xfd, 0xb7, 0xd2, 0xe9, 0x49, 0x87, 0xc8, 0x38, 0x80, 0xcb, 0x3c, 0x85, 0xd0,
    0x3c, 0x87, 0xd3, 0x3d, 0x89, 0xd4, 0x3d, 0x8a, 0xd5, 0x3e, 0x8b, 0xd6, 0x3d, 0x8b, 0xd6, 0x3d,
    0x8b, 0xd6, 0x3d, 0x8b, 0xd7, 0x3d, 0x8b, 0xd6, 0x3c, 0x8b, 0xd6, 0x46, 0x8d, 0xd3, 0x2a, 0x53,
    0x86, 0x15, 0x36, 0x68, 0x17, 0x3a, 0x6a, 0x19, 0x3b, 0x6b, 0x1a, 0x3c, 0x6e, 0x1a, 0x3e, 0x70,
    0x1a, 0x3f, 0x71, 0x28, 0x49, 0x77, 0x0f, 0x1f, 0x3c, 0x01, 0x0e, 0x27, 0x01, 0x0f, 0x29, 0x01,
    0x0f, 0x29, 0x01, 0x0f, 0x29, 0x01, 0x0f, 0x29, 0x01, 0x0f, 0x29, 0x01, 0x0f, 0x29, 0x01, 0x0f,
    0x29, 0x01, 0x0f, 0x29, 0x01, 0x0f, 0x29, 0x02, 0x0f, 0x29, 0x02, 0x0f, 0x29, 0x02, 0x0f, 0x29,
    0x02, 0x0f, 0x29, 0x03, 0x10, 0x29, 0x03, 0x10, 0x2a, 0x03, 0x0f, 0x2a, 0x03, 0x0f, 0x29, 0x02,
    0x0f, 0x28, 0x03, 0x0e, 0x29, 0x03, 0x0f, 0x28, 0x02, 0x0f, 0x28, 0x02, 0x0f, 0x28, 0x02, 0x0f,
    0x28, 0x03, 0x0e, 0x29, 0x03, 0x0f, 0x29, 0x02, 0x0f, 0x28, 0x02, 0x0f, 0x29, 0x02, 0x0f, 0x28,
    0x01, 0x0f, 0x28, 0x01, 0x0f, 0x27, 0x01, 0x0f, 0x26, 0x02, 0x10, 0x27, 0x03, 0x0f, 0x28, 0x02,
    0x0f, 0x29, 0x02, 0x0f, 0x29, 0x02, 0x0f, 0x29, 0x01, 0x10, 0x29, 0x02, 0x0f, 0x29, 0x02, 0x0f,
    0x28, 0x02, 0x0f, 0x29, 0x01, 0x0f, 0x29, 0x02, 0x10, 0x29, 0x02, 0x10, 0x2a, 0x02, 0x10, 0x2a,
    0x02, 0x10, 0x2a, 0x03, 0x10, 0x29, 0x03, 0x0f, 0x29, 0x02, 0x0f, 0x2a, 0x02, 0x0f, 0x29, 0x03,
    0x10, 0x2a, 0x03, 0x10, 0x2a, 0x02, 0x10, 0x2a, 0x02, 0x10, 0x2a, 0x02, 0x10, 0x29, 0x02, 0x0f,
    0x29, 0x02, 0x0f, 0x29, 0x03, 0x0f, 0x29, 0x03, 0x0f, 0x28, 0x03, 0x0f, 0x28, 0x03, 0x0f, 0x29,
    0x03, 0x0f, 0x29, 0x03, 0x0f, 0x29, 0x03, 0x0f, 0x29, 0x03, 0x0f, 0x29, 0x03, 0x0f, 0x28, 0x03,
    0x0f, 0x29, 0x02, 0x0f, 0x29, 0x03, 0x0f, 0x29, 0x02, 0x0e, 0x28, 0x02, 0x0e, 0x28, 0x02, 0x0f,
    0x28, 0x02, 0x0f, 0x28, 0x03, 0x0e, 0x27, 0x02, 0x0f, 0x27, 0x02, 0x0f, 0x29, 0x02, 0x0f, 0x28,
    0x02, 0x0f, 0x29, 0x01, 0x0f, 0x2a, 0x02, 0x10, 0x2a, 0x03, 0x0f, 0x29, 0x03, 0x0f, 0x29, 0x03,
    0x0f, 0x29, 0x03, 0x0f, 0x29, 0x03, 0x0f, 0x29, 0x03, 0x0f, 0x29, 0x03, 0x0f, 0x29, 0x03, 0x0f,
    0x29, 0x02, 0x0f, 0x29, 0x03, 0x0f, 0x29, 0x03, 0x0f, 0x29, 0x02, 0x0f, 0x29, 0x02, 0x0f, 0x29,
    0x03, 0x0f, 0x29, 0x03, 0x0f, 0x29, 0x03, 0x0f, 0x28, 0x02, 0x0f, 0x28, 0x02, 0x0f, 0x28, 0x03,
    0x0f, 0x28, 0x03, 0x0f, 0x27, 0x03, 0x0f, 0x28, 0x04, 0x10, 0x2a, 0x04, 0x10, 0x2a, 0x04, 0x10,
    0x2a, 0x03, 0x0f, 0x29, 0x02, 0x10, 0x28, 0x02, 0x10, 0x28, 0x02, 0x10, 0x28, 0x03, 0x10, 0x28,
    0x02, 0x0f, 0x29, 0x03, 0x0f, 0x29, 0x03, 0x0f, 0x29, 0x03, 0x0f, 0x2a, 0x02, 0x0f, 0x29, 0x02,
    0x0f, 0x29, 0x01, 0x0f, 0x29, 0x01, 0x0f, 0x29, 0x02, 0x0f, 0x29, 0x02, 0x0f, 0x29, 0x02, 0x0f,
    0x29, 0x02, 0x0f, 0x29, 0x01, 0x0f, 0x28, 0x02, 0x0f, 0x28, 0x03, 0x0f, 0x27, 0x02, 0x0f, 0x28,
    0x01, 0x0f, 0x27, 0x02, 0x0f, 0x29, 0x02, 0x0f, 0x2a, 0x02, 0x0f, 0x29, 0x01, 0x0f, 0x28, 0x02,
    0x0f, 0x28, 0x02, 0x0f, 0x28, 0x02, 0x0f, 0x28, 0x02, 0x0f, 0x29, 0x03, 0x0f, 0x29, 0x03, 0x0f,
    0x28, 0x03, 0x0f, 0x28, 0x02, 0x0f, 0x28, 0x02, 0x0f, 0x29, 0x02, 0x0f, 0x29, 0x03, 0x0f, 0x29,
    0x03, 0x0f, 0x29, 0x02, 0x0f, 0x29, 0x01, 0x0f, 0x29, 0x01, 0x0f, 0x29, 0x02, 0x0f, 0x29, 0x02,
    0x0f, 0x29, 0x02, 0x0f, 0x29, 0x03, 0x0f, 0x29, 0x03, 0x0f, 0x29, 0x03, 0x0f, 0x29, 0x03, 0x0f,
    0x29, 0x03, 0x0f, 0x29, 0x03, 0x10, 0x2a, 0x02, 0x10, 0x2a, 0x02, 0x0f, 0x29, 0x02, 0x0f, 0x29,
    0x02, 0x0f, 0x29, 0x03, 0x0f, 0x29, 0x03, 0x0f, 0x29, 0x03, 0x0f, 0x29, 0x03, 0x0f, 0x29, 0x02,
    0x0e, 0x28, 0x02, 0x0e, 0x28, 0x02, 0x0e, 0x28, 0x02, 0x0f, 0x29, 0x03, 0x0f, 0x29, 0x03, 0x0f,
    0x28, 0x03, 0x0f, 0x28, 0x03, 0x0f, 0x29, 0x02, 0x0f, 0x29, 0x02, 0x0f, 0x29, 0x03, 0x0f, 0x29,
    0x03, 0x0f, 0x29, 0x02, 0x0f, 0x29, 0x02, 0x0f, 0x28, 0x02, 0x0f, 0x28, 0x02, 0x0f, 0x28, 0x03,
    0x0f, 0x28, 0x02, 0x0f, 0x29, 0x02, 0x0f, 0x29, 0x02, 0x11, 0x28, 0x01, 0x0e, 0x27, 0x27, 0x37,
    0x50, 0x70, 0x93, 0xba, 0x5b, 0x81, 0xb1, 0x57, 0x7c, 0xab, 0x51, 0x77, 0xa7, 0x4c, 0x72, 0xa1,
    0x47, 0x6d, 0x9c, 0x43, 0x66, 0x95, 0x64, 0x8c, 0xb0, 0x90, 0xd2, 0xf2, 0x85, 0xcd, 0xf6, 0x82,
    0xcb, 0xf4, 0x7e, 0xc9, 0xf4, 0x7c, 0xc6, 0xf3, 0x7a, 0xc4, 0xf3, 0x77, 0xc2, 0xf2, 0x74, 0xbf,
    0xf1, 0x70, 0xbc, 0xee, 0x6c, 0xb8, 0xec, 0x67, 0xb2, 0xe9, 0x5f, 0xa9, 0xe2, 0x75, 0xaf, 0xdd,
    0xd9, 0xea, 0xf4, 0xfb, 0xfd, 0xff, 0xf9, 0xfc, 0xfe, 0xf9, 0xfc, 0xfe, 0xf8, 0xfc, 0xff, 0xf8,
    0xfc, 0xfe, 0xf7, 0xfb, 0xfe, 0xf7, 0xfb, 0xfe, 0xf7, 0xfb, 0xfe, 0xe2, 0xef, 0xf7, 0x72, 0xa7,
    0xd9, 0x3e, 0x8a, 0xd3, 0x3f, 0x8c, 0xd4, 0x3e, 0x8c, 0xd5, 0x3d, 0x8b, 0xd4, 0x3e, 0x8b, 0xd5,
    0x3d, 0x8b, 0xd6, 0x43, 0x8b, 0xd3, 0x2c, 0x6a, 0xaf, 0x2a, 0x6a, 0xb6, 0x2c, 0x72, 0xbe, 0x4e,
    0x88, 0xc6, 0xc5, 0xdb, 0xed, 0xee, 0xf5, 0xfc, 0xec, 0xf3, 0xfb, 0xec, 0xf4, 0xfb, 0xeb, 0xf4,
    0xfb, 0xeb, 0xf4, 0xfc, 0xeb, 0xf4, 0xfc, 0xeb, 0xf4, 0xfc, 0xec, 0xf5, 0xfc, 0xc6, 0xdb, 0xef,
    0x53, 0x8a, 0xc6, 0x35, 0x7b, 0xc4, 0x3a, 0x80, 0xcb, 0x3a, 0x84, 0xcf, 0x3b, 0x86, 0xd2, 0x3b,
    0x87, 0xd3, 0x3c, 0x88, 0xd4, 0x3c, 0x88, 0xd4, 0x3c, 0x89, 0xd5, 0x3c, 0x8a, 0xd5, 0x3c, 0x8a,
    0xd5, 0x3c, 0x8a, 0xd5, 0x3b, 0x89, 0xd5, 0x46, 0x8c, 0xd3, 0x2a, 0x53, 0x86, 0x14, 0x36, 0x67,
    0x17, 0x39, 0x69, 0x19, 0x3b, 0x6a, 0x19, 0x3c, 0x6d, 0x1a, 0x3e, 0x70, 0x1a, 0x3f, 0x70, 0x28,
    0x49, 0x77, 0x0f, 0x1f, 0x3c, 0x01, 0x0e, 0x27, 0x01, 0x0f, 0x29, 0x01, 0x0f, 0x29, 0x01, 0x0f,
    0x29, 0x01, 0x0f, 0x29, 0x01, 0x0f, 0x29, 0x01, 0x0f, 0x29, 0x01, 0x0f, 0x29, 0x01, 0x0f, 0x29,
    0x01, 0x0f, 0x29, 0x01, 0x0f, 0x28, 0x01, 0x10, 0x27, 0x01, 0x0f, 0x28, 0x01, 0x0f, 0x29, 0x03,
    0x10, 0x2a, 0x01, 0x10, 0x2a, 0x02, 0x0f, 0x2a, 0x02, 0x0f, 0x29, 0x02, 0x0f, 0x26, 0x03, 0x0f,
    0x28, 0x03, 0x0f, 0x28, 0x02, 0x0f, 0x28, 0x01, 0x0e, 0x29, 0x01, 0x0e, 0x28, 0x02, 0x0e, 0x29,
    0x01, 0x0f, 0x29, 0x01, 0x10, 0x28, 0x02, 0x0f, 0x29, 0x02, 0x0f, 0x28, 0x01, 0x0f, 0x27, 0x01,
    0x0d, 0x27, 0x00, 0x0e, 0x27, 0x01, 0x0f, 0x29, 0x02, 0x11, 0x29, 0x02, 0x11, 0x2a, 0x03, 0x10,
    0x2a, 0x02, 0x10, 0x28, 0x01, 0x10, 0x2a, 0x02, 0x0f, 0x29, 0x01, 0x0f, 0x29, 0x01, 0x0f, 0x29,
    0x02, 0x10, 0x29, 0x02, 0x10, 0x29, 0x02, 0x10, 0x2a, 0x02, 0x10, 0x2a, 0x02, 0x10, 0x29, 0x03,
    0x10, 0x28, 0x02, 0x0f, 0x27, 0x01, 0x0f, 0x27, 0x01, 0x0f, 0x26, 0x02, 0x11, 0x29, 0x03, 0x11,
    0x2c, 0x02, 0x11, 0x2c, 0x02, 0x10, 0x2b, 0x02, 0x10, 0x2a, 0x03, 0x0f, 0x29, 0x03, 0x0f, 0x29,
    0x03, 0x0f, 0x29, 0x03, 0x0f, 0x29, 0x03, 0x0f, 0x29, 0x03, 0x0f, 0x29, 0x03, 0x0f, 0x29, 0x03,
    0x0f, 0x29, 0x02, 0x0f, 0x29, 0x02, 0x0f, 0x28, 0x03, 0x0f, 0x27, 0x02, 0x0f, 0x28, 0x02, 0x0f,
    0x29, 0x03, 0x0f, 0x29, 0x03, 0x0f, 0x29, 0x03, 0x0e, 0x29, 0x02, 0x0f, 0x28, 0x03, 0x0f, 0x28,
    0x03, 0x0e, 0x28, 0x01, 0x0f, 0x27, 0x00, 0x0e, 0x27, 0x00, 0x0e, 0x28, 0x01, 0x10, 0x2a, 0x02,
    0x10, 0x2a, 0x02, 0x10, 0x29, 0x03, 0x0f, 0x29, 0x03, 0x0f, 0x29, 0x03, 0x0f, 0x29, 0x03, 0x0f,
    0x29, 0x03, 0x0f, 0x29, 0x03, 0x0f, 0x29, 0x03, 0x0f, 0x29, 0x03, 0x0f, 0x29, 0x03, 0x0f, 0x29,
    0x03, 0x0f, 0x29, 0x03, 0x0f, 0x29, 0x03, 0x0f, 0x29, 0x03, 0x0f, 0x29, 0x03, 0x0f, 0x29, 0x03,
    0x0f, 0x29, 0x03, 0x0f, 0x29, 0x03, 0x0f, 0x28, 0x04, 0x0f, 0x28, 0x03, 0x0f, 0x28, 0x03, 0x0f,
    0x28, 0x03, 0x0f, 0x28, 0x03, 0x0f, 0x29, 0x03, 0x0f, 0x29, 0x03, 0x0f, 0x29, 0x03, 0x10, 0x29,
    0x01, 0x10, 0x28, 0x02, 0x10, 0x28, 0x02, 0x10, 0x28, 0x02, 0x10, 0x29, 0x01, 0x0f, 0x29, 0x01,
    0x0f, 0x29, 0x01, 0x0f, 0x29, 0x02, 0x0f, 0x29, 0x03, 0x0f, 0x29, 0x03, 0x0f, 0x29, 0x01, 0x0f,
    0x29, 0x01, 0x0f, 0x29, 0x01, 0x0f, 0x29, 0x02, 0x0f, 0x29, 0x02, 0x0f, 0x29, 0x02, 0x0f, 0x29,
    0x02, 0x0e, 0x27, 0x03, 0x0e, 0x27, 0x02, 0x0e, 0x28, 0x00, 0x0e, 0x27, 0x00, 0x0d, 0x27, 0x01,
    0x0e, 0x27, 0x02, 0x0f, 0x28, 0x01, 0x10, 0x29, 0x01, 0x10, 0x28, 0x02, 0x10, 0x28, 0x02, 0x0f,
    0x27, 0x01, 0x0f, 0x27, 0x02, 0x0f, 0x28, 0x03, 0x0e, 0x29, 0x03, 0x0f, 0x29, 0x03, 0x0f, 0x29,
    0x02, 0x0f, 0x29, 0x01, 0x10, 0x2a, 0x02, 0x0f, 0x29, 0x03, 0x0f, 0x29, 0x03, 0x0f, 0x29, 0x02,
    0x0f, 0x29, 0x01, 0x0f, 0x29, 0x01, 0x0f, 0x29, 0x01, 0x0f, 0x29, 0x03, 0x0f, 0x29, 0x03, 0x0f,
    0x28, 0x03, 0x0f, 0x28, 0x03, 0x0f, 0x28, 0x03, 0x0f, 0x29, 0x03, 0x0f, 0x29, 0x03, 0x0f, 0x29,
    0x03, 0x0f, 0x29, 0x03, 0x0f, 0x29, 0x03, 0x0f, 0x29, 0x04, 0x0f, 0x29, 0x03, 0x0f, 0x29, 0x03,
    0x0f, 0x29, 0x03, 0x0f, 0x29, 0x03, 0x0f, 0x29, 0x03, 0x0f, 0x29, 0x02, 0x0e, 0x28, 0x03, 0x0f,
    0x29, 0x02, 0x0e, 0x28, 0x01, 0x0f, 0x29, 0x02, 0x0f, 0x29, 0x03, 0x0f, 0x28, 0x03, 0x0f, 0x27,
    0x03, 0x0f, 0x29, 0x01, 0x0f, 0x29, 0x01, 0x0e, 0x28, 0x02, 0x0f, 0x29, 0x02, 0x0f, 0x29, 0x02,
    0x0f, 0x29, 0x02, 0x0f, 0x28, 0x01, 0x0f, 0x28, 0x02, 0x0f, 0x28, 0x02, 0x0f, 0x28, 0x01, 0x0f,
    0x29, 0x01, 0x0f, 0x29, 0x02, 0x11, 0x28, 0x00, 0x0e, 0x26, 0x26, 0x36, 0x4f, 0x6d, 0x91, 0xb8,
    0x59, 0x7f, 0xaf, 0x55, 0x7b, 0xaa, 0x4f, 0x76, 0xa5, 0x4a, 0x70, 0x9f, 0x46, 0x6c, 0x9b, 0x41,
    0x65, 0x93, 0x62, 0x8a, 0xaf, 0x8d, 0xd0, 0xf2, 0x83, 0xcc, 0xf5, 0x80, 0xca, 0xf4, 0x7c, 0xc7,
    0xf4, 0x7a, 0xc5, 0xf3, 0x77, 0xc2, 0xf2, 0x74, 0xc0, 0xf1, 0x71, 0xbd, 0xef, 0x6e, 0xba, 0xed,
    0x6a, 0xb6, 0xec, 0x65, 0xb2, 0xe9, 0x60, 0xab, 0xe4, 0x5a, 0xa2, 0xdc, 0x7c, 0xb1, 0xdb, 0xe3,
    0xef, 0xf6, 0xfa, 0xfd, 0xff, 0xf9, 0xfc, 0xfe, 0xf8, 0xfc, 0xfe, 0xf7, 0xfb, 0xfe, 0xf7, 0xfa,
    0xfe, 0xf7, 0xfa, 0xfe, 0xf5, 0xfa, 0xfd, 0xf7, 0xfa, 0xfe, 0xd7, 0xe7, 0xf4, 0x60, 0x9c, 0xd1,
    0x3a, 0x85, 0xd0, 0x3b, 0x87, 0xd2, 0x3c, 0x87, 0xd1, 0x3b, 0x88, 0xd3, 0x3a, 0x87, 0xd2, 0x41,
    0x87, 0xcf, 0x2a, 0x67, 0xae, 0x25, 0x65, 0xb3, 0x3d, 0x79, 0xba, 0xb6, 0xce, 0xe6, 0xed, 0xf5,
    0xfb, 0xeb, 0xf4, 0xfa, 0xeb, 0xf4, 0xfc, 0xeb, 0xf4, 0xfb, 0xea, 0xf3, 0xfb, 0xea, 0xf3, 0xfb,
    0xea, 0xf3, 0xfb, 0xec, 0xf4, 0xfe, 0xd2, 0xe2, 0xf2, 0x5d, 0x8f, 0xc6, 0x30, 0x75, 0xc1, 0x36,
    0x7c, 0xc6, 0x36, 0x80, 0xcb, 0x3a, 0x81, 0xd0, 0x3a, 0x83, 0xd0, 0x3a, 0x85, 0xd1, 0x3a, 0x86,
    0xd2, 0x3a, 0x86, 0xd3, 0x3a, 0x87, 0xd4, 0x3b, 0x88, 0xd4, 0x3a, 0x88, 0xd4, 0x3a, 0x88, 0xd4,
    0x39, 0x87, 0xd5, 0x44, 0x8b, 0xd1, 0x29, 0x52, 0x86, 0x13, 0x35, 0x67, 0x16, 0x38, 0x68, 0x18,
    0x3a, 0x6a, 0x19, 0x3c, 0x6c, 0x19, 0x3d, 0x6f, 0x19, 0x3e, 0x70, 0x28, 0x4a, 0x77, 0x0f, 0x1f,
    0x3c, 0x01, 0x0f, 0x28, 0x02, 0x10, 0x2a, 0x01, 0x0f, 0x29, 0x01, 0x0f, 0x29, 0x01, 0x0f, 0x29,
    0x01, 0x0f, 0x29, 0x01, 0x0f, 0x29, 0x01, 0x0f, 0x29, 0x01, 0x0f, 0x29, 0x01, 0x0f, 0x29, 0x02,
    0x0f, 0x29, 0x0f, 0x1a, 0x31, 0x18, 0x21, 0x34, 0x16, 0x1e, 0x33, 0x09, 0x13, 0x2b, 0x02, 0x11,
    0x2a, 0x02, 0x11, 0x2a, 0x03, 0x10, 0x2a, 0x02, 0x0f, 0x29, 0x03, 0x0e, 0x29, 0x03, 0x0e, 0x26,
    0x11, 0x1a, 0x2f, 0x1a, 0x22, 0x36, 0x18, 0x21, 0x36, 0x07, 0x13, 0x2a, 0x01, 0x10, 0x29, 0x01,
    0x0f, 0x2a, 0x03, 0x0f, 0x29, 0x02, 0x0e, 0x29, 0x06, 0x11, 0x29, 0x14, 0x1d, 0x32, 0x15, 0x1f,
    0x34, 0x09, 0x15, 0x2c, 0x02, 0x11, 0x2a, 0x02, 0x11, 0x2a, 0x02, 0x11, 0x2a, 0x02, 0x11, 0x2a,
    0x02, 0x10, 0x2a, 0x08, 0x13, 0x2a, 0x17, 0x20, 0x35, 0x17, 0x21, 0x34, 0x09, 0x15, 0x2c, 0x02,
    0x11, 0x2b, 0x02, 0x10, 0x2a, 0x02, 0x10, 0x29, 0x03, 0x0f, 0x28, 0x03, 0x0f, 0x27, 0x09, 0x14,
    0x2b, 0x15, 0x1e, 0x31, 0x13, 0x1b, 0x30, 0x05, 0x10, 0x2a, 0x06, 0x12, 0x2b, 0x12, 0x1d, 0x33,
    0x07, 0x11, 0x28, 0x02, 0x0f, 0x29, 0x03, 0x0f, 0x29, 0x03, 0x0f, 0x29, 0x02, 0x0e, 0x28, 0x03,
    0x0f, 0x29, 0x03, 0x0f, 0x29, 0x03, 0x0f, 0x29, 0x03, 0x0f, 0x29, 0x03, 0x0f, 0x29, 0x02, 0x0f,
    0x29, 0x02, 0x0f, 0x28, 0x03, 0x0f, 0x27, 0x01, 0x0e, 0x27, 0x01, 0x0f, 0x29, 0x03, 0x0f, 0x29,
    0x03, 0x0f, 0x29, 0x02, 0x0e, 0x29, 0x02, 0x0f, 0x28, 0x03, 0x0e, 0x27, 0x03, 0x0e, 0x28, 0x02,
    0x0f, 0x27, 0x13, 0x1c, 0x2f, 0x18, 0x23, 0x35, 0x08, 0x15, 0x2c, 0x02, 0x0f, 0x29, 0x03, 0x10,
    0x2a, 0x03, 0x10, 0x2a, 0x03, 0x0f, 0x29, 0x02, 0x0f, 0x29, 0x03, 0x0f, 0x29, 0x03, 0x0f, 0x29,
    0x03, 0x0f, 0x29, 0x03, 0x0f, 0x29, 0x03, 0x0f, 0x29, 0x03, 0x0f, 0x29, 0x03, 0x0f, 0x29, 0x03,
    0x0f, 0x29, 0x03, 0x0f, 0x29, 0x02, 0x0f, 0x29, 0x02, 0x0f, 0x29, 0x02, 0x0f, 0x29, 0x02, 0x0f,
    0x29, 0x03, 0x0f, 0x29, 0x03, 0x0f, 0x29, 0x03, 0x0f, 0x29, 0x03, 0x0f, 0x29, 0x03, 0x0f, 0x29,
    0x03, 0x0f, 0x29, 0x03, 0x0f, 0x29, 0x03, 0x0f, 0x29, 0x03, 0x0f, 0x29, 0x03, 0x0f, 0x29, 0x03,
    0x0f, 0x29, 0x03, 0x0f, 0x29, 0x03, 0x0f, 0x29, 0x03, 0x0f, 0x29, 0x03, 0x0f, 0x29, 0x02, 0x0f,
    0x29, 0x02, 0x0f, 0x29, 0x02, 0x0f, 0x29, 0x02, 0x0f, 0x29, 0x02, 0x0f, 0x29, 0x02, 0x0f, 0x29,
    0x03, 0x0f, 0x29, 0x03, 0x0f, 0x29, 0x03, 0x0f, 0x29, 0x03, 0x0f, 0x29, 0x02, 0x0e, 0x28, 0x02,
    0x0d, 0x25, 0x0e, 0x18, 0x2e, 0x1f, 0x29, 0x3e, 0x27, 0x30, 0x45, 0x21, 0x29, 0x3c, 0x0e, 0x18,
    0x2b, 0x01, 0x0d, 0x26, 0x02, 0x0f, 0x29, 0x01, 0x0f, 0x29, 0x01, 0x0f, 0x29, 0x02, 0x0f, 0x27,
    0x02, 0x0e, 0x28, 0x03, 0x0f, 0x29, 0x03, 0x0f, 0x29, 0x03, 0x0f, 0x29, 0x02, 0x0f, 0x29, 0x01,
    0x0f, 0x29, 0x02, 0x0f, 0x29, 0x03, 0x0f, 0x29, 0x03, 0x0f, 0x29, 0x02, 0x0f, 0x29, 0x01, 0x0f,
    0x29, 0x01, 0x0f, 0x29, 0x01, 0x0f, 0x29, 0x02, 0x0f, 0x29, 0x02, 0x0f, 0x29, 0x02, 0x0e, 0x28,
    0x02, 0x0f, 0x29, 0x03, 0x0f, 0x29, 0x03, 0x0f, 0x29, 0x03, 0x0f, 0x29, 0x03, 0x0f, 0x29, 0x03,
    0x0f, 0x29, 0x03, 0x0f, 0x29, 0x03, 0x0f, 0x29, 0x03, 0x0f, 0x29, 0x03, 0x0f, 0x29, 0x03, 0x0f,
    0x29, 0x03, 0x0f, 0x29, 0x03, 0x0f, 0x29, 0x02, 0x0e, 0x28, 0x03, 0x0f, 0x29, 0x03, 0x0f, 0x29,
    0x01, 0x0e, 0x28, 0x02, 0x0f, 0x29, 0x03, 0x0f, 0x29, 0x03, 0x0f, 0x28, 0x03, 0x0f, 0x29, 0x01,
    0x0f, 0x29, 0x01, 0x0e, 0x28, 0x03, 0x0f, 0x29, 0x02, 0x0e, 0x28, 0x02, 0x0f, 0x29, 0x02, 0x0f,
    0x29, 0x01, 0x0f, 0x29, 0x01, 0x0f, 0x29, 0x02, 0x0e, 0x29, 0x01, 0x0f, 0x29, 0x01, 0x0f, 0x29,
    0x01, 0x11, 0x27, 0x00, 0x0e, 0x26, 0x25, 0x35, 0x50, 0x6c, 0x8f, 0xb8, 0x57, 0x7d, 0xae, 0x54,
    0x7a, 0xa8, 0x4e, 0x74, 0xa4, 0x49, 0x6f, 0x9e, 0x45, 0x6b, 0x9a, 0x40, 0x64, 0x92, 0x60, 0x89,
    0xae, 0x8a, 0xce, 0xf1, 0x80, 0xca, 0xf5, 0x7e, 0xc8, 0xf4, 0x7b, 0xc6, 0xf4, 0x77, 0xc4, 0xf3,
    0x74, 0xc0, 0xf1, 0x71, 0xbe, 0xf0, 0x6e, 0xbb, 0xee, 0x6b, 0xb8, 0xed, 0x68, 0xb5, 0xeb, 0x64,
    0xb1, 0xe9, 0x5f, 0xab, 0xe6, 0x5a, 0xa5, 0xe1, 0x53, 0x9b, 0xd7, 0x88, 0xb6, 0xdb, 0xea, 0xf4,
    0xfa, 0xf9, 0xfc, 0xfe, 0xf7, 0xfb, 0xfe, 0xf7, 0xfa, 0xfe, 0xf6, 0xf9, 0xfe, 0xf4, 0xfa, 0xfe,
    0xf5, 0xf8, 0xfd, 0xf6, 0xf8, 0xfd, 0xf6, 0xfa, 0xfe, 0xc8, 0xdc, 0xed, 0x50, 0x8d, 0xcb, 0x35,
    0x7f, 0xcd, 0x39, 0x81, 0xcb, 0x38, 0x83, 0xce, 0x38, 0x83, 0xce, 0x3e, 0x84, 0xcd, 0x27, 0x62,
    0xab, 0x2f, 0x69, 0xab, 0x9f, 0xbf, 0xdb, 0xea, 0xf3, 0xfc, 0xea, 0xf3, 0xfb, 0xea, 0xf2, 0xfc,
    0xea, 0xf3, 0xfc, 0xea, 0xf3, 0xfc, 0xea, 0xf3, 0xfc, 0xe9, 0xf2, 0xfb, 0xea, 0xf3, 0xfb, 0xdc,
    0xe9, 0xf5, 0x6b, 0x98, 0xc8, 0x2c, 0x71, 0xbd, 0x32, 0x77, 0xc4, 0x35, 0x7b, 0xc8, 0x36, 0x7e,
    0xc9, 0x38, 0x80, 0xce, 0x38, 0x82, 0xce, 0x39, 0x82, 0xcf, 0x39, 0x84, 0xd1, 0x38, 0x84, 0xd2,
    0x39, 0x85, 0xd3, 0x39, 0x86, 0xd4, 0x39, 0x86, 0xd4, 0x39, 0x86, 0xd4, 0x38, 0x86, 0xd4, 0x43,
    0x8a, 0xd1, 0x28, 0x51, 0x85, 0x13, 0x34, 0x67, 0x16, 0x37, 0x68, 0x17, 0x39, 0x69, 0x18, 0x3b,
    0x6c, 0x19, 0x3d, 0x6f, 0x19, 0x3e, 0x70, 0x28, 0x49, 0x77, 0x0f, 0x1f, 0x3c, 0x01, 0x0f, 0x28,
    0x02, 0x10, 0x2a, 0x01, 0x0f, 0x29, 0x02, 0x10, 0x2a, 0x01, 0x0f, 0x29, 0x01, 0x0f, 0x29, 0x01,
    0x0f, 0x29, 0x01, 0x0f, 0x29, 0x01, 0x0f, 0x29, 0x01, 0x10, 0x29, 0x01, 0x0e, 0x25, 0x44, 0x4b,
    0x5c, 0xc3, 0xc6, 0xca, 0xcb, 0xcd, 0xd0, 0x6e, 0x73, 0x7e, 0x04, 0x11, 0x28, 0x02, 0x12, 0x2b,
    0x02, 0x10, 0x2a, 0x03, 0x0f, 0x2a, 0x02, 0x0d, 0x27, 0x1b, 0x23, 0x34, 0xa8, 0xac, 0xb4, 0xd0,
    0xd1, 0xd7, 0x97, 0x9c, 0xa6, 0x11, 0x1c, 0x31, 0x02, 0x0f, 0x29, 0x02, 0x0f, 0x2a, 0x03, 0x0f,
    0x28, 0x02, 0x0d, 0x28, 0x14, 0x1c, 0x32, 0xa3, 0xa7, 0xb1, 0xcc, 0xce, 0xd4, 0x59, 0x60, 0x6e,
    0x01, 0x0f, 0x28, 0x04, 0x11, 0x2c, 0x03, 0x11, 0x2b, 0x03, 0x11, 0x2b, 0x01, 0x0e, 0x27, 0x47,
    0x4d, 0x5c, 0xc8, 0xc8, 0xcf, 0xc9, 0xcb, 0xd0, 0x4d, 0x55, 0x66, 0x00, 0x0e, 0x28, 0x02, 0x10,
    0x2a, 0x03, 0x0f, 0x28, 0x03, 0x0f, 0x27, 0x01, 0x0d, 0x24, 0x5d, 0x63, 0x70, 0xca, 0xcc, 0xd1,
    0x98, 0x9a, 0xa5, 0x10, 0x19, 0x2d, 0x69, 0x6f, 0x7a, 0xc5, 0xc7, 0xce, 0x6b, 0x6f, 0x7a, 0x06,
    0x0f, 0x25, 0x03, 0x0f, 0x29, 0x03, 0x0e, 0x29, 0x03, 0x0f, 0x29, 0x03, 0x0f, 0x29, 0x03, 0x0f,
    0x29, 0x03, 0x0f, 0x29, 0x03, 0x0f, 0x29, 0x03, 0x0f, 0x29, 0x02, 0x0f, 0x29, 0x02, 0x0f, 0x28,
    0x03, 0x0f, 0x26, 0x02, 0x0e, 0x27, 0x01, 0x0f, 0x29, 0x03, 0x0f, 0x29, 0x03, 0x0f, 0x29, 0x03,
    0x0f, 0x29, 0x03, 0x0f, 0x2a, 0x02, 0x0f, 0x29, 0x02, 0x0f, 0x27, 0x0a, 0x14, 0x29, 0x97, 0x99,
    0xa2, 0xc9, 0xcb, 0xd0, 0x3b, 0x42, 0x50, 0x01, 0x0d, 0x24, 0x02, 0x10, 0x2a, 0x02, 0x10, 0x2a,
    0x02, 0x10, 0x2a, 0x01, 0x0f, 0x29, 0x01, 0x0f, 0x29, 0x03, 0x0f, 0x29, 0x03, 0x0f, 0x29, 0x03,
    0x0f, 0x29, 0x03, 0x0e, 0x28, 0x03, 0x0f, 0x29, 0x03, 0x0f, 0x29, 0x03, 0x0f, 0x29, 0x03, 0x0f,
    0x29, 0x01, 0x0f, 0x29, 0x01, 0x0f, 0x29, 0x01, 0x0f, 0x29, 0x01, 0x0f, 0x2a, 0x03, 0x0f, 0x29,
    0x04, 0x10, 0x2a, 0x04, 0x10, 0x2a, 0x03, 0x0f, 0x29, 0x03, 0x0f, 0x29, 0x03, 0x0f, 0x29, 0x03,
    0x0f, 0x29, 0x03, 0x0f, 0x29, 0x02, 0x0f, 0x29, 0x02, 0x0f, 0x29, 0x02, 0x0f, 0x29, 0x02, 0x0f,
    0x29, 0x02, 0x0f, 0x29, 0x02, 0x0f, 0x29, 0x02, 0x0f, 0x29, 0x01, 0x0f, 0x29, 0x01, 0x0f, 0x29,
    0x01, 0x0f, 0x29, 0x01, 0x0f, 0x29, 0x03, 0x0f, 0x29, 0x03, 0x0f, 0x29, 0x02, 0x0f, 0x29, 0x02,
    0x0f, 0x29, 0x03, 0x0f, 0x29, 0x02, 0x0f, 0x28, 0x0c, 0x17, 0x2e, 0x53, 0x5c, 0x6e, 0x99, 0x9f,
    0xad, 0xb3, 0xb8, 0xc5, 0xb9, 0xbd, 0xca, 0xb4, 0xb8, 0xc4, 0x98, 0x9d, 0xab, 0x51, 0x58, 0x6b,
    0x0c, 0x14, 0x2c, 0x02, 0x0e, 0x27, 0x01, 0x0f, 0x29, 0x01, 0x0e, 0x28, 0x02, 0x0f, 0x28, 0x03,
    0x0f, 0x29, 0x03, 0x0f, 0x29, 0x03, 0x0f, 0x29, 0x02, 0x0f, 0x29, 0x01, 0x0f, 0x29, 0x01, 0x0f,
    0x29, 0x03, 0x0f, 0x29, 0x03, 0x0f, 0x29, 0x02, 0x0f, 0x29, 0x01, 0x0f, 0x29, 0x01, 0x0f, 0x29,
    0x01, 0x0f, 0x29, 0x00, 0x0f, 0x28, 0x01, 0x0f, 0x29, 0x00, 0x0f, 0x28, 0x01, 0x0f, 0x29, 0x03,
    0x0f, 0x29, 0x03, 0x0f, 0x29, 0x03, 0x0f, 0x29, 0x03, 0x0f, 0x29, 0x03, 0x0f, 0x29, 0x03, 0x0f,
    0x29, 0x03, 0x0f, 0x29, 0x03, 0x0f, 0x29, 0x03, 0x0f, 0x29, 0x03, 0x0f, 0x29, 0x03, 0x0f, 0x29,
    0x03, 0x0f, 0x29, 0x03, 0x0f, 0x29, 0x03, 0x0f, 0x29, 0x03, 0x0f, 0x29, 0x01, 0x0f, 0x29, 0x02,
    0x0f, 0x29, 0x03, 0x0f, 0x29, 0x03, 0x0f, 0x28, 0x03, 0x0f, 0x29, 0x02, 0x0f, 0x29, 0x02, 0x0e,
    0x28, 0x02, 0x0e, 0x28, 0x01, 0x0e, 0x28, 0x02, 0x0f, 0x29, 0x02, 0x0f, 0x28, 0x01, 0x0f, 0x29,
    0x02, 0x0f, 0x29, 0x02, 0x0f, 0x28, 0x01, 0x0f, 0x29, 0x01, 0x0f, 0x29, 0x02, 0x10, 0x28, 0x00,
    0x0e, 0x27, 0x25, 0x35, 0x50, 0x6b, 0x8e, 0xb7, 0x56, 0x7c, 0xad, 0x52, 0x78, 0xa7, 0x4d, 0x73,
    0xa3, 0x48, 0x6e, 0x9d, 0x44, 0x69, 0x98, 0x3f, 0x62, 0x91, 0x5f, 0x88, 0xad, 0x89, 0xcd, 0xf0,
    0x7e, 0xc9, 0xf4, 0x7c, 0xc7, 0xf3, 0x79, 0xc4, 0xf3, 0x75, 0xc2, 0xf2, 0x72, 0xbe, 0xf0, 0x6f,
    0xbc, 0xef, 0x6c, 0xb9, 0xee, 0x69, 0xb6, 0xec, 0x66, 0xb3, 0xeb, 0x62, 0xaf, 0xe9, 0x5f, 0xab,
    0xe6, 0x5c, 0xa6, 0xe2, 0x57, 0x9f, 0xdd, 0x52, 0x98, 0xd6, 0x98, 0xbe, 0xdf, 0xef, 0xf7, 0xfc,
    0xf7, 0xfb, 0xfe, 0xf6, 0xf9, 0xfe, 0xf5, 0xf8, 0xfd, 0xf4, 0xf8, 0xfe, 0xf4, 0xf8, 0xfc, 0xf2,
    0xf8, 0xfd, 0xf3, 0xf8, 0xfd, 0xf4, 0xfa, 0xfe, 0xb6, 0xd0, 0xe6, 0x43, 0x83, 0xc5, 0x32, 0x7d,
    0xc7, 0x35, 0x7f, 0xca, 0x35, 0x80, 0xcb, 0x3c, 0x81, 0xca, 0x2c, 0x60, 0xa2, 0x89, 0xa9, 0xca,
    0xe4, 0xf0, 0xf9, 0xe8, 0xf1, 0xfb, 0xe8, 0xf1, 0xf9, 0xe9, 0xf1, 0xfb, 0xe9, 0xf2, 0xfb, 0xe9,
    0xf2, 0xfb, 0xe9, 0xf2, 0xfa, 0xe9, 0xf2, 0xfc, 0xe2, 0xed, 0xf8, 0x7a, 0xa3, 0xcb, 0x2d, 0x6c,
    0xb7, 0x2e, 0x73, 0xbf, 0x31, 0x78, 0xc4, 0x34, 0x7a, 0xc8, 0x35, 0x7c, 0xcb, 0x36, 0x7e, 0xcd,
    0x36, 0x80, 0xcd, 0x37, 0x81, 0xce, 0x37, 0x82, 0xd0, 0x37, 0x83, 0xd1, 0x37, 0x83, 0xd1, 0x38,
    0x84, 0xd2, 0x38, 0x84, 0xd2, 0x38, 0x85, 0xd3, 0x37, 0x85, 0xd3, 0x42, 0x88, 0xd1, 0x27, 0x50,
    0x84, 0x12, 0x33, 0x65, 0x15, 0x37, 0x68, 0x17, 0x39, 0x69, 0x17, 0x3a, 0x6b, 0x18, 0x3c, 0x6e,
    0x18, 0x3d, 0x6f, 0x27, 0x48, 0x76, 0x0f, 0x1e, 0x3c, 0x01, 0x0e, 0x28, 0x02, 0x10, 0x29, 0x02,
    0x10, 0x2a, 0x02, 0x10, 0x2a, 0x02, 0x10, 0x2a, 0x01, 0x0f, 0x29, 0x02, 0x10, 0x2a, 0x02, 0x0f,
    0x29, 0x01, 0x0f, 0x29, 0x01, 0x10, 0x29, 0x02, 0x10, 0x29, 0x12, 0x1a, 0x2f, 0xa7, 0xa9, 0xb0,
    0xff, 0xff, 0xff, 0xdf, 0xe0, 0xe3, 0x36, 0x3f, 0x51, 0x00, 0x0f, 0x29, 0x03, 0x11, 0x2b, 0x04,
    0x10, 0x29, 0x05, 0x0f, 0x24, 0x7d, 0x82, 0x8c, 0xf9, 0xf9, 0xfb, 0xec, 0xeb, 0xed, 0x4e, 0x54,
    0x61, 0x01, 0x0e, 0x26, 0x01, 0x10, 0x2a, 0x02, 0x10, 0x2a, 0x03, 0x0f, 0x29, 0x03, 0x0f, 0x29,
    0x08, 0x10, 0x25, 0xa1, 0xa4, 0xab, 0xff, 0xff, 0xff, 0x9a, 0x9f, 0xa8, 0x07, 0x14, 0x2c, 0x04,
    0x12, 0x2b, 0x05, 0x11, 0x2b, 0x03, 0x11, 0x2a, 0x04, 0x0e, 0x25, 0x83, 0x87, 0x90, 0xfd, 0xfe,
    0xfe, 0xff, 0xff, 0xff, 0x8b, 0x8f, 0x99, 0x02, 0x0e, 0x26, 0x02, 0x0f, 0x27, 0x03, 0x0e, 0x27,
    0x02, 0x0f, 0x27, 0x06, 0x11, 0x27, 0xa2, 0xa5, 0xac, 0xff, 0xff, 0xff, 0x95, 0x97, 0xa1, 0x12,
    0x1a, 0x2f, 0xbf, 0xc1, 0xc5, 0xff, 0xff, 0xff, 0xc0, 0xc2, 0xc7, 0x10, 0x19, 0x2e, 0x02, 0x0e,
    0x29, 0x02, 0x0f, 0x28, 0x03, 0x0f, 0x28, 0x03, 0x0f, 0x29, 0x02, 0x0f, 0x29, 0x02, 0x0f, 0x29,
    0x02, 0x0f, 0x29, 0x03, 0x10, 0x29, 0x02, 0x0f, 0x28, 0x02, 0x0f, 0x28, 0x03, 0x0f, 0x27, 0x02,
    0x0f, 0x28, 0x02, 0x0f, 0x29, 0x03, 0x0f, 0x28, 0x02, 0x0f, 0x28, 0x02, 0x0f, 0x29, 0x02, 0x0f,
    0x2a, 0x01, 0x10, 0x29, 0x02, 0x10, 0x27, 0x0c, 0x15, 0x28, 0xb8, 0xb9, 0xbe, 0xf4, 0xf4, 0xf5,
    0x45, 0x4b, 0x57, 0x01, 0x0c, 0x22, 0x03, 0x10, 0x29, 0x02, 0x10, 0x2a, 0x01, 0x10, 0x2a, 0x01,
    0x0f, 0x29, 0x02, 0x0f, 0x2a, 0x02, 0x0f, 0x29, 0x03, 0x0f, 0x29, 0x02, 0x0f, 0x29, 0x02, 0x0f,
    0x29, 0x02, 0x0f, 0x29, 0x02, 0x0f, 0x29, 0x02, 0x0f, 0x29, 0x03, 0x0f, 0x29, 0x02, 0x0f, 0x29,
    0x01, 0x0f, 0x29, 0x01, 0x10, 0x29, 0x02, 0x10, 0x29, 0x02, 0x10, 0x2a, 0x03, 0x10, 0x2a, 0x03,
    0x0f, 0x29, 0x03, 0x10, 0x29, 0x02, 0x0f, 0x29, 0x03, 0x0f, 0x29, 0x03, 0x0f, 0x29, 0x03, 0x0f,
    0x29, 0x03, 0x0f, 0x29, 0x02, 0x0f, 0x29, 0x02, 0x10, 0x2a, 0x02, 0x10, 0x2a, 0x01, 0x0f, 0x2a,
    0x02, 0x0f, 0x2a, 0x01, 0x0f, 0x2a, 0x02, 0x0f, 0x2a, 0x01, 0x0f, 0x29, 0x01, 0x0f, 0x29, 0x02,
    0x0f, 0x29, 0x02, 0x0f, 0x29, 0x02, 0x0f, 0x29, 0x01, 0x0f, 0x29, 0x01, 0x10, 0x29, 0x02, 0x10,
    0x2a, 0x0a, 0x15, 0x2c, 0x73, 0x79, 0x89, 0xc5, 0xca, 0xd6, 0xc0, 0xc6, 0xd1, 0x9f, 0xa5, 0xb2,
    0x91, 0x97, 0xa6, 0xa3, 0xa8, 0xb6, 0xc6, 0xc9, 0xd5, 0xc6, 0xcb, 0xd7, 0x6b, 0x71, 0x82, 0x07,
    0x11, 0x28, 0x01, 0x0e, 0x29, 0x01, 0x0f, 0x29, 0x02, 0x0f, 0x29, 0x02, 0x0f, 0x29, 0x02, 0x0f,
    0x28, 0x03, 0x0f, 0x29, 0x02, 0x0e, 0x29, 0x01, 0x0f, 0x29, 0x02, 0x0f, 0x29, 0x03, 0x0f, 0x29,
    0x02, 0x0f, 0x29, 0x02, 0x0f, 0x29, 0x02, 0x0f, 0x29, 0x02, 0x0f, 0x29, 0x01, 0x0f, 0x29, 0x01,
    0x10, 0x28, 0x01, 0x10, 0x28, 0x01, 0x10, 0x28, 0x02, 0x0f, 0x29, 0x03, 0x0f, 0x29, 0x02, 0x0f,
    0x28, 0x02, 0x0f, 0x29, 0x03, 0x0f, 0x2a, 0x03, 0x0f, 0x29, 0x03, 0x10, 0x29, 0x02, 0x0f, 0x29,
    0x02, 0x0f, 0x29, 0x03, 0x0f, 0x28, 0x03, 0x0f, 0x28, 0x02, 0x0e, 0x28, 0x03, 0x0f, 0x29, 0x02,
    0x0f, 0x29, 0x03, 0x0f, 0x29, 0x03, 0x0f, 0x29, 0x02, 0x0f, 0x2a, 0x03, 0x0f, 0x29, 0x03, 0x0f,
    0x28, 0x03, 0x10, 0x28, 0x03, 0x0f, 0x29, 0x03, 0x0e, 0x29, 0x02, 0x0e, 0x28, 0x02, 0x0e, 0x28,
    0x01, 0x0e, 0x29, 0x02, 0x0f, 0x29, 0x02, 0x0f, 0x28, 0x01, 0x0f, 0x27, 0x02, 0x0f, 0x28, 0x02,
    0x0e, 0x29, 0x01, 0x0f, 0x29, 0x01, 0x0f, 0x29, 0x02, 0x10, 0x2a, 0x00, 0x0d, 0x27, 0x25, 0x35,
    0x4f, 0x69, 0x8d, 0xb5, 0x54, 0x7a, 0xac, 0x51, 0x76, 0xa6, 0x4b, 0x72, 0xa2, 0x47, 0x6d, 0x9c,
    0x43, 0x68, 0x97, 0x3e, 0x61, 0x90, 0x5d, 0x86, 0xac, 0x86, 0xcc, 0xf0, 0x7b, 0xc7, 0xf4, 0x7b,
    0xc5, 0xf3, 0x77, 0xc2, 0xf3, 0x73, 0xc0, 0xf2, 0x71, 0xbd, 0xf0, 0x6e, 0xba, 0xef, 0x6a, 0xb7,
    0xee, 0x66, 0xb4, 0xec, 0x64, 0xb1, 0xea, 0x61, 0xad, 0xe7, 0x5e, 0xaa, 0xe5, 0x5b, 0xa6, 0xe3,
    0x58, 0xa1, 0xde, 0x51, 0x9c, 0xdc, 0x53, 0x94, 0xd0, 0xa6, 0xc7, 0xe3, 0xf3, 0xf9, 0xfd, 0xf4,
    0xf9, 0xfe, 0xf5, 0xf8, 0xfd, 0xf4, 0xf8, 0xfe, 0xf3, 0xf8, 0xfd, 0xf2, 0xf7, 0xfd, 0xf2, 0xf7,
    0xfd, 0xf2, 0xf7, 0xfc, 0xef, 0xf7, 0xfc, 0xa0, 0xc2, 0xdf, 0x39, 0x7d, 0xc2, 0x31, 0x7b, 0xc7,
    0x32, 0x7c, 0xc8, 0x39, 0x7c, 0xc3, 0x76, 0x99, 0xc0, 0xdd, 0xe9, 0xf4, 0xe6, 0xf0, 0xf9, 0xe6,
    0xef, 0xfa, 0xe7, 0xef, 0xfa, 0xe8, 0xef, 0xfa, 0xe7, 0xf0, 0xf9, 0xe6, 0xf1, 0xfa, 0xe8, 0xf1,
    0xfb, 0xe6, 0xf1, 0xfa, 0x8f, 0xb0, 0xd4, 0x2c, 0x6a, 0xb3, 0x2b, 0x6e, 0xba, 0x2f, 0x73, 0xc1,
    0x30, 0x77, 0xc5, 0x32, 0x79, 0xc8, 0x33, 0x7c, 0xcb, 0x34, 0x7d, 0xcc, 0x34, 0x7f, 0xce, 0x35,
    0x80, 0xcf, 0x35, 0x81, 0xd0, 0x36, 0x81, 0xd0, 0x36, 0x82, 0xd0, 0x36, 0x83, 0xd0, 0x37, 0x83,
    0xd1, 0x37, 0x83, 0xd1, 0x36, 0x84, 0xd2, 0x40, 0x87, 0xd0, 0x26, 0x4f, 0x83, 0x12, 0x33, 0x65,
    0x14, 0x37, 0x68, 0x16, 0x38, 0x68, 0x17, 0x3a, 0x6a, 0x17, 0x3b, 0x6d, 0x18, 0x3c, 0x6f, 0x26,
    0x47, 0x77, 0x0f, 0x1e, 0x3c, 0x02, 0x0e, 0x27, 0x02, 0x10, 0x29, 0x02, 0x10, 0x2a, 0x02, 0x10,
    0x2a, 0x01, 0x0f, 0x29, 0x01, 0x0f, 0x29, 0x01, 0x0f, 0x29, 0x02, 0x0f, 0x29, 0x02, 0x0f, 0x29,
    0x02, 0x10, 0x29, 0x04, 0x10, 0x2a, 0x02, 0x0e, 0x27, 0x2f, 0x36, 0x46, 0xd7, 0xd7, 0xdc, 0xff,
    0xfe, 0xff, 0xa4, 0xa8, 0xb1, 0x0d, 0x19, 0x30, 0x03, 0x11, 0x2b, 0x02, 0x0e, 0x26, 0x3c, 0x42,
    0x51, 0xe2, 0xe4, 0xe7, 0xfc, 0xfc, 0xfd, 0x89, 0x8d, 0x94, 0x07, 0x10, 0x26, 0x01, 0x10, 0x29,
    0x01, 0x10, 0x29, 0x02, 0x0f, 0x2a, 0x01, 0x10, 0x2a, 0x02, 0x10, 0x29, 0x01, 0x0c, 0x22, 0x64,
    0x6a, 0x76, 0xfc, 0xfc, 0xfc, 0xc7, 0xca, 0xce, 0x17, 0x21, 0x38, 0x03, 0x11, 0x28, 0x04, 0x10,
    0x28, 0x02, 0x10, 0x27, 0x0b, 0x14, 0x2a, 0xb1, 0xb2, 0xb7, 0xfd, 0xfe, 0xfd, 0xfd, 0xfd, 0xfe,
    0xbb, 0xbd, 0xc2, 0x0e, 0x19, 0x2e, 0x01, 0x0e, 0x26, 0x03, 0x0d, 0x27, 0x00, 0x0d, 0x25, 0x17,
    0x20, 0x34, 0xce, 0xcf, 0xd4, 0xfa, 0xfa, 0xfc, 0x5f, 0x66, 0x75, 0x03, 0x0e, 0x25, 0x68, 0x6d,
    0x79, 0xc5, 0xc6, 0xca, 0x69, 0x6d, 0x79, 0x06, 0x10, 0x27, 0x03, 0x0e, 0x26, 0x03, 0x0f, 0x26,
    0x03, 0x0f, 0x27, 0x03, 0x0f, 0x27, 0x02, 0x0f, 0x29, 0x01, 0x0f, 0x29, 0x01, 0x10, 0x29, 0x01,
    0x10, 0x29, 0x02, 0x10, 0x28, 0x02, 0x10, 0x28, 0x03, 0x0f, 0x29, 0x03, 0x0f, 0x29, 0x03, 0x0f,
    0x28, 0x03, 0x0f, 0x27, 0x03, 0x0f, 0x28, 0x02, 0x0f, 0x29, 0x02, 0x10, 0x29, 0x02, 0x10, 0x28,
    0x03, 0x0f, 0x26, 0x0c, 0x16, 0x29, 0xb7, 0xb8, 0xbd, 0xf4, 0xf3, 0xf4, 0x45, 0x4b, 0x58, 0x00,
    0x0c, 0x21, 0x02, 0x10, 0x28, 0x02, 0x0f, 0x29, 0x01, 0x0f, 0x29, 0x01, 0x0f, 0x29, 0x01, 0x0f,
    0x2a, 0x02, 0x10, 0x29, 0x01, 0x10, 0x2a, 0x02, 0x0f, 0x29, 0x03, 0x10, 0x29, 0x02, 0x10, 0x29,
    0x01, 0x10, 0x2a, 0x01, 0x10, 0x29, 0x03, 0x10, 0x29, 0x02, 0x0f, 0x2a, 0x02, 0x10, 0x29, 0x02,
    0x10, 0x28, 0x03, 0x10, 0x29, 0x02, 0x10, 0x29, 0x02, 0x10, 0x29, 0x02, 0x0f, 0x2a, 0x02, 0x10,
    0x2a, 0x02, 0x10, 0x29, 0x02, 0x10, 0x29, 0x03, 0x0f, 0x2a, 0x03, 0x10, 0x29, 0x02, 0x10, 0x28,
    0x03, 0x10, 0x29, 0x04, 0x10, 0x2b, 0x03, 0x10, 0x2a, 0x02, 0x10, 0x29, 0x01, 0x10, 0x2a, 0x01,
    0x10, 0x2a, 0x01, 0x0f, 0x29, 0x01, 0x0f, 0x2a, 0x02, 0x0f, 0x29, 0x02, 0x0f, 0x29, 0x01, 0x0f,
    0x29, 0x01, 0x10, 0x29, 0x01, 0x10, 0x29, 0x01, 0x10, 0x29, 0x00, 0x0e, 0x27, 0x3b, 0x44, 0x55,
    0xbf, 0xc4, 0xd0, 0xb7, 0xbb, 0xc7, 0x48, 0x50, 0x61, 0x0f, 0x18, 0x2d, 0x08, 0x14, 0x2a, 0x13,
    0x1d, 0x32, 0x5b, 0x61, 0x73, 0xc0, 0xc5, 0xd1, 0xbb, 0xc0, 0xcb, 0x30, 0x38, 0x4a, 0x00, 0x0d,
    0x25, 0x01, 0x10, 0x29, 0x02, 0x10, 0x29, 0x01, 0x10, 0x29, 0x01, 0x0f, 0x29, 0x01, 0x0f, 0x29,
    0x01, 0x0f, 0x29, 0x01, 0x0f, 0x29, 0x02, 0x0f, 0x29, 0x02, 0x0f, 0x29, 0x01, 0x0f, 0x29, 0x02,
    0x10, 0x29, 0x02, 0x0f, 0x29, 0x02, 0x0f, 0x29, 0x02, 0x10, 0x2a, 0x02, 0x10, 0x2a, 0x02, 0x10,
    0x2a, 0x02, 0x10, 0x2a, 0x02, 0x0f, 0x2a, 0x03, 0x0f, 0x2a, 0x01, 0x0f, 0x28, 0x02, 0x10, 0x28,
    0x02, 0x10, 0x29, 0x02, 0x10, 0x29, 0x02, 0x10, 0x28, 0x02, 0x10, 0x27, 0x02, 0x0f, 0x29, 0x02,
    0x0f, 0x29, 0x03, 0x0f, 0x29, 0x02, 0x0f, 0x29, 0x02, 0x0f, 0x29, 0x03, 0x0f, 0x29, 0x03, 0x0f,
    0x29, 0x02, 0x0f, 0x2a, 0x01, 0x10, 0x2a, 0x02, 0x10, 0x29, 0x02, 0x10, 0x29, 0x02, 0x10, 0x2a,
    0x02, 0x0f, 0x29, 0x02, 0x0f, 0x28, 0x02, 0x0e, 0x28, 0x02, 0x0f, 0x29, 0x02, 0x0f, 0x29, 0x01,
    0x0f, 0x29, 0x02, 0x0f, 0x29, 0x03, 0x0f, 0x29, 0x02, 0x0f, 0x29, 0x02, 0x0f, 0x29, 0x01, 0x0f,
    0x29, 0x02, 0x0f, 0x29, 0x02, 0x10, 0x2a, 0x00, 0x0e, 0x28, 0x24, 0x35, 0x4e, 0x67, 0x8b, 0xb3,
    0x52, 0x78, 0xa9, 0x4f, 0x74, 0xa4, 0x4a, 0x70, 0xa0, 0x46, 0x6b, 0x9a, 0x42, 0x66, 0x96, 0x3c,
    0x5f, 0x8f, 0x5c, 0x85, 0xac, 0x84, 0xca, 0xf0, 0x7a, 0xc5, 0xf4, 0x79, 0xc3, 0xf2, 0x74, 0xc1,
    0xf1, 0x71, 0xbf, 0xf0, 0x6e, 0xbb, 0xef, 0x6c, 0xb9, 0xef, 0x68, 0xb6, 0xed, 0x64, 0xb3, 0xeb,
    0x61, 0xaf, 0xe8, 0x5f, 0xac, 0xe7, 0x5d, 0xa9, 0xe5, 0x59, 0xa6, 0xe3, 0x58, 0xa1, 0xde, 0x53,
    0x9d, 0xdd, 0x4c, 0x94, 0xd6, 0x53, 0x90, 0xcc, 0xb2, 0xcf, 0xe5, 0xf3, 0xf8, 0xfe, 0xf3, 0xf7,
    0xfc, 0xf2, 0xf7, 0xfc, 0xf2, 0xf7, 0xfc, 0xf1, 0xf6, 0xfc, 0xf0, 0xf6, 0xfc, 0xef, 0xf5, 0xfc,
    0xee, 0xf5, 0xfd, 0xea, 0xf3, 0xfb, 0x8e, 0xb3, 0xd8, 0x32, 0x77, 0xbf, 0x2e, 0x74, 0xc1, 0x6d,
    0x9c, 0xcd, 0xd3, 0xe3, 0xf1, 0xe4, 0xec, 0xf9, 0xe4, 0xee, 0xf8, 0xe4, 0xee, 0xf8, 0xe5, 0xee,
    0xf9, 0xe6, 0xee, 0xf9, 0xe5, 0xf0, 0xf9, 0xe7, 0xf0, 0xfb, 0xe9, 0xf1, 0xfd, 0xa1, 0xbe, 0xdb,
    0x31, 0x6c, 0xb0, 0x27, 0x69, 0xb8, 0x2c, 0x6f, 0xc0, 0x2f, 0x73, 0xc2, 0x30, 0x77, 0xc5, 0x31,
    0x79, 0xc9, 0x32, 0x7a, 0xca, 0x32, 0x7c, 0xcb, 0x32, 0x7d, 0xcd, 0x33, 0x7e, 0xcf, 0x34, 0x7f,
    0xd0, 0x35, 0x80, 0xd0, 0x35, 0x80, 0xd0, 0x35, 0x81, 0xd0, 0x36, 0x82, 0xd0, 0x36, 0x82, 0xd1,
    0x35, 0x82, 0xd1, 0x3f, 0x86, 0xd0, 0x25, 0x4f, 0x84, 0x12, 0x33, 0x65, 0x14, 0x36, 0x67, 0x16,
    0x38, 0x69, 0x16, 0x3a, 0x6b, 0x17, 0x3b, 0x6d, 0x18, 0x3c, 0x6f, 0x27, 0x48, 0x77, 0x0f, 0x1e,
    0x3c, 0x02, 0x0e, 0x28, 0x02, 0x0f, 0x29, 0x01, 0x0f, 0x29, 0x01, 0x0f, 0x29, 0x01, 0x0f, 0x29,
    0x01, 0x0f, 0x29, 0x01, 0x0f, 0x29, 0x02, 0x0f, 0x29, 0x02, 0x0f, 0x29, 0x02, 0x0f, 0x2a, 0x02,
    0x10, 0x29, 0x03, 0x11, 0x27, 0x04, 0x0d, 0x26, 0x66, 0x6a, 0x77, 0xf3, 0xf4, 0xf8, 0xf3, 0xf3,
    0xf6, 0x5e, 0x63, 0x71, 0x02, 0x0e, 0x28, 0x12, 0x1d, 0x31, 0xae, 0xb1, 0xb8, 0xff, 0xfe, 0xff,
    0xc3, 0xc6, 0xcb, 0x1e, 0x27, 0x3a, 0x02, 0x0e, 0x27, 0x03, 0x0f, 0x28, 0x02, 0x10, 0x29, 0x01,
    0x10, 0x2a, 0x02, 0x10, 0x29, 0x02, 0x10, 0x29, 0x00, 0x0e, 0x26, 0x32, 0x3a, 0x4c, 0xe5, 0xe6,
    0xe9, 0xe9, 0xea, 0xeb, 0x35, 0x3d, 0x4e, 0x00, 0x0d, 0x24, 0x03, 0x10, 0x26, 0x01, 0x0e, 0x27,
    0x23, 0x2a, 0x3d, 0xd8, 0xd8, 0xda, 0xe1, 0xe0, 0xe1, 0xde, 0xde, 0xe1, 0xe2, 0xe3, 0xe7, 0x2d,
    0x35, 0x48, 0x00, 0x0d, 0x24, 0x03, 0x0f, 0x28, 0x00, 0x0d, 0x24, 0x3a, 0x41, 0x51, 0xed, 0xec,
    0xef, 0xe5, 0xe6, 0xe9, 0x31, 0x39, 0x4b, 0x01, 0x0e, 0x27, 0x04, 0x11, 0x29, 0x11, 0x1b, 0x2f,
    0x05, 0x10, 0x29, 0x03, 0x0e, 0x24, 0x03, 0x0e, 0x22, 0x01, 0x0b, 0x26, 0x01, 0x0c, 0x26, 0x02,
    0x0f, 0x27, 0x01, 0x0e, 0x28, 0x00, 0x0d, 0x25, 0x00, 0x0d, 0x24, 0x00, 0x0d, 0x26, 0x02, 0x10,
    0x2a, 0x02, 0x11, 0x2b, 0x02, 0x11, 0x2b, 0x03, 0x10, 0x2a, 0x03, 0x10, 0x28, 0x02, 0x0f, 0x29,
    0x03, 0x0e, 0x29, 0x01, 0x0c, 0x26, 0x00, 0x0c, 0x25, 0x00, 0x0c, 0x24, 0x03, 0x0d, 0x23, 0x0c,
    0x16, 0x29, 0xb5, 0xb7, 0xbd, 0xf5, 0xf4, 0xf6, 0x46, 0x4e, 0x5c, 0x01, 0x0d, 0x24, 0x02, 0x10,
    0x29, 0x02, 0x10, 0x28, 0x02, 0x0f, 0x29, 0x00, 0x0d, 0x28, 0x00, 0x0d, 0x26, 0x00, 0x0d, 0x26,
    0x00, 0x0e, 0x28, 0x02, 0x0f, 0x2a, 0x02, 0x10, 0x2a, 0x02, 0x10, 0x2a, 0x01, 0x10, 0x2a, 0x00,
    0x0f, 0x27, 0x00, 0x0f, 0x27, 0x02, 0x10, 0x2a, 0x02, 0x10, 0x2a, 0x03, 0x10, 0x2a, 0x04, 0x10,
    0x2a, 0x02, 0x0f, 0x28, 0x00, 0x0e, 0x28, 0x00, 0x0e, 0x28, 0x01, 0x10, 0x29, 0x02, 0x10, 0x2a,
    0x02, 0x10, 0x2a, 0x01, 0x10, 0x2a, 0x01, 0x0f, 0x28, 0x00, 0x0e, 0x28, 0x01, 0x0f, 0x29, 0x03,
    0x11, 0x2b, 0x03, 0x12, 0x2c, 0x01, 0x10, 0x2b, 0x00, 0x0d, 0x27, 0x00, 0x0c, 0x24, 0x00, 0x0c,
    0x25, 0x01, 0x0e, 0x29, 0x02, 0x10, 0x2a, 0x02, 0x10, 0x29, 0x01, 0x10, 0x28, 0x02, 0x0f, 0x2a,
    0x02, 0x10, 0x2a, 0x01, 0x10, 0x29, 0x01, 0x0e, 0x26, 0x6a, 0x72, 0x80, 0xcb, 0xd0, 0xdc, 0x7c,
    0x81, 0x8f, 0x03, 0x0d, 0x22, 0x01, 0x0e, 0x27, 0x03, 0x10, 0x2a, 0x01, 0x10, 0x2a, 0x07, 0x13,
    0x2a, 0x7f, 0x85, 0x94, 0xc3, 0xc6, 0xd1, 0x59, 0x5e, 0x6d, 0x00, 0x0c, 0x22, 0x02, 0x10, 0x2a,
    0x02, 0x10, 0x29, 0x01, 0x0f, 0x29, 0x00, 0x0d, 0x28, 0x00, 0x0c, 0x26, 0x00, 0x0c, 0x25, 0x00,
    0x0d, 0x27, 0x02, 0x0f, 0x29, 0x02, 0x10, 0x2a, 0x01, 0x11, 0x29, 0x01, 0x10, 0x29, 0x01, 0x0f,
    0x29, 0x00, 0x0e, 0x28, 0x00, 0x10, 0x2a, 0x02, 0x11, 0x2b, 0x01, 0x0f, 0x29, 0x00, 0x0e, 0x27,
    0x01, 0x0f, 0x28, 0x01, 0x0f, 0x28, 0x01, 0x0e, 0x28, 0x02, 0x0e, 0x28, 0x02, 0x10, 0x28, 0x03,
    0x10, 0x29, 0x03, 0x0f, 0x28, 0x03, 0x0f, 0x28, 0x03, 0x0f, 0x29, 0x01, 0x0e, 0x28, 0x00, 0x0e,
    0x28, 0x01, 0x0f, 0x29, 0x01, 0x0f, 0x29, 0x02, 0x0f, 0x2a, 0x01, 0x0f, 0x29, 0x00, 0x0d, 0x26,
    0x00, 0x0d, 0x26, 0x00, 0x0d, 0x27, 0x01, 0x0f, 0x29, 0x02, 0x0f, 0x29, 0x02, 0x0f, 0x29, 0x02,
    0x0f, 0x28, 0x01, 0x0f, 0x28, 0x01, 0x0d, 0x28, 0x00, 0x0e, 0x28, 0x00, 0x10, 0x29, 0x00, 0x0f,
    0x29, 0x00, 0x0d, 0x28, 0x01, 0x0e, 0x28, 0x01, 0x0f, 0x29, 0x02, 0x0f, 0x29, 0x03, 0x0f, 0x29,
    0x02, 0x10, 0x2a, 0x00, 0x0e, 0x28, 0x24, 0x34, 0x4e, 0x66, 0x89, 0xb2, 0x50, 0x77, 0xa8, 0x4d,
    0x72, 0xa3, 0x48, 0x6d, 0x9e, 0x44, 0x68, 0x98, 0x40, 0x64, 0x94, 0x3c, 0x5f, 0x8f, 0x59, 0x82,
    0xa8, 0x84, 0xc8, 0xed, 0x79, 0xc3, 0xf3, 0x77, 0xc2, 0xf2, 0x72, 0xbf, 0xf0, 0x6f, 0xbc, 0xef,
    0x6c, 0xb9, 0xee, 0x6a, 0xb7, 0xee, 0x66, 0xb4, 0xec, 0x62, 0xb1, 0xea, 0x5f, 0xae, 0xe8, 0x5d,
    0xab, 0xe6, 0x5b, 0xa7, 0xe4, 0x57, 0xa4, 0xe2, 0x56, 0xa0, 0xdf, 0x54, 0x9b, 0xdb, 0x4f, 0x96,
    0xd5, 0x47, 0x8d, 0xce, 0x57, 0x91, 0xc9, 0xc5, 0xdb, 0xed, 0xf4, 0xf8, 0xfe, 0xf0, 0xf7, 0xfd,
    0xef, 0xf6, 0xfc, 0xee, 0xf5, 0xfc, 0xee, 0xf5, 0xfc, 0xed, 0xf4, 0xfc, 0xec, 0xf5, 0xfa, 0xee,
    0xf4, 0xfa, 0xe2, 0xef, 0xf9, 0x75, 0xa2, 0xce, 0x53, 0x86, 0xbf, 0xc5, 0xd9, 0xed, 0xe0, 0xe8,
    0xf7, 0xdf, 0xea, 0xf6, 0xe2, 0xec, 0xf7, 0xe3, 0xed, 0xf8, 0xe3, 0xed, 0xf9, 0xe4, 0xed, 0xf8,
    0xe5, 0xee, 0xfa, 0xe7, 0xf1, 0xfd, 0xb4, 0xcb, 0xe3, 0x39, 0x71, 0xb4, 0x23, 0x66, 0xb5, 0x2a,
    0x6b, 0xbb, 0x2c, 0x70, 0xbe, 0x2d, 0x74, 0xc4, 0x2f, 0x76, 0xc6, 0x30, 0x78, 0xc8, 0x31, 0x79,
    0xca, 0x30, 0x7a, 0xcb, 0x30, 0x7b, 0xcc, 0x32, 0x7d, 0xce, 0x33, 0x7e, 0xcf, 0x33, 0x7e, 0xcf,
    0x34, 0x7f, 0xd0, 0x34, 0x7f, 0xd0, 0x35, 0x80, 0xd1, 0x35, 0x81, 0xd2, 0x34, 0x82, 0xd2, 0x3e,
    0x85, 0xd0, 0x25, 0x4e, 0x84, 0x11, 0x32, 0x64, 0x14, 0x36, 0x68, 0x15, 0x37, 0x6a, 0x15, 0x39,
    0x6b, 0x16, 0x3b, 0x6d, 0x17, 0x3c, 0x6f, 0x26, 0x47, 0x77, 0x0f, 0x1e, 0x3c, 0x02, 0x0e, 0x28,
    0x02, 0x0f, 0x29, 0x01, 0x0f, 0x29, 0x01, 0x0f, 0x29, 0x01, 0x0f, 0x29, 0x01, 0x0f, 0x29, 0x01,
    0x0f, 0x29, 0x02, 0x0f, 0x29, 0x02, 0x0f, 0x29, 0x01, 0x0f, 0x29, 0x01, 0x10, 0x29, 0x02, 0x11,
    0x28, 0x03, 0x0f, 0x2a, 0x0f, 0x18, 0x2d, 0xa4, 0xa8, 0xaf, 0xff, 0xfe, 0xff, 0xcd, 0xcf, 0xd4,
    0x24, 0x2b, 0x3e, 0x66, 0x6c, 0x79, 0xf6, 0xf6, 0xf8, 0xeb, 0xeb, 0xed, 0x4c, 0x53, 0x62, 0x00,
    0x0d, 0x25, 0x02, 0x10, 0x29, 0x02, 0x10, 0x29, 0x01, 0x0f, 0x29, 0x01, 0x0f, 0x28, 0x01, 0x0f,
    0x29, 0x02, 0x0f, 0x2a, 0x01, 0x0f, 0x29, 0x10, 0x19, 0x2d, 0xbc, 0xbe, 0xc2, 0xfb, 0xfa, 0xfb,
    0x65, 0x6a, 0x76, 0x00, 0x0b, 0x22, 0x03, 0x0f, 0x27, 0x01, 0x0c, 0x27, 0x50, 0x57, 0x67, 0xf4,
    0xf3, 0xf5, 0xa1, 0xa2, 0xa8, 0x9e, 0xa0, 0xa6, 0xf8, 0xf9, 0xfb, 0x5c, 0x62, 0x71, 0x00, 0x0e,
    0x25, 0x04, 0x11, 0x2a, 0x01, 0x0f, 0x27, 0x6b, 0x71, 0x7e, 0xfd, 0xfc, 0xfc, 0xbb, 0xbc, 0xc2,
    0x0f, 0x1a, 0x2f, 0x04, 0x10, 0x29, 0x17, 0x22, 0x39, 0x27, 0x31, 0x47, 0x16, 0x21, 0x37, 0x03,
    0x0e, 0x24, 0x08, 0x12, 0x27, 0x23, 0x29, 0x3d, 0x1f, 0x28, 0x3c, 0x05, 0x10, 0x27, 0x1b, 0x24,
    0x39, 0x43, 0x4b, 0x5c, 0x4c, 0x53, 0x64, 0x2e, 0x37, 0x49, 0x08, 0x13, 0x29, 0x03, 0x11, 0x2b,
    0x03, 0x12, 0x2d, 0x03, 0x11, 0x2b, 0x02, 0x10, 0x2a, 0x00, 0x0d, 0x26, 0x0f, 0x17, 0x2b, 0x34,
    0x3b, 0x4b, 0x49, 0x50, 0x5f, 0x3f, 0x46, 0x55, 0x1b, 0x22, 0x31, 0x0b, 0x15, 0x26, 0xb5, 0xb8,
    0xbe, 0xf6, 0xf6, 0xf7, 0x48, 0x51, 0x60, 0x02, 0x0f, 0x29, 0x03, 0x11, 0x2c, 0x01, 0x0e, 0x2a,
    0x05, 0x10, 0x27, 0x25, 0x2d, 0x40, 0x45, 0x4d, 0x5f, 0x4d, 0x55, 0x65, 0x36, 0x3d, 0x4f, 0x10,
    0x19, 0x2e, 0x00, 0x0d, 0x27, 0x01, 0x11, 0x2a, 0x09, 0x16, 0x2e, 0x25, 0x30, 0x43, 0x25, 0x30,
    0x43, 0x09, 0x16, 0x2d, 0x02, 0x10, 0x29, 0x04, 0x10, 0x2a, 0x03, 0x0f, 0x29, 0x0e, 0x19, 0x30,
    0x26, 0x2f, 0x43, 0x20, 0x29, 0x3c, 0x05, 0x12, 0x28, 0x02, 0x11, 0x29, 0x02, 0x11, 0x2a, 0x02,
    0x10, 0x2a, 0x14, 0x1d, 0x35, 0x29, 0x30, 0x45, 0x1a, 0x25, 0x3c, 0x03, 0x12, 0x2b, 0x02, 0x11,
    0x2a, 0x17, 0x22, 0x3a, 0x3c, 0x44, 0x58, 0x4a, 0x51, 0x63, 0x3b, 0x42, 0x55, 0x15, 0x1e, 0x34,
    0x01, 0x0e, 0x25, 0x02, 0x10, 0x29, 0x02, 0x10, 0x29, 0x02, 0x0f, 0x2a, 0x02, 0x10, 0x29, 0x01,
    0x10, 0x29, 0x02, 0x0e, 0x26, 0x76, 0x7d, 0x8b, 0xcc, 0xd1, 0xdc, 0x6d, 0x73, 0x82, 0x01, 0x0b,
    0x22, 0x02, 0x0f, 0x29, 0x04, 0x10, 0x2a, 0x03, 0x11, 0x2b, 0x02, 0x10, 0x28, 0x1f, 0x27, 0x3b,
    0x3b, 0x41, 0x53, 0x20, 0x27, 0x3a, 0x03, 0x0e, 0x25, 0x02, 0x10, 0x2a, 0x02, 0x0f, 0x2a, 0x04,
    0x0f, 0x28, 0x1a, 0x24, 0x3b, 0x33, 0x3c, 0x51, 0x37, 0x41, 0x55, 0x26, 0x2f, 0x45, 0x09, 0x14,
    0x2d, 0x02, 0x0f, 0x2a, 0x02, 0x11, 0x2c, 0x02, 0x10, 0x2a, 0x0a, 0x17, 0x2f, 0x1b, 0x26, 0x3d,
    0x13, 0x1e, 0x35, 0x04, 0x10, 0x28, 0x1a, 0x25, 0x3a, 0x2a, 0x34, 0x4a, 0x0f, 0x19, 0x30, 0x14,
    0x20, 0x35, 0x1c, 0x27, 0x3c, 0x0c, 0x17, 0x2e, 0x01, 0x0f, 0x28, 0x03, 0x0f, 0x27, 0x03, 0x0f,
    0x28, 0x03, 0x0f, 0x29, 0x04, 0x10, 0x28, 0x19, 0x23, 0x38, 0x1f, 0x2a, 0x3f, 0x0b, 0x18, 0x31,
    0x02, 0x10, 0x2a, 0x01, 0x0e, 0x27, 0x0e, 0x19, 0x30, 0x2c, 0x35, 0x4a, 0x3a, 0x41, 0x56, 0x2e,
    0x36, 0x4b, 0x11, 0x1b, 0x30, 0x02, 0x0d, 0x25, 0x03, 0x0f, 0x28, 0x02, 0x0f, 0x29, 0x05, 0x10,
    0x2a, 0x17, 0x20, 0x37, 0x17, 0x21, 0x38, 0x04, 0x10, 0x28, 0x10, 0x1b, 0x32, 0x2a, 0x33, 0x49,
    0x1b, 0x25, 0x3d, 0x01, 0x0e, 0x28, 0x02, 0x0f, 0x29, 0x03, 0x0f, 0x29, 0x02, 0x10, 0x2a, 0x00,
    0x0e, 0x28, 0x24, 0x34, 0x4e, 0x65, 0x88, 0xb1, 0x4f, 0x75, 0xa7, 0x4c, 0x71, 0xa1, 0x47, 0x6c,
    0x9d, 0x43, 0x67, 0x97, 0x3f, 0x63, 0x94, 0x3b, 0x5f, 0x8f, 0x49, 0x6f, 0x98, 0x82, 0xc1, 0xe4,
    0x77, 0xc4, 0xf2, 0x74, 0xc1, 0xf2, 0x71, 0xbe, 0xf0, 0x6e, 0xbb, 0xef, 0x6b, 0xb8, 0xed, 0x68,
    0xb5, 0xec, 0x63, 0xb2, 0xeb, 0x60, 0xaf, 0xe9, 0x5d, 0xac, 0xe7, 0x5b, 0xa9, 0xe6, 0x58, 0xa5,
    0xe3, 0x56, 0xa2, 0xe0, 0x53, 0x9f, 0xdf, 0x51, 0x9b, 0xdd, 0x4d, 0x97, 0xd8, 0x48, 0x91, 0xd2,
    0x44, 0x87, 0xcc, 0x64, 0x98, 0xcb, 0xd3, 0xe5, 0xf1, 0xf1, 0xf8, 0xfe, 0xee, 0xf5, 0xfc, 0xed,
    0xf4, 0xfc, 0xec, 0xf3, 0xfb, 0xeb, 0xf4, 0xfa, 0xea, 0xf4, 0xfb, 0xea, 0xf3, 0xfc, 0xeb, 0xf4,
    0xfc, 0xdc, 0xe9, 0xf3, 0xc6, 0xd6, 0xe8, 0xd7, 0xe5, 0xf4, 0xdb, 0xe6, 0xf4, 0xdd, 0xe8, 0xf5,
    0xe0, 0xea, 0xf7, 0xe1, 0xeb, 0xf7, 0xe1, 0xec, 0xf8, 0xe2, 0xed, 0xf8, 0xe5, 0xef, 0xfa, 0xc3,
    0xd6, 0xea, 0x45, 0x78, 0xb6, 0x22, 0x62, 0xb1, 0x27, 0x68, 0xb8, 0x2a, 0x6d, 0xbd, 0x2c, 0x71,
    0xc1, 0x2d, 0x73, 0xc5, 0x2d, 0x75, 0xc6, 0x2f, 0x77, 0xc9, 0x2f, 0x78, 0xca, 0x2f, 0x79, 0xca,
    0x2f, 0x7a, 0xcb, 0x31, 0x7c, 0xcd, 0x32, 0x7d, 0xce, 0x32, 0x7d, 0xce, 0x33, 0x7e, 0xcf, 0x33,
    0x7e, 0xcf, 0x34, 0x7f, 0xd0, 0x34, 0x80, 0xd1, 0x34, 0x81, 0xd1, 0x3d, 0x84, 0xcf, 0x24, 0x4d,
    0x83, 0x10, 0x32, 0x63, 0x13, 0x35, 0x67, 0x14, 0x37, 0x69, 0x15, 0x39, 0x6b, 0x16, 0x3b, 0x6c,
    0x16, 0x3c, 0x6e, 0x25, 0x46, 0x76, 0x0f, 0x1e, 0x3c, 0x02, 0x0e, 0x28, 0x02, 0x10, 0x29, 0x01,
    0x10, 0x29, 0x02, 0x10, 0x2a, 0x01, 0x0f, 0x29, 0x01, 0x0f, 0x29, 0x01, 0x0f, 0x29, 0x02, 0x0f,
    0x28, 0x01, 0x0f, 0x28, 0x01, 0x0f, 0x28, 0x01, 0x10, 0x28, 0x02, 0x10, 0x2a, 0x02, 0x10, 0x29,
    0x00, 0x0d, 0x26, 0x30, 0x37, 0x49, 0xd9, 0xd9, 0xdd, 0xfa, 0xfb, 0xfc, 0xa2, 0xa5, 0xab, 0xd1,
    0xd2, 0xd5, 0xfc, 0xfc, 0xfe, 0x8b, 0x8f, 0x98, 0x06, 0x11, 0x27, 0x02, 0x0f, 0x27, 0x02, 0x10,
    0x28, 0x01, 0x0f, 0x29, 0x02, 0x0f, 0x28, 0x02, 0x0f, 0x28, 0x01, 0x0f, 0x29, 0x02, 0x0f, 0x29,
    0x02, 0x0f, 0x27, 0x02, 0x0d, 0x21, 0x85, 0x88, 0x90, 0xff, 0xfd, 0xff, 0x9b, 0x9f, 0xa7, 0x06,
    0x10, 0x26, 0x03, 0x10, 0x25, 0x04, 0x0f, 0x26, 0x89, 0x8f, 0x98, 0xfa, 0xf9, 0xfb, 0x68, 0x6c,
    0x78, 0x63, 0x69, 0x73, 0xfa, 0xfb, 0xfc, 0x93, 0x97, 0xa2, 0x05, 0x12, 0x2a, 0x04, 0x13, 0x2c,
    0x07, 0x14, 0x2b, 0x9b, 0x9f, 0xa9, 0xfe, 0xfd, 0xfe, 0x85, 0x89, 0x92, 0x03, 0x0f, 0x26, 0x03,
    0x0e, 0x25, 0x74, 0x79, 0x86, 0xe2, 0xe4, 0xe7, 0x75, 0x7b, 0x87, 0x01, 0x0c, 0x20, 0x24, 0x2c,
    0x3c, 0xc8, 0xca, 0xce, 0xb1, 0xb5, 0xbb, 0x62, 0x66, 0x72, 0xcc, 0xce, 0xd3, 0xf3, 0xf4, 0xf6,
    0xf7, 0xf8, 0xf9, 0xe2, 0xe4, 0xe7, 0x86, 0x8b, 0x95, 0x14, 0x1e, 0x34, 0x03, 0x12, 0x2d, 0x03,
    0x12, 0x2d, 0x02, 0x0e, 0x28, 0x34, 0x3b, 0x4d, 0xaf, 0xb0, 0xb6, 0xea, 0xe9, 0xec, 0xf7, 0xf5,
    0xf8, 0xf1, 0xf1, 0xf3, 0xcb, 0xcb, 0xd0, 0x5d, 0x62, 0x6c, 0xb7, 0xb8, 0xbe, 0xf6, 0xf6, 0xf8,
    0x49, 0x52, 0x62, 0x03, 0x11, 0x2b, 0x03, 0x11, 0x2d, 0x1a, 0x24, 0x3a, 0x88, 0x8c, 0x96, 0xdb,
    0xdc, 0xdf, 0xf6, 0xf5, 0xf7, 0xf8, 0xf8, 0xf9, 0xec, 0xec, 0xed, 0xb3, 0xb7, 0xbc, 0x40, 0x47,
    0x57, 0x03, 0x0f, 0x27, 0x17, 0x21, 0x35, 0xb6, 0xb9, 0xc1, 0xd4, 0xd6, 0xdb, 0x3a, 0x42, 0x52,
    0x02, 0x0e, 0x27, 0x05, 0x11, 0x2a, 0x02, 0x0e, 0x26, 0x60, 0x68, 0x76, 0xdb, 0xdc, 0xe2, 0xc3,
    0xc4, 0xcc, 0x24, 0x2c, 0x3f, 0x01, 0x0f, 0x29, 0x02, 0x12, 0x2b, 0x04, 0x10, 0x29, 0x81, 0x86,
    0x91, 0xe1, 0xe1, 0xe4, 0x73, 0x78, 0x84, 0x05, 0x10, 0x28, 0x4b, 0x53, 0x63, 0xc1, 0xc4, 0xcb,
    0xec, 0xeb, 0xf1, 0xf1, 0xef, 0xf3, 0xed, 0xec, 0xf0, 0xbe, 0xc0, 0xc7, 0x42, 0x4a, 0x5a, 0x02,
    0x0f, 0x28, 0x01, 0x0f, 0x2b, 0x02, 0x0f, 0x28, 0x02, 0x10, 0x28, 0x01, 0x10, 0x29, 0x00, 0x0d,
    0x25, 0x5a, 0x61, 0x72, 0xcb, 0xcf, 0xdb, 0xa4, 0xa9, 0xb7, 0x27, 0x2f, 0x43, 0x02, 0x0d, 0x25,
    0x00, 0x0e, 0x27, 0x01, 0x10, 0x2a, 0x02, 0x10, 0x2a, 0x01, 0x0e, 0x27, 0x00, 0x0c, 0x25, 0x01,
    0x0e, 0x27, 0x02, 0x10, 0x28, 0x02, 0x10, 0x29, 0x0c, 0x18, 0x30, 0x60, 0x68, 0x7b, 0xa9, 0xaf,
    0xbc, 0xbb, 0xc0, 0xcc, 0xbb, 0xc0, 0xcd, 0xb3, 0xb8, 0xc6, 0x80, 0x87, 0x98, 0x21, 0x2b, 0x42,
    0x02, 0x10, 0x2a, 0x01, 0x0f, 0x28, 0x37, 0x40, 0x54, 0xa7, 0xae, 0xbd, 0x72, 0x78, 0x87, 0x5c,
    0x62, 0x73, 0xaa, 0xad, 0xbd, 0xb6, 0xba, 0xc9, 0x3b, 0x40, 0x53, 0x64, 0x6a, 0x7b, 0xae, 0xb3,
    0xc1, 0x58, 0x5f, 0x70, 0x02, 0x0d, 0x24, 0x02, 0x0e, 0x27, 0x03, 0x0e, 0x28, 0x01, 0x0e, 0x27,
    0x1c, 0x27, 0x3d, 0x9a, 0xa0, 0xaf, 0x9e, 0xa5, 0xb6, 0x21, 0x2c, 0x44, 0x04, 0x10, 0x2b, 0x3a,
    0x42, 0x57, 0x94, 0x9a, 0xaa, 0xb8, 0xbe, 0xca, 0xbb, 0xc1, 0xce, 0xb5, 0xbb, 0xca, 0x97, 0x9c,
    0xad, 0x3e, 0x46, 0x5a, 0x04, 0x0f, 0x27, 0x02, 0x0f, 0x29, 0x14, 0x1e, 0x34, 0x8f, 0x95, 0xa5,
    0x92, 0x98, 0xa8, 0x48, 0x4e, 0x61, 0x96, 0x9b, 0xab, 0xba, 0xbe, 0xcb, 0x67, 0x6e, 0x80, 0x01,
    0x0c, 0x25, 0x02, 0x0f, 0x29, 0x03, 0x0f, 0x29, 0x02, 0x10, 0x2a, 0x01, 0x0e, 0x28, 0x24, 0x34,
    0x4e, 0x64, 0x86, 0xaf, 0x4f, 0x73, 0xa5, 0x4b, 0x70, 0x9f, 0x46, 0x6b, 0x9c, 0x41, 0x67, 0x96,
    0x3f, 0x63, 0x93, 0x3b, 0x5f, 0x8f, 0x38, 0x5c, 0x8a, 0x63, 0x92, 0xb6, 0x80, 0xc4, 0xea, 0x79,
    0xc3, 0xf1, 0x75, 0xc0, 0xf1, 0x72, 0xbd, 0xef, 0x6f, 0xba, 0xef, 0x6b, 0xb7, 0xee, 0x67, 0xb4,
    0xeb, 0x64, 0xb1, 0xe9, 0x61, 0xae, 0xe9, 0x5e, 0xab, 0xe7, 0x5b, 0xa7, 0xe5, 0x59, 0xa3, 0xe3,
    0x55, 0xa0, 0xe1, 0x53, 0x9c, 0xdd, 0x50, 0x98, 0xda, 0x4d, 0x94, 0xd5, 0x4a, 0x8e, 0xd1, 0x42,
    0x84, 0xc6, 0x73, 0x9e, 0xcb, 0xdf, 0xeb, 0xf5, 0xef, 0xf6, 0xfc, 0xeb, 0xf4, 0xfb, 0xeb, 0xf3,
    0xfa, 0xea, 0xf3, 0xfa, 0xe9, 0xf2, 0xfa, 0xe8, 0xf0, 0xfa, 0xeb, 0xf2, 0xf9, 0xf8, 0xfb, 0xfd,
    0xf4, 0xf8, 0xfb, 0xdb, 0xe6, 0xf3, 0xd7, 0xe4, 0xf4, 0xda, 0xe6, 0xf6, 0xdc, 0xe8, 0xf6, 0xdd,
    0xea, 0xf6, 0xe0, 0xea, 0xf8, 0xe2, 0xed, 0xfa, 0xcd, 0xdf, 0xee, 0x54, 0x80, 0xb7, 0x1e, 0x5d,
    0xab, 0x23, 0x64, 0xb3, 0x27, 0x69, 0xb9, 0x2a, 0x6d, 0xbe, 0x2c, 0x70, 0xc1, 0x2c, 0x73, 0xc4,
    0x2d, 0x74, 0xc7, 0x2e, 0x76, 0xc8, 0x2f, 0x78, 0xca, 0x2f, 0x79, 0xcb, 0x2e, 0x79, 0xcb, 0x2f,
    0x7a, 0xcc, 0x30, 0x7b, 0xcd, 0x31, 0x7c, 0xcd, 0x32, 0x7d, 0xce, 0x32, 0x7d, 0xce, 0x33, 0x7e,
    0xcf, 0x34, 0x80, 0xd0, 0x33, 0x80, 0xd1, 0x3c, 0x84, 0xcf, 0x23, 0x4d, 0x82, 0x0f, 0x31, 0x62,
    0x13, 0x35, 0x66, 0x14, 0x37, 0x68, 0x15, 0x39, 0x6b, 0x16, 0x3b, 0x6d, 0x16, 0x3b, 0x6f, 0x25,
    0x46, 0x78, 0x0f, 0x1e, 0x3b, 0x01, 0x0e, 0x28, 0x01, 0x10, 0x29, 0x02, 0x10, 0x2a, 0x02, 0x10,
    0x2a, 0x01, 0x0f, 0x2a, 0x02, 0x0f, 0x29, 0x02, 0x0f, 0x28, 0x01, 0x10, 0x28, 0x01, 0x10, 0x28,
    0x01, 0x10, 0x28, 0x01, 0x10, 0x29, 0x02, 0x10, 0x2a, 0x02, 0x10, 0x2a, 0x02, 0x10, 0x2a, 0x01,
    0x0d, 0x25, 0x6a, 0x6e, 0x7a, 0xf5, 0xf6, 0xf7, 0xf9, 0xf9, 0xfb, 0xfc, 0xfc, 0xfd, 0xca, 0xcb,
    0xd0, 0x22, 0x2a, 0x3c, 0x02, 0x0d, 0x27, 0x03, 0x0f, 0x27, 0x03, 0x10, 0x29, 0x03, 0x0f, 0x29,
    0x03, 0x0f, 0x29, 0x02, 0x0f, 0x28, 0x02, 0x0f, 0x29, 0x03, 0x0f, 0x29, 0x03, 0x0f, 0x27, 0x00,
    0x0c, 0x22, 0x4b, 0x51, 0x60, 0xf2, 0xf2, 0xf4, 0xc8, 0xca, 0xcf, 0x16, 0x1f, 0x33, 0x00, 0x0e,
    0x26, 0x10, 0x1c, 0x30, 0xbf, 0xc2, 0xc7, 0xec, 0xeb, 0xee, 0x39, 0x41, 0x51, 0x35, 0x3d, 0x4c,
    0xe9, 0xeb, 0xec, 0xc8, 0xca, 0xcf, 0x18, 0x22, 0x36, 0x03, 0x10, 0x2a, 0x17, 0x20, 0x32, 0xc9,
    0xc9, 0xce, 0xf5, 0xf4, 0xf5, 0x51, 0x58, 0x66, 0x01, 0x0d, 0x25, 0x02, 0x0d, 0x23, 0x80, 0x84,
    0x8c, 0xff, 0xff, 0xff, 0x84, 0x88, 0x93, 0x02, 0x0c, 0x20, 0x2b, 0x32, 0x41, 0xe2, 0xe3, 0xe7,
    0xe9, 0xea, 0xeb, 0xe0, 0xe2, 0xe6, 0xbd, 0xc0, 0xc4, 0x94, 0x96, 0x9e, 0xb0, 0xb2, 0xb8, 0xf0,
    0xf1, 0xf2, 0xf8, 0xf8, 0xf9, 0x75, 0x7a, 0x86, 0x03, 0x10, 0x2b, 0x02, 0x10, 0x2a, 0x2a, 0x33,
    0x44, 0xca, 0xcd, 0xd1, 0xfd, 0xfd, 0xfe, 0xcb, 0xcc, 0xd0, 0x8a, 0x8b, 0x93, 0x89, 0x8b, 0x93,
    0xc8, 0xc8, 0xcd, 0xe5, 0xe6, 0xe7, 0xe4, 0xe3, 0xe7, 0xf4, 0xf3, 0xf6, 0x4b, 0x52, 0x61, 0x01,
    0x10, 0x29, 0x15, 0x20, 0x37, 0xa5, 0xa9, 0xb1, 0xfc, 0xfc, 0xfd, 0xdc, 0xdd, 0xdf, 0x99, 0x9b,
    0xa0, 0x88, 0x8a, 0x91, 0xb6, 0xb7, 0xbe, 0xf4, 0xf5, 0xf7, 0xdb, 0xdc, 0xe0, 0x44, 0x4a, 0x59,
    0x05, 0x0f, 0x24, 0x9a, 0x9e, 0xa6, 0xfd, 0xfc, 0xff, 0x74, 0x79, 0x87, 0x02, 0x0f, 0x27, 0x05,
    0x12, 0x2a, 0x09, 0x15, 0x2a, 0xa2, 0xa5, 0xae, 0xfc, 0xfa, 0xfd, 0xf2, 0xf1, 0xf5, 0x53, 0x59,
    0x67, 0x01, 0x0d, 0x26, 0x02, 0x11, 0x2a, 0x14, 0x1e, 0x35, 0xc2, 0xc4, 0xca, 0xf1, 0xf0, 0xf3,
    0x49, 0x4f, 0x5d, 0x2b, 0x32, 0x44, 0xd6, 0xd8, 0xdb, 0xe3, 0xe4, 0xe8, 0x85, 0x87, 0x91, 0x65,
    0x68, 0x75, 0x96, 0x99, 0xa2, 0xf1, 0xf2, 0xf4, 0xd1, 0xd3, 0xd8, 0x25, 0x2e, 0x41, 0x00, 0x0d,
    0x27, 0x03, 0x0f, 0x28, 0x02, 0x10, 0x29, 0x02, 0x10, 0x2a, 0x01, 0x0e, 0x27, 0x1f, 0x28, 0x3c,
    0xa8, 0xad, 0xba, 0xcb, 0xce, 0xdb, 0xa8, 0xac, 0xbb, 0x64, 0x6b, 0x7c, 0x30, 0x38, 0x4c, 0x11,
    0x1c, 0x31, 0x02, 0x0f, 0x28, 0x00, 0x0f, 0x29, 0x02, 0x11, 0x2b, 0x02, 0x11, 0x2a, 0x03, 0x10,
    0x28, 0x07, 0x11, 0x28, 0x68, 0x70, 0x82, 0xc3, 0xca, 0xd8, 0xa3, 0xa9, 0xb7, 0x61, 0x67, 0x77,
    0x55, 0x5b, 0x6c, 0x89, 0x8d, 0x9c, 0xc3, 0xc7, 0xd5, 0x92, 0x98, 0xa9, 0x14, 0x1f, 0x36, 0x00,
    0x0d, 0x27, 0x3e, 0x47, 0x58, 0xbf, 0xc3, 0xd0, 0xb1, 0xb6, 0xc3, 0xbb, 0xc0, 0xce, 0xa1, 0xa6,
    0xb5, 0x89, 0x8d, 0x9d, 0x2d, 0x34, 0x49, 0x3d, 0x44, 0x56, 0xbd, 0xc1, 0xcf, 0x90, 0x95, 0xa3,
    0x0d, 0x17, 0x2d, 0x02, 0x0f, 0x28, 0x03, 0x0f, 0x28, 0x00, 0x0d, 0x26, 0x4c, 0x54, 0x67, 0xc1,
    0xc5, 0xd4, 0x89, 0x8f, 0xa0, 0x0a, 0x16, 0x2f, 0x35, 0x3f, 0x55, 0xb0, 0xb6, 0xc4, 0xb7, 0xbc,
    0xc9, 0x77, 0x7c, 0x89, 0x54, 0x5b, 0x6c, 0x72, 0x79, 0x89, 0xb3, 0xb8, 0xc6, 0xae, 0xb3, 0xc3,
    0x34, 0x3e, 0x52, 0x01, 0x0e, 0x26, 0x17, 0x21, 0x36, 0xa7, 0xab, 0xbb, 0xb9, 0xbd, 0xca, 0xb1,
    0xb6, 0xc4, 0xab, 0xaf, 0xbf, 0x93, 0x95, 0xa6, 0x51, 0x58, 0x69, 0x02, 0x0c, 0x26, 0x02, 0x0e,
    0x28, 0x03, 0x0f, 0x29, 0x02, 0x10, 0x2a, 0x01, 0x0e, 0x28, 0x24, 0x33, 0x4d, 0x62, 0x84, 0xad,
    0x4d, 0x72, 0xa3, 0x4a, 0x6e, 0x9d, 0x45, 0x6a, 0x9b, 0x41, 0x66, 0x95, 0x3e, 0x62, 0x92, 0x3a,
    0x5e, 0x8e, 0x38, 0x5b, 0x8b, 0x38, 0x5c, 0x8b, 0x4f, 0x79, 0xa4, 0x61, 0x96, 0xc0, 0x62, 0x9c,
    0xcc, 0x60, 0x9a, 0xcb, 0x5f, 0x98, 0xca, 0x5c, 0x96, 0xca, 0x58, 0x94, 0xc8, 0x54, 0x92, 0xc7,
    0x52, 0x90, 0xc6, 0x50, 0x8d, 0xc6, 0x4d, 0x8a, 0xc4, 0x4b, 0x87, 0xc3, 0x48, 0x84, 0xc2, 0x45,
    0x81, 0xbf, 0x42, 0x7e, 0xbc, 0x3f, 0x7a, 0xb9, 0x3b, 0x76, 0xb6, 0x36, 0x70, 0xb0, 0x31, 0x66,
    0xa7, 0x76, 0x95, 0xbb, 0xe2, 0xed, 0xf5, 0xeb, 0xf5, 0xfa, 0xeb, 0xf2, 0xfa, 0xe8, 0xf1, 0xfc,
    0xe7, 0xf0, 0xfa, 0xe8, 0xf0, 0xf8, 0xf4, 0xf8, 0xfb, 0xfb, 0xfd, 0xfe, 0xfb, 0xfc, 0xfe, 0xee,
    0xf4, 0xf9, 0xd7, 0xe3, 0xf1, 0xd5, 0xe4, 0xf4, 0xd7, 0xe6, 0xf5, 0xdb, 0xe7, 0xf6, 0xde, 0xea,
    0xf8, 0xd4, 0xe3, 0xf2, 0x62, 0x89, 0xba, 0x1d, 0x58, 0xa3, 0x20, 0x5f, 0xae, 0x24, 0x65, 0xb5,
    0x27, 0x6a, 0xbb, 0x2a, 0x6e, 0xbf, 0x2b, 0x70, 0xc2, 0x2b, 0x72, 0xc5, 0x2c, 0x74, 0xc7, 0x2d,
    0x75, 0xc9, 0x2e, 0x76, 0xca, 0x2f, 0x77, 0xcb, 0x2e, 0x78, 0xcc, 0x2e, 0x79, 0xcc, 0x2f, 0x7a,
    0xcd, 0x30, 0x7b, 0xce, 0x31, 0x7c, 0xce, 0x32, 0x7d, 0xce, 0x32, 0x7d, 0xcf, 0x33, 0x7f, 0xd0,
    0x32, 0x80, 0xd1, 0x3c, 0x84, 0xcf, 0x23, 0x4d, 0x83, 0x0e, 0x31, 0x61, 0x12, 0x34, 0x65, 0x14,
    0x36, 0x68, 0x15, 0x39, 0x6b, 0x16, 0x3a, 0x6e, 0x16, 0x3b, 0x70, 0x26, 0x46, 0x78, 0x0f, 0x1f,
    0x3c, 0x01, 0x0f, 0x28, 0x02, 0x10, 0x29, 0x02, 0x10, 0x2a, 0x02, 0x10, 0x2a, 0x02, 0x10, 0x2a,
    0x02, 0x0f, 0x29, 0x01, 0x0f, 0x29, 0x01, 0x0f, 0x29, 0x01, 0x0f, 0x29, 0x01, 0x0f, 0x29, 0x01,
    0x0f, 0x29, 0x02, 0x10, 0x2a, 0x02, 0x10, 0x2a, 0x02, 0x10, 0x2a, 0x02, 0x0f, 0x2a, 0x12, 0x1b,
    0x30, 0xbb, 0xbd, 0xc0, 0xfe, 0xfe, 0xfd, 0xf5, 0xf6, 0xf6, 0x61, 0x65, 0x72, 0x00, 0x0c, 0x24,
    0x03, 0x10, 0x29, 0x04, 0x0f, 0x28, 0x03, 0x0f, 0x28, 0x03, 0x0f, 0x29, 0x03, 0x0e, 0x28, 0x02,
    0x0f, 0x28, 0x01, 0x10, 0x27, 0x02, 0x0f, 0x28, 0x03, 0x0f, 0x27, 0x02, 0x0e, 0x24, 0x20, 0x28,
    0x3b, 0xd4, 0xd5, 0xd9, 0xe9, 0xea, 0xec, 0x36, 0x3d, 0x4d, 0x00, 0x0b, 0x23, 0x2f, 0x38, 0x4a,
    0xe6, 0xe7, 0xe9, 0xc7, 0xc7, 0xcd, 0x1a, 0x23, 0x38, 0x17, 0x20, 0x33, 0xc4, 0xc6, 0xcb, 0xec,
    0xec, 0xef, 0x3a, 0x41, 0x51, 0x01, 0x0c, 0x23, 0x35, 0x3b, 0x48, 0xe8, 0xe7, 0xe9, 0xdb, 0xda,
    0xdd, 0x26, 0x2d, 0x3f, 0x02, 0x0e, 0x27, 0x01, 0x0d, 0x24, 0x7f, 0x84, 0x8c, 0xff, 0xfe, 0xff,
    0x84, 0x88, 0x93, 0x02, 0x0c, 0x20, 0x2b, 0x33, 0x41, 0xe1, 0xe2, 0xe6, 0xfc, 0xfb, 0xfb, 0x90,
    0x95, 0x9d, 0x12, 0x1c, 0x31, 0x05, 0x0e, 0x26, 0x0e, 0x15, 0x2a, 0x7a, 0x7f, 0x88, 0xf8, 0xf8,
    0xf9, 0xc2, 0xc4, 0xcb, 0x15, 0x1e, 0x33, 0x04, 0x0f, 0x25, 0x8c, 0x90, 0x97, 0xfe, 0xff, 0xfd,
    0xb5, 0xb8, 0xbd, 0x22, 0x2a, 0x3b, 0x01, 0x0c, 0x21, 0x00, 0x0c, 0x21, 0x1a, 0x22, 0x33, 0xa3,
    0xa5, 0xab, 0xfc, 0xfb, 0xfb, 0xf2, 0xf2, 0xf3, 0x4c, 0x53, 0x63, 0x00, 0x0d, 0x23, 0x62, 0x68,
    0x75, 0xf8, 0xf8, 0xf8, 0xcf, 0xd0, 0xd5, 0x36, 0x3f, 0x4d, 0x03, 0x0f, 0x23, 0x00, 0x0d, 0x24,
    0x0f, 0x18, 0x2c, 0x7e, 0x81, 0x8c, 0xf7, 0xf5, 0xf9, 0xba, 0xba, 0xc0, 0x13, 0x1b, 0x2f, 0x5a,
    0x61, 0x6d, 0xf8, 0xf8, 0xfa, 0xae, 0xb1, 0xbb, 0x0d, 0x18, 0x2f, 0x04, 0x10, 0x27, 0x1d, 0x26,
    0x3a, 0xcf, 0xd1, 0xd7, 0xe9, 0xe8, 0xec, 0xf2, 0xf1, 0xf4, 0x8f, 0x94, 0xa0, 0x04, 0x11, 0x2b,
    0x00, 0x0e, 0x28, 0x37, 0x3f, 0x52, 0xe7, 0xe8, 0xec, 0xcb, 0xcd, 0xd2, 0x19, 0x20, 0x31, 0x61,
    0x66, 0x73, 0xf7, 0xf7, 0xf9, 0x8b, 0x8e, 0x98, 0x03, 0x0d, 0x23, 0x00, 0x0c, 0x24, 0x0b, 0x15,
    0x28, 0x8b, 0x8e, 0x98, 0xc1, 0xc2, 0xc9, 0x40, 0x47, 0x58, 0x00, 0x0c, 0x24, 0x03, 0x0f, 0x27,
    0x03, 0x0f, 0x28, 0x02, 0x0f, 0x2a, 0x02, 0x10, 0x2a, 0x03, 0x0f, 0x27, 0x34, 0x3d, 0x50, 0x9b,
    0xa2, 0xb0, 0xc3, 0xc7, 0xd2, 0xc7, 0xca, 0xd5, 0xbc, 0xc0, 0xcd, 0xa1, 0xa7, 0xb5, 0x70, 0x78,
    0x89, 0x2e, 0x38, 0x4c, 0x06, 0x12, 0x29, 0x03, 0x11, 0x2a, 0x02, 0x0e, 0x26, 0x2e, 0x36, 0x48,
    0xb7, 0xbc, 0xca, 0xa6, 0xad, 0xbe, 0x23, 0x2f, 0x47, 0x00, 0x0d, 0x29, 0x00, 0x0c, 0x27, 0x0e,
    0x18, 0x30, 0x82, 0x89, 0x99, 0xc5, 0xc9, 0xd6, 0x52, 0x59, 0x6b, 0x00, 0x0a, 0x25, 0x3d, 0x45,
    0x58, 0xbe, 0xc2, 0xce, 0xc3, 0xc7, 0xd3, 0x6b, 0x72, 0x83, 0x14, 0x1f, 0x35, 0x09, 0x14, 0x2a,
    0x04, 0x0f, 0x27, 0x12, 0x1b, 0x30, 0x9b, 0xa0, 0xaf, 0xb2, 0xb7, 0xc7, 0x2d, 0x36, 0x4a, 0x01,
    0x0f, 0x28, 0x03, 0x11, 0x2a, 0x09, 0x14, 0x2b, 0x82, 0x87, 0x99, 0xc0, 0xc6, 0xd3, 0x4d, 0x55,
    0x6a, 0x0d, 0x17, 0x30, 0x8b, 0x93, 0xa2, 0xbe, 0xc3, 0xd0, 0x4e, 0x55, 0x68, 0x02, 0x0d, 0x24,
    0x00, 0x0b, 0x25, 0x05, 0x0f, 0x27, 0x4c, 0x54, 0x65, 0xbb, 0xc1, 0xd0, 0x86, 0x8d, 0x9f, 0x0a,
    0x14, 0x2d, 0x16, 0x20, 0x36, 0xa6, 0xac, 0xba, 0xc6, 0xcb, 0xd8, 0x90, 0x97, 0xa7, 0x22, 0x2a,
    0x40, 0x09, 0x13, 0x2a, 0x06, 0x11, 0x28, 0x03, 0x0e, 0x28, 0x02, 0x0e, 0x28, 0x02, 0x0e, 0x28,
    0x02, 0x10, 0x2a, 0x01, 0x0e, 0x28, 0x23, 0x33, 0x4e, 0x61, 0x82, 0xac, 0x4c, 0x70, 0xa1, 0x49,
    0x6d, 0x9c, 0x44, 0x69, 0x98, 0x40, 0x65, 0x94, 0x3d, 0x61, 0x91, 0x3a, 0x5e, 0x8e, 0x36, 0x5b,
    0x8b, 0x35, 0x5c, 0x8c, 0x44, 0x72, 0xa4, 0x4d, 0x85, 0xbc, 0x48, 0x84, 0xc1, 0x45, 0x80, 0xbc,
    0x42, 0x7d, 0xba, 0x3f, 0x7a, 0xb9, 0x3d, 0x78, 0xb7, 0x39, 0x75, 0xb5, 0x37, 0x73, 0xb4, 0x35,
    0x70, 0xb3, 0x33, 0x6e, 0xb1, 0x32, 0x6b, 0xb0, 0x30, 0x69, 0xae, 0x2d, 0x67, 0xab, 0x2b, 0x64,
    0xaa, 0x28, 0x61, 0xa7, 0x25, 0x5d, 0xa5, 0x24, 0x59, 0x9f, 0x20, 0x55, 0x99, 0x20, 0x54, 0x93,
    0x85, 0xa3, 0xc4, 0xe7, 0xf2, 0xfb, 0xea, 0xf1, 0xfa, 0xe7, 0xf0, 0xfb, 0xe7, 0xf0, 0xf9, 0xf1,
    0xf7, 0xfb, 0xfa, 0xfc, 0xfe, 0xfb, 0xfc, 0xfd, 0xfa, 0xfb, 0xfe, 0xf8, 0xfb, 0xfe, 0xe7, 0xf0,
    0xf5, 0xd3, 0xdf, 0xee, 0xd5, 0xe2, 0xf4, 0xd9, 0xe6, 0xf6, 0xd8, 0xe4, 0xf3, 0x71, 0x95, 0xbe,
    0x1b, 0x53, 0x9e, 0x1c, 0x5a, 0xa8, 0x20, 0x60, 0xb2, 0x22, 0x65, 0xb7, 0x26, 0x69, 0xbc, 0x29,
    0x6d, 0xc0, 0x2a, 0x70, 0xc3, 0x2b, 0x71, 0xc6, 0x2b, 0x72, 0xc7, 0x2c, 0x74, 0xc8, 0x2d, 0x75,
    0xc9, 0x2e, 0x76, 0xca, 0x2f, 0x77, 0xcb, 0x2f, 0x77, 0xcb, 0x2e, 0x78, 0xcd, 0x2f, 0x7a, 0xce,
    0x30, 0x7b, 0xce, 0x31, 0x7c, 0xcf, 0x32, 0x7d, 0xd0, 0x32, 0x7e, 0xd1, 0x32, 0x7f, 0xd1, 0x3b,
    0x83, 0xce, 0x23, 0x4d, 0x82, 0x0e, 0x31, 0x60, 0x12, 0x34, 0x65, 0x13, 0x36, 0x68, 0x14, 0x38,
    0x6b, 0x15, 0x3a, 0x6e, 0x16, 0x3b, 0x6f, 0x25, 0x46, 0x78, 0x0f, 0x1f, 0x3c, 0x01, 0x0f, 0x28,
    0x02, 0x10, 0x29, 0x02, 0x10, 0x29, 0x02, 0x10, 0x2a, 0x02, 0x10, 0x2a, 0x02, 0x10, 0x2a, 0x02,
    0x10, 0x2a, 0x01, 0x0f, 0x29, 0x01, 0x0f, 0x29, 0x02, 0x0f, 0x29, 0x02, 0x0f, 0x29, 0x01, 0x0f,
    0x29, 0x02, 0x10, 0x2a, 0x02, 0x10, 0x2a, 0x01, 0x0f, 0x28, 0x2e, 0x37, 0x49, 0xd5, 0xd6, 0xd8,
    0xfe, 0xfe, 0xfe, 0xfa, 0xfa, 0xfa, 0x88, 0x8c, 0x97, 0x06, 0x12, 0x29, 0x02, 0x10, 0x29, 0x03,
    0x0f, 0x27, 0x03, 0x0f, 0x28, 0x03, 0x0f, 0x29, 0x03, 0x0f, 0x29, 0x02, 0x0f, 0x28, 0x01, 0x0f,
    0x28, 0x02, 0x0f, 0x29, 0x03, 0x10, 0x28, 0x03, 0x0f, 0x27, 0x08, 0x11, 0x27, 0xa6, 0xa8, 0xaf,
    0xfb, 0xfa, 0xfb, 0x68, 0x6c, 0x78, 0x00, 0x0a, 0x23, 0x5f, 0x66, 0x75, 0xf9, 0xf8, 0xfa, 0x90,
    0x94, 0x9f, 0x07, 0x12, 0x28, 0x06, 0x10, 0x25, 0x8a, 0x8e, 0x98, 0xfa, 0xfa, 0xfd, 0x6c, 0x70,
    0x7d, 0x00, 0x09, 0x1f, 0x63, 0x66, 0x72, 0xf8, 0xf7, 0xfa, 0xaa, 0xab, 0xb4, 0x0a, 0x14, 0x2b,
    0x03, 0x11, 0x2a, 0x01, 0x0e, 0x26, 0x80, 0x85, 0x8e, 0xff, 0xfe, 0xff, 0x84, 0x89, 0x93, 0x02,
    0x0d, 0x20, 0x2a, 0x32, 0x42, 0xe2, 0xe2, 0xe7, 0xe6, 0xe6, 0xea, 0x32, 0x3b, 0x4d, 0x00, 0x0e,
    0x29, 0x03, 0x11, 0x2a, 0x01, 0x0d, 0x26, 0x2a, 0x31, 0x40, 0xdf, 0xe1, 0xe4, 0xdf, 0xdf, 0xe3,
    0x28, 0x2f, 0x40, 0x1a, 0x22, 0x34, 0xcf, 0xd0, 0xd3, 0xef, 0xef, 0xf0, 0x46, 0x4d, 0x59, 0x00,
    0x0c, 0x24, 0x02, 0x10, 0x2a, 0x02, 0x10, 0x29, 0x00, 0x0c, 0x24, 0x32, 0x38, 0x48, 0xe1, 0xe3,
    0xe6, 0xf4, 0xf4, 0xf5, 0x4e, 0x54, 0x64, 0x0a, 0x15, 0x26, 0xac, 0xaf, 0xb6, 0xf9, 0xfa, 0xfb,
    0x67, 0x6d, 0x79, 0x00, 0x0d, 0x25, 0x03, 0x10, 0x2a, 0x03, 0x10, 0x2a, 0x01, 0x0e, 0x25, 0x19,
    0x21, 0x32, 0xc7, 0xc8, 0xcf, 0xf0, 0xee, 0xf0, 0x48, 0x4d, 0x5d, 0x26, 0x2e, 0x42, 0xdb, 0xdd,
    0xe1, 0xda, 0xdb, 0xe1, 0x26, 0x30, 0x46, 0x01, 0x0e, 0x25, 0x48, 0x4f, 0x5f, 0xef, 0xef, 0xf3,
    0x99, 0x9c, 0xa3, 0xcd, 0xce, 0xd2, 0xc8, 0xcb, 0xd1, 0x16, 0x22, 0x38, 0x00, 0x0d, 0x26, 0x6a,
    0x6f, 0x7c, 0xf8, 0xf8, 0xfc, 0x90, 0x94, 0x9c, 0x01, 0x0b, 0x1e, 0x64, 0x68, 0x75, 0xf8, 0xf7,
    0xfa, 0xaa, 0xad, 0xb5, 0x22, 0x2a, 0x3c, 0x07, 0x13, 0x2b, 0x00, 0x0e, 0x26, 0x0a, 0x14, 0x2a,
    0x10, 0x1a, 0x2f, 0x07, 0x13, 0x2a, 0x03, 0x0f, 0x29, 0x03, 0x0f, 0x28, 0x03, 0x10, 0x28, 0x02,
    0x10, 0x29, 0x02, 0x10, 0x2a, 0x02, 0x10, 0x2a, 0x02, 0x0e, 0x26, 0x14, 0x1e, 0x34, 0x49, 0x50,
    0x62, 0x7f, 0x84, 0x93, 0xab, 0xb0, 0xbb, 0xc5, 0xc9, 0xd4, 0xc9, 0xcd, 0xda, 0xb2, 0xb9, 0xc8,
    0x58, 0x60, 0x72, 0x08, 0x13, 0x2b, 0x03, 0x0e, 0x26, 0x63, 0x69, 0x79, 0xc6, 0xca, 0xd6, 0x5e,
    0x66, 0x78, 0x00, 0x0d, 0x26, 0x03, 0x11, 0x2e, 0x03, 0x11, 0x2c, 0x01, 0x0d, 0x25, 0x3b, 0x42,
    0x54, 0xc0, 0xc5, 0xd1, 0x86, 0x8b, 0x9c, 0x06, 0x0f, 0x29, 0x3c, 0x43, 0x56, 0xbe, 0xc1, 0xce,
    0xa2, 0xa6, 0xb3, 0x16, 0x1f, 0x34, 0x00, 0x0f, 0x29, 0x02, 0x10, 0x2a, 0x03, 0x0f, 0x29, 0x01,
    0x0d, 0x23, 0x64, 0x6b, 0x7c, 0xc0, 0xc6, 0xd5, 0x62, 0x69, 0x7b, 0x02, 0x0f, 0x28, 0x02, 0x11,
    0x2a, 0x23, 0x2c, 0x41, 0xac, 0xb1, 0xc0, 0xa6, 0xad, 0xbb, 0x1b, 0x25, 0x3c, 0x2b, 0x33, 0x4a,
    0xb4, 0xba, 0xc7, 0x95, 0x9c, 0xab, 0x0e, 0x17, 0x2c, 0x00, 0x0c, 0x25, 0x02, 0x0e, 0x28, 0x02,
    0x0d, 0x28, 0x0f, 0x19, 0x2f, 0x97, 0x9f, 0xac, 0xb0, 0xb7, 0xc5, 0x23, 0x2d, 0x42, 0x16, 0x20,
    0x35, 0xa6, 0xad, 0xbb, 0xbc, 0xc2, 0xd1, 0x3c, 0x44, 0x58, 0x00, 0x0c, 0x25, 0x01, 0x0f, 0x29,
    0x01, 0x0f, 0x28, 0x03, 0x0f, 0x28, 0x03, 0x0f, 0x29, 0x03, 0x0f, 0x29, 0x02, 0x10, 0x2a, 0x02,
    0x0f, 0x28, 0x23, 0x33, 0x4e, 0x60, 0x81, 0xac, 0x4a, 0x6f, 0xa0, 0x47, 0x6c, 0x9a, 0x42, 0x67,
    0x97, 0x3e, 0x64, 0x93, 0x3c, 0x60, 0x8f, 0x38, 0x5c, 0x8c, 0x36, 0x5a, 0x8a, 0x53, 0x83, 0xb4,
    0x60, 0xa3, 0xdc, 0x58, 0x9d, 0xde, 0x54, 0x99, 0xd9, 0x50, 0x94, 0xd4, 0x4d, 0x91, 0xd3, 0x4b,
    0x8e, 0xd1, 0x48, 0x8b, 0xcf, 0x45, 0x88, 0xcd, 0x42, 0x85, 0xcb, 0x3f, 0x82, 0xc9, 0x3d, 0x80,
    0xc7, 0x3b, 0x7d, 0xc4, 0x39, 0x7a, 0xc2, 0x37, 0x77, 0xbf, 0x35, 0x73, 0xbd, 0x31, 0x6e, 0xb9,
    0x2d, 0x69, 0xb3, 0x28, 0x66, 0xae, 0x27, 0x60, 0xa9, 0x22, 0x5b, 0xa4, 0x2a, 0x5d, 0x9f, 0xa0,
    0xb7, 0xd2, 0xe8, 0xf3, 0xfc, 0xe7, 0xf1, 0xf9, 0xee, 0xf5, 0xfb, 0xf8, 0xfc, 0xfe, 0xfa, 0xfc,
    0xfe, 0xf9, 0xfb, 0xfe, 0xf8, 0xfa, 0xfd, 0xf7, 0xfa, 0xfc, 0xf5, 0xfa, 0xfd, 0xe2, 0xeb, 0xf3,
    0xd2, 0xdf, 0xf1, 0xd6, 0xe4, 0xf5, 0x84, 0xa1, 0xc5, 0x1c, 0x50, 0x99, 0x19, 0x53, 0xa3, 0x1d,
    0x5b, 0xab, 0x1f, 0x61, 0xb2, 0x23, 0x65, 0xb9, 0x26, 0x69, 0xbc, 0x28, 0x6c, 0xc0, 0x2a, 0x6f,
    0xc4, 0x2a, 0x70, 0xc5, 0x2b, 0x71, 0xc6, 0x2b, 0x73, 0xc7, 0x2c, 0x74, 0xc8, 0x2d, 0x75, 0xc9,
    0x2e, 0x76, 0xca, 0x2f, 0x77, 0xcb, 0x2e, 0x78, 0xcc, 0x2f, 0x79, 0xce, 0x2f, 0x7a, 0xce, 0x30,
    0x7c, 0xce, 0x31, 0x7d, 0xcf, 0x32, 0x7e, 0xd0, 0x31, 0x7e, 0xd1, 0x3b, 0x82, 0xce, 0x21, 0x4a,
    0x7f, 0x0f, 0x31, 0x60, 0x12, 0x34, 0x65, 0x13, 0x35, 0x68, 0x13, 0x37, 0x6a, 0x15, 0x3a, 0x6e,
    0x15, 0x3a, 0x6f, 0x25, 0x46, 0x77, 0x0f, 0x1f, 0x3c, 0x01, 0x0f, 0x28, 0x02, 0x10, 0x29, 0x02,
    0x10, 0x29, 0x02, 0x10, 0x2a, 0x02, 0x10, 0x2a, 0x02, 0x10, 0x2a, 0x02, 0x10, 0x2a, 0x01, 0x0f,
    0x29, 0x01, 0x0f, 0x29, 0x02, 0x0f, 0x29, 0x02, 0x10, 0x29, 0x02, 0x10, 0x2a, 0x02, 0x10, 0x29,
    0x02, 0x10, 0x29, 0x0d, 0x18, 0x2c, 0xa3, 0xa5, 0xac, 0xfd, 0xfc, 0xfd, 0xe5, 0xe4, 0xe7, 0xf6,
    0xf4, 0xf6, 0xea, 0xea, 0xed, 0x4c, 0x53, 0x62, 0x00, 0x0d, 0x26, 0x02, 0x0f, 0x27, 0x02, 0x0f,
    0x28, 0x02, 0x0f, 0x29, 0x03, 0x0f, 0x29, 0x03, 0x0f, 0x29, 0x01, 0x0f, 0x29, 0x02, 0x0f, 0x2a,
    0x02, 0x0f, 0x29, 0x02, 0x0f, 0x28, 0x00, 0x0b, 0x22, 0x6e, 0x72, 0x7d, 0xfb, 0xfa, 0xfd, 0x9f,
    0xa3, 0xac, 0x0b, 0x15, 0x2e, 0x95, 0x9b, 0xa6, 0xf7, 0xf7, 0xf9, 0x56, 0x5f, 0x6c, 0x02, 0x0d,
    0x22, 0x00, 0x0c, 0x21, 0x4d, 0x54, 0x63, 0xf2, 0xf2, 0xf6, 0xa3, 0xa6, 0xae, 0x0b, 0x13, 0x26,
    0x97, 0x9a, 0xa3, 0xfb, 0xfb, 0xfd, 0x71, 0x76, 0x83, 0x01, 0x0d, 0x27, 0x03, 0x12, 0x2b, 0x02,
    0x0e, 0x26, 0x80, 0x84, 0x8e, 0xfe, 0xfd, 0xff, 0x83, 0x88, 0x92, 0x03, 0x0d, 0x20, 0x2b, 0x32,
    0x42, 0xe2, 0xe3, 0xe6, 0xd3, 0xd5, 0xd9, 0x1e, 0x28, 0x3e, 0x03, 0x0f, 0x29, 0x04, 0x10, 0x28,
    0x02, 0x0e, 0x25, 0x1c, 0x24, 0x34, 0xd0, 0xd2, 0xd7, 0xe4, 0xe5, 0xe8, 0x2e, 0x35, 0x47, 0x35,
    0x3d, 0x4f, 0xea, 0xeb, 0xec, 0xcf, 0xd2, 0xd5, 0x1b, 0x24, 0x35, 0x01, 0x10, 0x2a, 0x02, 0x10,
    0x2b, 0x03, 0x10, 0x2a, 0x02, 0x10, 0x28, 0x12, 0x19, 0x2c, 0xbe, 0xbf, 0xc6, 0xf5, 0xf5, 0xf7,
    0x4c, 0x52, 0x60, 0x1a, 0x24, 0x33, 0xd0, 0xd1, 0xd6, 0xe7, 0xe8, 0xeb, 0x34, 0x3c, 0x4d, 0x00,
    0x0e, 0x2a, 0x03, 0x10, 0x2b, 0x03, 0x10, 0x2a, 0x02, 0x10, 0x28, 0x06, 0x0e, 0x25, 0x9b, 0x9d,
    0xa6, 0xfc, 0xfc, 0xff, 0x71, 0x76, 0x81, 0x0b, 0x14, 0x2d, 0xa5, 0xaa, 0xb1, 0xf3, 0xf4, 0xf7,
    0x4f, 0x5a, 0x6c, 0x01, 0x0e, 0x28, 0x84, 0x8a, 0x95, 0xf1, 0xf0, 0xf5, 0x4c, 0x53, 0x60, 0x95,
    0x99, 0xa1, 0xee, 0xee, 0xf1, 0x3c, 0x44, 0x56, 0x05, 0x10, 0x28, 0xa2, 0xa5, 0xac, 0xf3, 0xf2,
    0xf6, 0x52, 0x57, 0x64, 0x00, 0x0b, 0x20, 0x2d, 0x35, 0x45, 0xd2, 0xd3, 0xd8, 0xf8, 0xf8, 0xfb,
    0xd3, 0xd3, 0xd9, 0xa3, 0xa4, 0xad, 0x74, 0x7a, 0x86, 0x3b, 0x43, 0x53, 0x08, 0x14, 0x29, 0x01,
    0x0e, 0x26, 0x03, 0x10, 0x28, 0x02, 0x10, 0x28, 0x01, 0x10, 0x29, 0x02, 0x10, 0x29, 0x02, 0x10,
    0x29, 0x02, 0x0f, 0x29, 0x02, 0x0f, 0x27, 0x00, 0x0d, 0x25, 0x00, 0x0b, 0x22, 0x04, 0x10, 0x25,
    0x19, 0x24, 0x39, 0x45, 0x4d, 0x5f, 0x85, 0x8a, 0x9a, 0xbc, 0xc1, 0xcf, 0xb7, 0xbc, 0xcb, 0x3e,
    0x46, 0x59, 0x06, 0x12, 0x29, 0x84, 0x8a, 0x9b, 0xc4, 0xc7, 0xd4, 0x8f, 0x94, 0xa2, 0x78, 0x7f,
    0x8f, 0x7b, 0x82, 0x92, 0x7b, 0x82, 0x92, 0x7c, 0x81, 0x91, 0x87, 0x8b, 0x99, 0xbf, 0xc2, 0xce,
    0x9c, 0xa0, 0xb1, 0x0f, 0x17, 0x2f, 0x3a, 0x41, 0x54, 0xbd, 0xc0, 0xcc, 0x88, 0x8c, 0x9b, 0x06,
    0x11, 0x28, 0x01, 0x0e, 0x27, 0x02, 0x0f, 0x26, 0x02, 0x0f, 0x28, 0x00, 0x0d, 0x24, 0x2c, 0x35,
    0x47, 0xb5, 0xbb, 0xc9, 0x98, 0x9d, 0xae, 0x10, 0x1b, 0x33, 0x00, 0x0e, 0x28, 0x4e, 0x56, 0x69,
    0xbe, 0xc4, 0xd0, 0x74, 0x7a, 0x8b, 0x03, 0x0e, 0x27, 0x43, 0x4b, 0x5e, 0xbc, 0xc2, 0xd1, 0xa7,
    0xac, 0xb9, 0x7b, 0x80, 0x8e, 0x7a, 0x80, 0x90, 0x78, 0x7e, 0x8e, 0x77, 0x7d, 0x8c, 0x78, 0x7d,
    0x8c, 0xa7, 0xab, 0xb9, 0xbc, 0xc0, 0xcc, 0x39, 0x42, 0x55, 0x15, 0x1f, 0x34, 0xa5, 0xac, 0xba,
    0xae, 0xb5, 0xc4, 0x21, 0x2b, 0x42, 0x01, 0x0f, 0x28, 0x03, 0x0f, 0x27, 0x02, 0x0e, 0x27, 0x02,
    0x0f, 0x27, 0x03, 0x0f, 0x29, 0x03, 0x0f, 0x29, 0x02, 0x10, 0x2a, 0x02, 0x0f, 0x28, 0x23, 0x33,
    0x4f, 0x5f, 0x81, 0xab, 0x49, 0x6e, 0x9f, 0x46, 0x6b, 0x9a, 0x41, 0x66, 0x96, 0x3e, 0x62, 0x92,
    0x3b, 0x5e, 0x8e, 0x37, 0x59, 0x87, 0x41, 0x69, 0x96, 0x67, 0xa5, 0xda, 0x5a, 0xa1, 0xdf, 0x58,
    0x9e, 0xdd, 0x55, 0x9b, 0xdb, 0x52, 0x97, 0xd8, 0x50, 0x94, 0xd7, 0x4d, 0x92, 0xd5, 0x4b, 0x90,
    0xd4, 0x48, 0x8d, 0xd2, 0x45, 0x8a, 0xd0, 0x43, 0x87, 0xce, 0x40, 0x84, 0xcd, 0x3d, 0x81, 0xca,
    0x3b, 0x7e, 0xc7, 0x39, 0x7b, 0xc5, 0x36, 0x77, 0xc1, 0x32, 0x73, 0xbd, 0x2e, 0x6e, 0xb8, 0x2a,
    0x6a, 0xb3, 0x27, 0x65, 0xaf, 0x24, 0x60, 0xa9, 0x20, 0x59, 0xa2, 0x35, 0x63, 0xa0, 0xaf, 0xc3,
    0xda, 0xef, 0xf6, 0xfc, 0xf7, 0xfc, 0xfe, 0xf8, 0xfc, 0xfe, 0xfa, 0xfb, 0xfe, 0xf9, 0xfa, 0xfd,
    0xf6, 0xfa, 0xfd, 0xf7, 0xfa, 0xfd, 0xf7, 0xf9, 0xfe, 0xf3, 0xf8, 0xfd, 0xde, 0xe9, 0xf4, 0x92,
    0xab, 0xcb, 0x21, 0x51, 0x95, 0x15, 0x4d, 0x9b, 0x1a, 0x54, 0xa3, 0x1c, 0x5b, 0xaa, 0x1f, 0x61,
    0xb2, 0x23, 0x64, 0xb9, 0x25, 0x68, 0xbd, 0x27, 0x6b, 0xc0, 0x29, 0x6e, 0xc3, 0x2a, 0x70, 0xc5,
    0x2a, 0x71, 0xc5, 0x2b, 0x72, 0xc6, 0x2c, 0x73, 0xc8, 0x2d, 0x74, 0xc9, 0x2d, 0x76, 0xcb, 0x2e,
    0x77, 0xcb, 0x2e, 0x78, 0xcc, 0x2f, 0x79, 0xcd, 0x30, 0x7a, 0xcd, 0x31, 0x7b, 0xcd, 0x32, 0x7c,
    0xce, 0x32, 0x7d, 0xd1, 0x34, 0x80, 0xd3, 0x3e, 0x7e, 0xc2, 0x18, 0x3d, 0x6f, 0x10, 0x31, 0x61,
    0x12, 0x34, 0x67, 0x12, 0x35, 0x68, 0x13, 0x37, 0x69, 0x15, 0x39, 0x6d, 0x15, 0x39, 0x6f, 0x25,
    0x46, 0x75, 0x0f, 0x1f, 0x3c, 0x02, 0x0f, 0x27, 0x01, 0x10, 0x29, 0x01, 0x10, 0x29, 0x02, 0x10,
    0x2a, 0x02, 0x10, 0x2a, 0x02, 0x10, 0x2a, 0x02, 0x10, 0x2a, 0x01, 0x0f, 0x29, 0x01, 0x0f, 0x29,
    0x01, 0x0f, 0x29, 0x01, 0x10, 0x29, 0x02, 0x10, 0x2a, 0x03, 0x10, 0x27, 0x02, 0x0d, 0x23, 0x5f,
    0x64, 0x71, 0xf3, 0xf3, 0xf4, 0xea, 0xeb, 0xed, 0x5c, 0x5e, 0x68, 0xae, 0xaf, 0xb4, 0xff, 0xff,
    0xff, 0xc3, 0xc4, 0xca, 0x1b, 0x24, 0x39, 0x01, 0x0d, 0x26, 0x01, 0x0f, 0x27, 0x02, 0x0f, 0x28,
    0x03, 0x0e, 0x29, 0x02, 0x0f, 0x28, 0x03, 0x0f, 0x28, 0x03, 0x0f, 0x29, 0x03, 0x0f, 0x29, 0x02,
    0x0e, 0x27, 0x00, 0x0c, 0x24, 0x39, 0x41, 0x51, 0xea, 0xeb, 0xee, 0xcd, 0xce, 0xd4, 0x2d, 0x34,
    0x45, 0xc6, 0xc8, 0xcd, 0xdf, 0xdf, 0xe3, 0x26, 0x30, 0x44, 0x02, 0x0f, 0x27, 0x01, 0x0f, 0x25,
    0x22, 0x2b, 0x3d, 0xd6, 0xd6, 0xdd, 0xd3, 0xd3, 0xd8, 0x30, 0x35, 0x44, 0xc1, 0xc3, 0xc9, 0xec,
    0xed, 0xf1, 0x3d, 0x47, 0x59, 0x02, 0x0e, 0x27, 0x04, 0x11, 0x2a, 0x02, 0x0e, 0x25, 0x80, 0x84,
    0x8c, 0xfd, 0xfc, 0xff, 0x84, 0x88, 0x93, 0x03, 0x0c, 0x21, 0x2b, 0x32, 0x42, 0xe2, 0xe3, 0xe6,
    0xd0, 0xd2, 0xd7, 0x1c, 0x26, 0x3a, 0x03, 0x0f, 0x28, 0x03, 0x10, 0x29, 0x02, 0x0e, 0x25, 0x1b,
    0x24, 0x35, 0xd1, 0xd2, 0xd6, 0xe4, 0xe5, 0xe9, 0x2f, 0x37, 0x49, 0x40, 0x49, 0x59, 0xf1, 0xf2,
    0xf3, 0xc5, 0xc8, 0xcd, 0x15, 0x1f, 0x33, 0x02, 0x11, 0x2d, 0x03, 0x11, 0x2c, 0x03, 0x11, 0x29,
    0x03, 0x10, 0x28, 0x0c, 0x13, 0x27, 0xb0, 0xb1, 0xb9, 0xf4, 0xf4, 0xf6, 0x4a, 0x4f, 0x5c, 0x21,
    0x29, 0x38, 0xda, 0xda, 0xde, 0xdf, 0xe0, 0xe3, 0x2a, 0x31, 0x42, 0x00, 0x0f, 0x29, 0x02, 0x10,
    0x2b, 0x02, 0x10, 0x2a, 0x02, 0x11, 0x28, 0x04, 0x0d, 0x24, 0x90, 0x93, 0x9d, 0xfe, 0xff, 0xff,
    0x7c, 0x81, 0x8d, 0x02, 0x0c, 0x24, 0x64, 0x69, 0x75, 0xf7, 0xf7, 0xfb, 0x84, 0x8a, 0x96, 0x10,
    0x1c, 0x30, 0xbd, 0xc1, 0xc8, 0xd4, 0xd6, 0xdb, 0x1f, 0x26, 0x39, 0x57, 0x5c, 0x6a, 0xf6, 0xf5,
    0xf7, 0x76, 0x7b, 0x86, 0x1b, 0x24, 0x38, 0xd1, 0xd3, 0xd6, 0xd4, 0xd4, 0xd9, 0x22, 0x2a, 0x3c,
    0x03, 0x11, 0x29, 0x04, 0x11, 0x28, 0x39, 0x40, 0x50, 0x9f, 0xa1, 0xa8, 0xda, 0xd9, 0xde, 0xf2,
    0xf1, 0xf3, 0xfa, 0xfb, 0xfc, 0xe9, 0xe9, 0xee, 0x8b, 0x8e, 0x98, 0x10, 0x1c, 0x31, 0x01, 0x0f,
    0x28, 0x02, 0x10, 0x29, 0x02, 0x10, 0x2a, 0x02, 0x10, 0x2a, 0x02, 0x0f, 0x28, 0x01, 0x0d, 0x24,
    0x01, 0x0c, 0x23, 0x01, 0x0d, 0x25, 0x01, 0x0f, 0x28, 0x00, 0x0f, 0x28, 0x00, 0x0e, 0x26, 0x00,
    0x0b, 0x24, 0x0c, 0x15, 0x29, 0x78, 0x7d, 0x8d, 0xc5, 0xca, 0xd9, 0x80, 0x87, 0x98, 0x0f, 0x19,
    0x33, 0x91, 0x97, 0xa6, 0xc3, 0xc8, 0xd5, 0xaa, 0xb0, 0xbe, 0xa4, 0xab, 0xbb, 0xa3, 0xa9, 0xb9,
    0xa2, 0xa8, 0xb7, 0xa2, 0xa7, 0xb6, 0xa0, 0xa4, 0xb3, 0x9f, 0xa2, 0xb0, 0x84, 0x88, 0x99, 0x0f,
    0x18, 0x2f, 0x3b, 0x41, 0x55, 0xbd, 0xc1, 0xce, 0x84, 0x87, 0x97, 0x06, 0x10, 0x27, 0x01, 0x0e,
    0x27, 0x02, 0x0e, 0x26, 0x02, 0x0f, 0x27, 0x02, 0x0f, 0x26, 0x0c, 0x16, 0x2c, 0x90, 0x98, 0xa7,
    0xbd, 0xc3, 0xd1, 0x32, 0x3b, 0x51, 0x05, 0x10, 0x29, 0x82, 0x89, 0x99, 0xba, 0xbf, 0xcc, 0x3a,
    0x42, 0x54, 0x00, 0x0b, 0x24, 0x4d, 0x55, 0x68, 0xc1, 0xc5, 0xd3, 0xb4, 0xb9, 0xc7, 0xa2, 0xa8,
    0xb7, 0xa2, 0xa9, 0xb9, 0x9f, 0xa6, 0xb6, 0x9e, 0xa3, 0xb3, 0x9d, 0xa2, 0xb1, 0x98, 0x9e, 0xad,
    0x99, 0x9d, 0xab, 0x36, 0x3f, 0x52, 0x16, 0x1f, 0x35, 0xa5, 0xaa, 0xb8, 0xab, 0xb1, 0xbf, 0x1d,
    0x27, 0x3e, 0x01, 0x0f, 0x29, 0x03, 0x0f, 0x28, 0x03, 0x0e, 0x26, 0x02, 0x0f, 0x27, 0x02, 0x0f,
    0x29, 0x03, 0x0f, 0x29, 0x02, 0x10, 0x2a, 0x01, 0x0e, 0x28, 0x23, 0x32, 0x4e, 0x5d, 0x7f, 0xaa,
    0x48, 0x6d, 0x9e, 0x45, 0x6a, 0x99, 0x40, 0x66, 0x95, 0x3d, 0x61, 0x91, 0x39, 0x5d, 0x8c, 0x35,
    0x57, 0x85, 0x4c, 0x76, 0xa3, 0x65, 0xa9, 0xe0, 0x59, 0xa1, 0xe1, 0x58, 0x9f, 0xde, 0x56, 0x9c,
    0xdd, 0x53, 0x99, 0xdb, 0x50, 0x96, 0xd9, 0x4e, 0x93, 0xd7, 0x4c, 0x92, 0xd6, 0x49, 0x8f, 0xd4,
    0x46, 0x8c, 0xd2, 0x43, 0x89, 0xd0, 0x41, 0x86, 0xcf, 0x3e, 0x83, 0xcd, 0x3c, 0x80, 0xca, 0x39,
    0x7d, 0xc7, 0x36, 0x78, 0xc4, 0x32, 0x74, 0xc0, 0x2e, 0x70, 0xbc, 0x2c, 0x6b, 0xb8, 0x29, 0x67,
    0xb3, 0x25, 0x63, 0xac, 0x23, 0x5d, 0xa6, 0x1b, 0x53, 0x9c, 0x65, 0x86, 0xb4, 0xed, 0xf3, 0xf9,
    0xfb, 0xfd, 0xfe, 0xf9, 0xfc, 0xfc, 0xf8, 0xfa, 0xfe, 0xf8, 0xf9, 0xfd, 0xf6, 0xf9, 0xfd, 0xf5,
    0xf9, 0xfe, 0xf7, 0xf8, 0xfe, 0xf6, 0xf9, 0xfd, 0xe3, 0xec, 0xf5, 0x5e, 0x7e, 0xae, 0x11, 0x4a,
    0x97, 0x19, 0x52, 0xa0, 0x1c, 0x58, 0xa6, 0x1f, 0x5e, 0xad, 0x22, 0x63, 0xb3, 0x26, 0x67, 0xb8,
    0x29, 0x6b, 0xbd, 0x2c, 0x6f, 0xc1, 0x2d, 0x71, 0xc3, 0x2e, 0x73, 0xc5, 0x2f, 0x75, 0xc6, 0x30,
    0x76, 0xc7, 0x30, 0x77, 0xc9, 0x31, 0x78, 0xca, 0x32, 0x7a, 0xca, 0x32, 0x7b, 0xcc, 0x33, 0x7d,
    0xcd, 0x34, 0x7e, 0xce, 0x36, 0x7e, 0xce, 0x36, 0x7f, 0xcf, 0x36, 0x80, 0xd1, 0x3b, 0x82, 0xd1,
    0x40, 0x81, 0xc8, 0x27, 0x56, 0x8c, 0x0f, 0x31, 0x61, 0x10, 0x32, 0x62, 0x10, 0x34, 0x66, 0x11,
    0x35, 0x67, 0x13, 0x37, 0x69, 0x14, 0x38, 0x6c, 0x15, 0x39, 0x6f, 0x25, 0x46, 0x75, 0x0f, 0x1f,
    0x3c, 0x02, 0x0f, 0x27, 0x01, 0x10, 0x2a, 0x01, 0x0f, 0x29, 0x02, 0x10, 0x2a, 0x01, 0x0f, 0x29,
    0x02, 0x10, 0x2a, 0x02, 0x10, 0x2a, 0x01, 0x0f, 0x29, 0x01, 0x0f, 0x29, 0x02, 0x0f, 0x29, 0x02,
    0x10, 0x29, 0x01, 0x10, 0x29, 0x01, 0x0d, 0x26, 0x2c, 0x33, 0x41, 0xd3, 0xd4, 0xd7, 0xff, 0xfd,
    0xfe, 0x93, 0x95, 0x9b, 0x07, 0x0f, 0x25, 0x3c, 0x41, 0x52, 0xe2, 0xe2, 0xe5, 0xfb, 0xfa, 0xfd,
    0x86, 0x8a, 0x93, 0x06, 0x0f, 0x27, 0x01, 0x0e, 0x28, 0x03, 0x0e, 0x27, 0x02, 0x0e, 0x28, 0x02,
    0x0f, 0x28, 0x04, 0x10, 0x27, 0x03, 0x0f, 0x28, 0x03, 0x0f, 0x29, 0x03, 0x0f, 0x28, 0x01, 0x0e,
    0x27, 0x15, 0x1e, 0x30, 0xc6, 0xc8, 0xcd, 0xea, 0xea, 0xec, 0x6d, 0x6f, 0x77, 0xe7, 0xe7, 0xeb,
    0xb0, 0xb2, 0xbb, 0x0a, 0x17, 0x2f, 0x02, 0x11, 0x29, 0x03, 0x11, 0x2c, 0x0a, 0x15, 0x2c, 0xa7,
    0xaa, 0xb1, 0xef, 0xee, 0xf2, 0x73, 0x75, 0x7f, 0xe1, 0xe2, 0xe5, 0xca, 0xcb, 0xd2, 0x19, 0x23,
    0x39, 0x03, 0x10, 0x29, 0x04, 0x10, 0x29, 0x01, 0x0d, 0x22, 0x7f, 0x83, 0x8a, 0xfb, 0xfb, 0xfd,
    0x84, 0x88, 0x92, 0x02, 0x0c, 0x20, 0x2b, 0x32, 0x41, 0xe2, 0xe3, 0xe6, 0xcf, 0xd0, 0xd6, 0x1b,
    0x25, 0x39, 0x02, 0x0f, 0x28, 0x01, 0x10, 0x29, 0x02, 0x0e, 0x25, 0x1b, 0x25, 0x35, 0xd2, 0xd3,
    0xd7, 0xe5, 0xe6, 0xea, 0x2f, 0x38, 0x48, 0x33, 0x3c, 0x4b, 0xea, 0xea, 0xeb, 0xd7, 0xd8, 0xdd,
    0x20, 0x2b, 0x3f, 0x01, 0x11, 0x2c, 0x03, 0x11, 0x2c, 0x03, 0x10, 0x2a, 0x03, 0x0e, 0x27, 0x15,
    0x1a, 0x2d, 0xc2, 0xc3, 0xc8, 0xf3, 0xf3, 0xf5, 0x4b, 0x51, 0x5e, 0x19, 0x22, 0x32, 0xce, 0xd0,
    0xd3, 0xec, 0xec, 0xee, 0x3b, 0x42, 0x52, 0x00, 0x0e, 0x27, 0x01, 0x10, 0x2a, 0x02, 0x0f, 0x2a,
    0x01, 0x10, 0x2a, 0x09, 0x12, 0x29, 0xa7, 0xa9, 0xb2, 0xfb, 0xfc, 0xfd, 0x6a, 0x70, 0x7e, 0x01,
    0x0c, 0x23, 0x2a, 0x30, 0x3f, 0xdf, 0xdf, 0xe3, 0xb8, 0xba, 0xc1, 0x3e, 0x44, 0x50, 0xe5, 0xe5,
    0xe9, 0x9d, 0xa0, 0xa8, 0x05, 0x0e, 0x23, 0x26, 0x2c, 0x3d, 0xdd, 0xde, 0xe2, 0xb3, 0xb6, 0xbb,
    0x4f, 0x53, 0x5f, 0xed, 0xee, 0xf2, 0x9b, 0x9f, 0xa9, 0x09, 0x13, 0x29, 0x05, 0x11, 0x2a, 0x01,
    0x10, 0x29, 0x00, 0x0a, 0x23, 0x07, 0x11, 0x27, 0x22, 0x2b, 0x3e, 0x46, 0x4c, 0x5c, 0x7d, 0x80,
    0x8b, 0xda, 0xd9, 0xdd, 0xf1, 0xf1, 0xf3, 0x5a, 0x62, 0x71, 0x00, 0x0e, 0x26, 0x03, 0x11, 0x2a,
    0x02, 0x11, 0x2b, 0x02, 0x10, 0x2a, 0x0c, 0x17, 0x2e, 0x5a, 0x61, 0x74, 0x65, 0x6b, 0x7d, 0x16,
    0x20, 0x36, 0x00, 0x0e, 0x28, 0x02, 0x0f, 0x29, 0x03, 0x0e, 0x29, 0x02, 0x0f, 0x27, 0x01, 0x0b,
    0x24, 0x3e, 0x45, 0x5a, 0xc0, 0xc5, 0xd3, 0x99, 0x9e, 0xaf, 0x11, 0x1c, 0x34, 0x88, 0x8d, 0x9c,
    0xc3, 0xc8, 0xd4, 0x4a, 0x52, 0x63, 0x12, 0x1e, 0x34, 0x14, 0x1f, 0x36, 0x13, 0x1d, 0x33, 0x13,
    0x1c, 0x32, 0x11, 0x1a, 0x30, 0x10, 0x18, 0x2e, 0x0f, 0x19, 0x30, 0x04, 0x0e, 0x28, 0x3c, 0x44,
    0x59, 0xc0, 0xc4, 0xd1, 0x84, 0x89, 0x98, 0x07, 0x10, 0x26, 0x02, 0x0e, 0x27, 0x02, 0x0d, 0x26,
    0x02, 0x0e, 0x27, 0x01, 0x0f, 0x28, 0x01, 0x0d, 0x25, 0x57, 0x60, 0x72, 0xc5, 0xcc, 0xdb, 0x64,
    0x6b, 0x7d, 0x20, 0x29, 0x3c, 0xac, 0xb3, 0xc1, 0x95, 0x9a, 0xa9, 0x11, 0x1b, 0x32, 0x01, 0x0c,
    0x25, 0x46, 0x4d, 0x5f, 0xc1, 0xc7, 0xd4, 0x82, 0x88, 0x98, 0x15, 0x1e, 0x34, 0x13, 0x1f, 0x38,
    0x13, 0x1e, 0x36, 0x13, 0x1d, 0x34, 0x13, 0x1c, 0x32, 0x10, 0x1a, 0x2d, 0x11, 0x1a, 0x2e, 0x09,
    0x13, 0x2a, 0x18, 0x21, 0x37, 0xa5, 0xab, 0xb8, 0xaa, 0xb0, 0xbd, 0x1c, 0x26, 0x3b, 0x01, 0x0e,
    0x28, 0x03, 0x0f, 0x28, 0x03, 0x0f, 0x27, 0x02, 0x0f, 0x28, 0x03, 0x0f, 0x29, 0x03, 0x0f, 0x29,
    0x02, 0x10, 0x2a, 0x01, 0x0e, 0x28, 0x22, 0x31, 0x4d, 0x5c, 0x7e, 0xa8, 0x47, 0x6c, 0x9c, 0x44,
    0x68, 0x98, 0x3f, 0x64, 0x93, 0x3c, 0x60, 0x90, 0x39, 0x5c, 0x8b, 0x35, 0x56, 0x84, 0x4c, 0x77,
    0xa4, 0x62, 0xa9, 0xe2, 0x5a, 0xa1, 0xe2, 0x57, 0x9f, 0xdf, 0x55, 0x9c, 0xde, 0x52, 0x99, 0xdc,
    0x4f, 0x96, 0xda, 0x4d, 0x94, 0xd8, 0x4b, 0x91, 0xd6, 0x49, 0x8f, 0xd5, 0x46, 0x8c, 0xd2, 0x43,
    0x89, 0xd1, 0x40, 0x85, 0xd0, 0x3d, 0x82, 0xcd, 0x3b, 0x80, 0xcb, 0x39, 0x7d, 0xc8, 0x35, 0x78,
    0xc5, 0x32, 0x74, 0xc2, 0x2e, 0x70, 0xbd, 0x2c, 0x6c, 0xb9, 0x2a, 0x68, 0xb6, 0x27, 0x63, 0xb1,
    0x20, 0x5c, 0xa7, 0x41, 0x6e, 0xa9, 0xb0, 0xc6, 0xe0, 0xd8, 0xe2, 0xef, 0xf3, 0xf8, 0xfb, 0xf9,
    0xfb, 0xfd, 0xf7, 0xfa, 0xfe, 0xf6, 0xf9, 0xfd, 0xf5, 0xf8, 0xfe, 0xf4, 0xf8, 0xfd, 0xf5, 0xf9,
    0xfb, 0xeb, 0xf1, 0xf8, 0xc5, 0xd4, 0xe8, 0xab, 0xc1, 0xde, 0x3e, 0x63, 0x99, 0x12, 0x3e, 0x82,
    0x15, 0x43, 0x86, 0x18, 0x46, 0x8a, 0x19, 0x48, 0x8d, 0x1c, 0x4b, 0x8f, 0x1e, 0x4d, 0x90, 0x21,
    0x50, 0x92, 0x22, 0x52, 0x95, 0x23, 0x54, 0x97, 0x24, 0x55, 0x97, 0x24, 0x56, 0x98, 0x25, 0x56,
    0x99, 0x25, 0x57, 0x9a, 0x26, 0x57, 0x99, 0x26, 0x58, 0x9a, 0x27, 0x59, 0x9c, 0x28, 0x5a, 0x9d,
    0x27, 0x5b, 0x9b, 0x27, 0x5b, 0x9c, 0x29, 0x5c, 0x9b, 0x27, 0x57, 0x90, 0x19, 0x41, 0x75, 0x0d,
    0x30, 0x64, 0x0f, 0x31, 0x64, 0x10, 0x32, 0x65, 0x10, 0x33, 0x65, 0x11, 0x35, 0x67, 0x12, 0x36,
    0x68, 0x14, 0x38, 0x6c, 0x15, 0x39, 0x6e, 0x24, 0x45, 0x75, 0x0f, 0x1f, 0x3c, 0x01, 0x0f, 0x27,
    0x01, 0x10, 0x2a, 0x01, 0x0f, 0x29, 0x02, 0x10, 0x2a, 0x02, 0x10, 0x2a, 0x02, 0x10, 0x2a, 0x02,
    0x10, 0x2a, 0x02, 0x10, 0x2a, 0x01, 0x0f, 0x29, 0x02, 0x0f, 0x2a, 0x02, 0x10, 0x29, 0x02, 0x10,
    0x27, 0x0d, 0x16, 0x2a, 0xa0, 0xa2, 0xa9, 0xfe, 0xfe, 0xff, 0xd1, 0xd1, 0xd6, 0x28, 0x30, 0x41,
    0x01, 0x0f, 0x29, 0x04, 0x0f, 0x27, 0x7b, 0x7f, 0x88, 0xf9, 0xf8, 0xfb, 0xe9, 0xe8, 0xed, 0x4b,
    0x50, 0x5d, 0x00, 0x0b, 0x23, 0x03, 0x0e, 0x27, 0x02, 0x0e, 0x27, 0x02, 0x0f, 0x28, 0x04, 0x0f,
    0x27, 0x03, 0x0f, 0x28, 0x03, 0x0f, 0x29, 0x02, 0x0f, 0x28, 0x02, 0x0e, 0x27, 0x04, 0x0e, 0x23,
    0x91, 0x95, 0x9e, 0xf8, 0xf8, 0xfa, 0xc4, 0xc4, 0xc9, 0xf3, 0xf4, 0xf8, 0x78, 0x7d, 0x88, 0x00,
    0x0d, 0x24, 0x02, 0x10, 0x28, 0x03, 0x11, 0x2c, 0x02, 0x0d, 0x27, 0x6d, 0x72, 0x7c, 0xf6, 0xf6,
    0xf8, 0xca, 0xca, 0xce, 0xf4, 0xf5, 0xf7, 0x95, 0x99, 0xa3, 0x04, 0x11, 0x29, 0x03, 0x10, 0x2b,
    0x03, 0x10, 0x29, 0x00, 0x0c, 0x21, 0x7f, 0x83, 0x89, 0xfb, 0xfb, 0xfd, 0x83, 0x87, 0x90, 0x02,
    0x0b, 0x1f, 0x2b, 0x32, 0x41, 0xe2, 0xe3, 0xe7, 0xcf, 0xd1, 0xd7, 0x1b, 0x25, 0x39, 0x02, 0x0f,
    0x28, 0x01, 0x10, 0x28, 0x01, 0x0e, 0x24, 0x1a, 0x24, 0x35, 0xd2, 0xd3, 0xd7, 0xe5, 0xe6, 0xea,
    0x2f, 0x38, 0x48, 0x17, 0x20, 0x32, 0xc8, 0xca, 0xce, 0xf4, 0xf4, 0xf6, 0x57, 0x5d, 0x6a, 0x00,
    0x0d, 0x24, 0x02, 0x11, 0x2b, 0x02, 0x11, 0x2b, 0x00, 0x0b, 0x22, 0x46, 0x4b, 0x58, 0xe9, 0xe9,
    0xec, 0xf2, 0xf2, 0xf3, 0x4d, 0x54, 0x62, 0x09, 0x14, 0x27, 0xa3, 0xa6, 0xad, 0xfc, 0xfc, 0xfe,
    0x7c, 0x80, 0x8b, 0x02, 0x0e, 0x23, 0x01, 0x0f, 0x2a, 0x01, 0x0f, 0x29, 0x00, 0x0c, 0x24, 0x2a,
    0x32, 0x42, 0xd7, 0xda, 0xde, 0xe9, 0xeb, 0xee, 0x3c, 0x45, 0x56, 0x03, 0x0f, 0x26, 0x0b, 0x13,
    0x27, 0xab, 0xae, 0xb4, 0xe2, 0xe1, 0xe4, 0x94, 0x95, 0x9b, 0xef, 0xef, 0xf3, 0x5c, 0x62, 0x6f,
    0x00, 0x0b, 0x22, 0x0a, 0x12, 0x27, 0xab, 0xae, 0xb5, 0xe2, 0xe2, 0xe4, 0xa5, 0xa5, 0xaa, 0xf2,
    0xf3, 0xf7, 0x5e, 0x65, 0x74, 0x02, 0x0e, 0x26, 0x04, 0x10, 0x27, 0x26, 0x2f, 0x42, 0x48, 0x4c,
    0x5c, 0x16, 0x1f, 0x33, 0x01, 0x0d, 0x26, 0x01, 0x0d, 0x26, 0x01, 0x0b, 0x22, 0x6b, 0x70, 0x7a,
    0xf7, 0xf6, 0xf7, 0x87, 0x8c, 0x9a, 0x02, 0x10, 0x2a, 0x04, 0x11, 0x2c, 0x03, 0x11, 0x2b, 0x02,
    0x10, 0x2a, 0x0e, 0x18, 0x2e, 0x9b, 0xa0, 0xaf, 0xc2, 0xc7, 0xd5, 0x49, 0x51, 0x65, 0x00, 0x0c,
    0x24, 0x01, 0x0f, 0x29, 0x01, 0x0f, 0x2a, 0x01, 0x0f, 0x27, 0x00, 0x0c, 0x23, 0x4d, 0x55, 0x68,
    0xc3, 0xca, 0xd6, 0x8a, 0x90, 0xa0, 0x06, 0x12, 0x29, 0x64, 0x6b, 0x7d, 0xc7, 0xcc, 0xda, 0x67,
    0x6f, 0x81, 0x02, 0x0e, 0x26, 0x02, 0x0f, 0x29, 0x01, 0x0e, 0x28, 0x00, 0x0b, 0x24, 0x14, 0x1d,
    0x33, 0x36, 0x40, 0x56, 0x1b, 0x26, 0x3e, 0x01, 0x0d, 0x27, 0x3c, 0x43, 0x57, 0xc0, 0xc4, 0xcf,
    0x84, 0x89, 0x97, 0x06, 0x10, 0x27, 0x01, 0x0f, 0x28, 0x02, 0x0e, 0x27, 0x02, 0x0e, 0x28, 0x02,
    0x0f, 0x28, 0x00, 0x0d, 0x25, 0x21, 0x2b, 0x40, 0xaf, 0xb5, 0xc6, 0x96, 0x9d, 0xac, 0x5d, 0x64,
    0x74, 0xbc, 0xc3, 0xcf, 0x5a, 0x63, 0x74, 0x00, 0x0d, 0x27, 0x01, 0x0d, 0x26, 0x2a, 0x31, 0x45,
    0xb3, 0xb9, 0xc7, 0x9c, 0xa2, 0xb0, 0x14, 0x1d, 0x32, 0x00, 0x0d, 0x27, 0x02, 0x0f, 0x29, 0x02,
    0x0e, 0x28, 0x07, 0x11, 0x27, 0x34, 0x3d, 0x50, 0x2d, 0x37, 0x4c, 0x08, 0x14, 0x2d, 0x17, 0x20,
    0x37, 0xa6, 0xab, 0xb9, 0xab, 0xb1, 0xbe, 0x1b, 0x26, 0x3b, 0x01, 0x0f, 0x26, 0x03, 0x0f, 0x28,
    0x03, 0x0f, 0x28, 0x02, 0x0f, 0x29, 0x02, 0x0f, 0x29, 0x03, 0x0f, 0x29, 0x02, 0x10, 0x2a, 0x01,
    0x0e, 0x28, 0x22, 0x31, 0x4d, 0x5b, 0x7d, 0xa7, 0x46, 0x6b, 0x9c, 0x43, 0x68, 0x97, 0x3e, 0x63,
    0x93, 0x3b, 0x5f, 0x8f, 0x38, 0x5b, 0x8a, 0x34, 0x55, 0x83, 0x49, 0x75, 0xa2, 0x62, 0xa8, 0xe2,
    0x5a, 0xa0, 0xe1, 0x56, 0x9f, 0xdf, 0x54, 0x9c, 0xdf, 0x52, 0x98, 0xdc, 0x4f, 0x95, 0xda, 0x4c,
    0x92, 0xd8, 0x4a, 0x90, 0xd6, 0x48, 0x8e, 0xd4, 0x45, 0x8b, 0xd3, 0x42, 0x88, 0xd1, 0x3f, 0x84,
    0xcf, 0x3d, 0x82, 0xcd, 0x3b, 0x7f, 0xca, 0x38, 0x7c, 0xc7, 0x35, 0x78, 0xc4, 0x32, 0x74, 0xc1,
    0x2e, 0x6f, 0xbc, 0x2c, 0x6c, 0xb9, 0x2a, 0x68, 0xb5, 0x24, 0x62, 0xb0, 0x38, 0x6b, 0xad, 0xa8,
    0xc1, 0xdc, 0xd3, 0xe1, 0xf0, 0xcb, 0xd8, 0xec, 0xd8, 0xe3, 0xef, 0xf3, 0xf8, 0xfd, 0xf7, 0xf9,
    0xfd, 0xf4, 0xf8, 0xfc, 0xf4, 0xf8, 0xfd, 0xf4, 0xf7, 0xfc, 0xee, 0xf4, 0xfa, 0xc7, 0xd4, 0xe6,
    0xb6, 0xc9, 0xe2, 0xc3, 0xd4, 0xea, 0xa2, 0xb4, 0xcf, 0x21, 0x43, 0x79, 0x02, 0x2c, 0x6d, 0x05,
    0x2f, 0x71, 0x06, 0x30, 0x74, 0x06, 0x31, 0x76, 0x07, 0x32, 0x7a, 0x07, 0x33, 0x7b, 0x07, 0x34,
    0x7d, 0x08, 0x36, 0x7e, 0x08, 0x36, 0x80, 0x08, 0x37, 0x81, 0x08, 0x38, 0x83, 0x09, 0x39, 0x84,
    0x09, 0x3a, 0x84, 0x09, 0x3a, 0x85, 0x0a, 0x3b, 0x87, 0x0b, 0x3c, 0x89, 0x0a, 0x3d, 0x88, 0x0b,
    0x3d, 0x89, 0x0c, 0x3f, 0x8b, 0x0f, 0x43, 0x8d, 0x12, 0x42, 0x86, 0x0f, 0x34, 0x6d, 0x0e, 0x31,
    0x62, 0x0f, 0x32, 0x64, 0x0f, 0x33, 0x65, 0x11, 0x35, 0x67, 0x12, 0x36, 0x68, 0x14, 0x38, 0x6c,
    0x15, 0x39, 0x6e, 0x24, 0x45, 0x74, 0x0f, 0x1f, 0x3c, 0x02, 0x0f, 0x27, 0x01, 0x10, 0x2a, 0x01,
    0x10, 0x2a, 0x02, 0x10, 0x2a, 0x02, 0x10, 0x2a, 0x02, 0x10, 0x2a, 0x02, 0x10, 0x2a, 0x01, 0x0f,
    0x29, 0x02, 0x0f, 0x2a, 0x01, 0x10, 0x29, 0x01, 0x10, 0x29, 0x03, 0x0d, 0x24, 0x64, 0x68, 0x73,
    0xf3, 0xf2, 0xf5, 0xf2, 0xf3, 0xf4, 0x5f, 0x65, 0x72, 0x01, 0x0f, 0x29, 0x02, 0x12, 0x2d, 0x01,
    0x10, 0x2b, 0x18, 0x21, 0x36, 0xbd, 0xbf, 0xc5, 0xfd, 0xfc, 0xfe, 0xc0, 0xc2, 0xc7, 0x1c, 0x24,
    0x37, 0x00, 0x0e, 0x27, 0x02, 0x0f, 0x27, 0x03, 0x0f, 0x28, 0x03, 0x0f, 0x28, 0x03, 0x0f, 0x28,
    0x02, 0x0f, 0x29, 0x02, 0x0f, 0x28, 0x03, 0x0e, 0x27, 0x01, 0x0b, 0x23, 0x5a, 0x60, 0x6c, 0xf6,
    0xf7, 0xf8, 0xf7, 0xf8, 0xfa, 0xeb, 0xed, 0xf1, 0x44, 0x4a, 0x58, 0x00, 0x0c, 0x25, 0x03, 0x0f,
    0x28, 0x02, 0x0f, 0x29, 0x01, 0x0c, 0x25, 0x39, 0x3e, 0x4c, 0xe8, 0xe8, 0xeb, 0xf9, 0xf8, 0xfa,
    0xf4, 0xf5, 0xf8, 0x5c, 0x62, 0x70, 0x00, 0x0e, 0x27, 0x03, 0x11, 0x2b, 0x03, 0x10, 0x29, 0x00,
    0x0b, 0x21, 0x80, 0x83, 0x8a, 0xfc, 0xfb, 0xfe, 0x80, 0x85, 0x8f, 0x01, 0x0b, 0x20, 0x2c, 0x34,
    0x42, 0xe3, 0xe4, 0xe7, 0xcf, 0xd1, 0xd7, 0x1a, 0x24, 0x39, 0x02, 0x0f, 0x28, 0x02, 0x10, 0x28,
    0x02, 0x0d, 0x25, 0x1b, 0x24, 0x35, 0xd3, 0xd3, 0xd8, 0xe5, 0xe6, 0xea, 0x2f, 0x38, 0x49, 0x02,
    0x0f, 0x25, 0x77, 0x7c, 0x85, 0xfa, 0xfa, 0xfa, 0xcc, 0xcc, 0xd0, 0x3f, 0x47, 0x56, 0x0a, 0x16,
    0x2d, 0x0a, 0x15, 0x2c, 0x38, 0x3e, 0x4d, 0xc2, 0xc4, 0xc8, 0xfb, 0xf9, 0xf9, 0xf1, 0xf1, 0xf2,
    0x4c, 0x54, 0x64, 0x00, 0x0d, 0x25, 0x4c, 0x53, 0x60, 0xed, 0xee, 0xef, 0xe1, 0xe0, 0xe3, 0x55,
    0x5b, 0x66, 0x0d, 0x18, 0x2e, 0x06, 0x11, 0x29, 0x26, 0x2c, 0x3d, 0xa5, 0xa6, 0xad, 0xfb, 0xfb,
    0xfc, 0xa6, 0xa8, 0xaf, 0x0e, 0x18, 0x2e, 0x04, 0x10, 0x28, 0x02, 0x0b, 0x22, 0x6c, 0x71, 0x7a,
    0xf4, 0xf3, 0xf4, 0xe9, 0xe9, 0xec, 0xd9, 0xdb, 0xe1, 0x28, 0x33, 0x45, 0x03, 0x0f, 0x27, 0x02,
    0x0c, 0x25, 0x6b, 0x70, 0x7c, 0xf3, 0xf4, 0xf7, 0xee, 0xed, 0xf1, 0xdd, 0xde, 0xe3, 0x2b, 0x32,
    0x43, 0x01, 0x0d, 0x22, 0x01, 0x0c, 0x21, 0x7a, 0x7e, 0x8a, 0xf1, 0xf0, 0xf4, 0x83, 0x87, 0x93,
    0x12, 0x1b, 0x32, 0x04, 0x10, 0x27, 0x0c, 0x15, 0x2c, 0x84, 0x88, 0x91, 0xf8, 0xf7, 0xfa, 0x7a,
    0x7f, 0x8d, 0x01, 0x10, 0x29, 0x03, 0x11, 0x2a, 0x02, 0x10, 0x2a, 0x01, 0x10, 0x2a, 0x03, 0x0e,
    0x24, 0x61, 0x66, 0x77, 0xc5, 0xca, 0xd8, 0xa7, 0xac, 0xba, 0x3f, 0x46, 0x57, 0x0f, 0x19, 0x2f,
    0x07, 0x13, 0x2b, 0x0d, 0x18, 0x30, 0x34, 0x3c, 0x4f, 0xa0, 0xa5, 0xb3, 0xc6, 0xcc, 0xd8, 0x57,
    0x5e, 0x70, 0x00, 0x0d, 0x25, 0x2b, 0x33, 0x48, 0xb2, 0xb8, 0xc7, 0xb0, 0xb5, 0xc4, 0x3d, 0x43,
    0x56, 0x07, 0x11, 0x27, 0x02, 0x0e, 0x25, 0x14, 0x1d, 0x31, 0x76, 0x7c, 0x8c, 0xb9, 0xbf, 0xce,
    0x55, 0x5e, 0x71, 0x00, 0x0b, 0x23, 0x3b, 0x41, 0x54, 0xbe, 0xc1, 0xcc, 0x83, 0x88, 0x97, 0x06,
    0x11, 0x29, 0x01, 0x0f, 0x29, 0x02, 0x0f, 0x29, 0x02, 0x0f, 0x29, 0x03, 0x0e, 0x28, 0x02, 0x0e,
    0x26, 0x06, 0x0f, 0x27, 0x7f, 0x85, 0x96, 0xba, 0xc1, 0xcf, 0xab, 0xb2, 0xbf, 0xb1, 0xb7, 0xc5,
    0x26, 0x30, 0x44, 0x00, 0x0d, 0x27, 0x00, 0x0f, 0x29, 0x09, 0x14, 0x2b, 0x80, 0x86, 0x96, 0xc1,
    0xc5, 0xd1, 0x6a, 0x6f, 0x7f, 0x11, 0x1a, 0x2f, 0x04, 0x10, 0x29, 0x0a, 0x14, 0x2c, 0x4b, 0x51,
    0x62, 0xb3, 0xb7, 0xc4, 0x90, 0x97, 0xa9, 0x11, 0x1c, 0x34, 0x17, 0x20, 0x36, 0xa7, 0xac, 0xb9,
    0xac, 0xb2, 0xbf, 0x1b, 0x26, 0x3a, 0x01, 0x0e, 0x26, 0x03, 0x0f, 0x28, 0x03, 0x0f, 0x29, 0x02,
    0x0f, 0x29, 0x02, 0x0f, 0x29, 0x03, 0x0f, 0x29, 0x03, 0x10, 0x28, 0x01, 0x0e, 0x26, 0x21, 0x31,
    0x4c, 0x5b, 0x7d, 0xa7, 0x45, 0x6a, 0x9c, 0x42, 0x67, 0x96, 0x3e, 0x62, 0x92, 0x3a, 0x5e, 0x8e,
    0x37, 0x5a, 0x88, 0x32, 0x53, 0x81, 0x47, 0x73, 0xa1, 0x61, 0xa7, 0xe1, 0x58, 0xa0, 0xe1, 0x56,
    0x9e, 0xdf, 0x53, 0x9b, 0xde, 0x4f, 0x98, 0xdc, 0x4d, 0x95, 0xd9, 0x4b, 0x92, 0xd7, 0x49, 0x8f,
    0xd5, 0x47, 0x8c, 0xd4, 0x44, 0x8a, 0xd2, 0x41, 0x86, 0xd0, 0x3e, 0x83, 0xce, 0x3b, 0x80, 0xcc,
    0x39, 0x7d, 0xc8, 0x36, 0x7a, 0xc5, 0x34, 0x76, 0xc2, 0x31, 0x72, 0xc0, 0x2d, 0x6e, 0xbb, 0x2b,
    0x6a, 0xb7, 0x28, 0x65, 0xb4, 0x32, 0x69, 0xb0, 0x9b, 0xb9, 0xd9, 0xd9, 0xe5, 0xf5, 0xd2, 0xe1,
    0xf0, 0xcf, 0xdd, 0xef, 0xc9, 0xd8, 0xed, 0xdd, 0xe5, 0xf2, 0xf5, 0xf8, 0xfc, 0xf5, 0xf8, 0xfc,
    0xf4, 0xf7, 0xfd, 0xf1, 0xf6, 0xfb, 0xcd, 0xd8, 0xe9, 0xb3, 0xc6, 0xdf, 0xbb, 0xcd, 0xe6, 0xc4,
    0xd5, 0xea, 0xcc, 0xdc, 0xf1, 0x90, 0xa7, 0xc7, 0x17, 0x3e, 0x7e, 0x06, 0x34, 0x7d, 0x08, 0x38,
    0x82, 0x0a, 0x3b, 0x86, 0x0a, 0x3c, 0x89, 0x0a, 0x3d, 0x8c, 0x0b, 0x3f, 0x8e, 0x0c, 0x41, 0x91,
    0x0c, 0x42, 0x93, 0x0d, 0x43, 0x95, 0x0d, 0x44, 0x97, 0x0e, 0x45, 0x98, 0x0f, 0x47, 0x99, 0x0f,
    0x48, 0x9b, 0x10, 0x49, 0x9c, 0x11, 0x4a, 0x9e, 0x11, 0x4c, 0x9f, 0x12, 0x4c, 0x9f, 0x13, 0x4d,
    0xa1, 0x14, 0x51, 0xa4, 0x19, 0x56, 0xa9, 0x1c, 0x4d, 0x93, 0x0e, 0x32, 0x64, 0x0f, 0x31, 0x64,
    0x10, 0x33, 0x64, 0x11, 0x35, 0x67, 0x12, 0x36, 0x69, 0x13, 0x38, 0x6c, 0x14, 0x39, 0x6e, 0x22,
    0x45, 0x75, 0x0e, 0x1f, 0x3c, 0x01, 0x0f, 0x28, 0x01, 0x10, 0x29, 0x02, 0x10, 0x2a, 0x02, 0x10,
    0x2a, 0x02, 0x10, 0x2a, 0x02, 0x10, 0x2a, 0x02, 0x10, 0x2a, 0x02, 0x10, 0x2a, 0x02, 0x0f, 0x2a,
    0x01, 0x10, 0x29, 0x00, 0x0e, 0x27, 0x2f, 0x35, 0x47, 0xda, 0xdb, 0xdd, 0xff, 0xff, 0xff, 0xa2,
    0xa5, 0xac, 0x0c, 0x16, 0x2d, 0x01, 0x11, 0x2b, 0x02, 0x11, 0x2c, 0x02, 0x11, 0x2c, 0x00, 0x0d,
    0x26, 0x49, 0x50, 0x5e, 0xea, 0xe9, 0xec, 0xfd, 0xfb, 0xfc, 0x8a, 0x8d, 0x97, 0x07, 0x13, 0x2a,
    0x00, 0x10, 0x29, 0x01, 0x10, 0x28, 0x02, 0x0f, 0x28, 0x03, 0x0f, 0x29, 0x02, 0x0f, 0x29, 0x01,
    0x0f, 0x28, 0x03, 0x0f, 0x27, 0x01, 0x0e, 0x26, 0x2b, 0x33, 0x44, 0xe1, 0xe3, 0xe6, 0xff, 0xff,
    0xff, 0xd2, 0xd4, 0xd7, 0x1d, 0x25, 0x37, 0x02, 0x0e, 0x27, 0x02, 0x0f, 0x2a, 0x02, 0x10, 0x29,
    0x02, 0x0e, 0x26, 0x15, 0x1c, 0x2f, 0xc5, 0xc6, 0xcb, 0xff, 0xff, 0xfe, 0xe3, 0xe5, 0xe8, 0x2f,
    0x38, 0x49, 0x01, 0x0f, 0x27, 0x02, 0x10, 0x28, 0x03, 0x0f, 0x27, 0x01, 0x0b, 0x22, 0x81, 0x83,
    0x8c, 0xff, 0xfe, 0xff, 0x82, 0x86, 0x90, 0x01, 0x0b, 0x20, 0x2c, 0x35, 0x44, 0xe6, 0xe7, 0xe8,
    0xd1, 0xd3, 0xd7, 0x1a, 0x24, 0x37, 0x02, 0x0f, 0x28, 0x02, 0x10, 0x28, 0x01, 0x0e, 0x27, 0x1d,
    0x24, 0x35, 0xd6, 0xd6, 0xda, 0xe7, 0xe8, 0xea, 0x2e, 0x36, 0x4a, 0x00, 0x0e, 0x26, 0x18, 0x21,
    0x34, 0xa6, 0xa9, 0xb0, 0xfb, 0xfa, 0xfa, 0xe8, 0xe9, 0xeb, 0xb5, 0xb9, 0xc0, 0xb6, 0xb8, 0xbe,
    0xe4, 0xe4, 0xe7, 0xce, 0xcf, 0xd1, 0xd1, 0xd1, 0xd2, 0xf5, 0xf6, 0xf7, 0x4b, 0x52, 0x61, 0x00,
    0x0d, 0x25, 0x08, 0x13, 0x27, 0x7a, 0x7f, 0x88, 0xf0, 0xf1, 0xf2, 0xef, 0xf0, 0xf1, 0xbe, 0xbf,
    0xc6, 0xb1, 0xb2, 0xb9, 0xda, 0xda, 0xde, 0xfb, 0xfb, 0xfc, 0xc0, 0xc2, 0xc7, 0x2c, 0x34, 0x44,
    0x02, 0x0d, 0x23, 0x03, 0x0f, 0x27, 0x00, 0x0c, 0x24, 0x34, 0x3c, 0x4a, 0xe8, 0xe8, 0xe8, 0xff,
    0xfe, 0xff, 0xab, 0xb0, 0xb8, 0x0a, 0x17, 0x2e, 0x03, 0x11, 0x29, 0x00, 0x0d, 0x27, 0x32, 0x39,
    0x49, 0xe6, 0xe6, 0xe9, 0xff, 0xff, 0xff, 0xb0, 0xb3, 0xb9, 0x0b, 0x15, 0x27, 0x02, 0x0e, 0x21,
    0x00, 0x0c, 0x23, 0x34, 0x3c, 0x4d, 0xd7, 0xd9, 0xdd, 0xf7, 0xf6, 0xf8, 0xbc, 0xbe, 0xc5, 0x9b,
    0x9d, 0xa7, 0xb6, 0xb7, 0xbe, 0xf0, 0xf0, 0xf1, 0xd2, 0xd4, 0xd7, 0x30, 0x39, 0x4b, 0x01, 0x0f,
    0x28, 0x02, 0x11, 0x29, 0x01, 0x10, 0x2a, 0x02, 0x10, 0x29, 0x02, 0x0e, 0x25, 0x14, 0x1d, 0x32,
    0x87, 0x8c, 0x9a, 0xc7, 0xcb, 0xd6, 0xbe, 0xc2, 0xce, 0x9d, 0xa1, 0xb0, 0x8e, 0x94, 0xa3, 0x9b,
    0xa1, 0xaf, 0xba, 0xbf, 0xcc, 0xc7, 0xcc, 0xd9, 0x89, 0x90, 0x9e, 0x13, 0x1e, 0x34, 0x02, 0x10,
    0x29, 0x05, 0x10, 0x26, 0x56, 0x5c, 0x6d, 0xbb, 0xbf, 0xcb, 0xb4, 0xb8, 0xc4, 0x85, 0x89, 0x98,
    0x79, 0x7e, 0x8e, 0x9e, 0xa2, 0xaf, 0xc0, 0xc4, 0xd1, 0x8d, 0x93, 0xa4, 0x17, 0x22, 0x39, 0x00,
    0x0d, 0x25, 0x3a, 0x43, 0x55, 0xc0, 0xc3, 0xcf, 0x84, 0x88, 0x98, 0x06, 0x11, 0x29, 0x02, 0x0f,
    0x2a, 0x02, 0x0f, 0x29, 0x02, 0x0f, 0x29, 0x03, 0x0f, 0x28, 0x02, 0x0f, 0x28, 0x00, 0x0b, 0x22,
    0x43, 0x4a, 0x5c, 0xc0, 0xc5, 0xd2, 0xc7, 0xcc, 0xd8, 0x88, 0x8e, 0x9e, 0x08, 0x13, 0x2b, 0x02,
    0x0f, 0x29, 0x01, 0x10, 0x2a, 0x01, 0x0e, 0x26, 0x25, 0x2e, 0x41, 0x9d, 0xa2, 0xb0, 0xbf, 0xc3,
    0xcf, 0x99, 0x9d, 0xab, 0x7d, 0x82, 0x92, 0x8e, 0x92, 0xa1, 0xb9, 0xbc, 0xc9, 0xae, 0xb2, 0xc0,
    0x3f, 0x47, 0x5c, 0x01, 0x0f, 0x29, 0x17, 0x21, 0x37, 0xa9, 0xad, 0xbb, 0xae, 0xb4, 0xc1, 0x1c,
    0x26, 0x3c, 0x01, 0x0d, 0x27, 0x02, 0x0e, 0x28, 0x02, 0x0e, 0x28, 0x03, 0x0f, 0x29, 0x03, 0x0f,
    0x29, 0x03, 0x0f, 0x29, 0x04, 0x10, 0x28, 0x02, 0x0e, 0x25, 0x21, 0x30, 0x4a, 0x59, 0x7b, 0xa5,
    0x43, 0x69, 0x9a, 0x41, 0x66, 0x95, 0x3d, 0x61, 0x91, 0x39, 0x5d, 0x8c, 0x36, 0x58, 0x86, 0x30,
    0x52, 0x80, 0x46, 0x72, 0xa0, 0x60, 0xa5, 0xe0, 0x56, 0x9f, 0xe0, 0x55, 0x9b, 0xde, 0x51, 0x99,
    0xdc, 0x4e, 0x97, 0xdb, 0x4b, 0x94, 0xd8, 0x4a, 0x90, 0xd6, 0x48, 0x8e, 0xd4, 0x45, 0x8b, 0xd3,
    0x41, 0x88, 0xd0, 0x3e, 0x85, 0xcf, 0x3b, 0x82, 0xcd, 0x39, 0x7f, 0xca, 0x36, 0x7b, 0xc6, 0x34,
    0x79, 0xc4, 0x32, 0x75, 0xc1, 0x30, 0x71, 0xbf, 0x2d, 0x6d, 0xb9, 0x29, 0x69, 0xb5, 0x2c, 0x67,
    0xaf, 0x8c, 0xac, 0xd1, 0xd8, 0xe7, 0xf5, 0xd9, 0xe3, 0xf5, 0xd4, 0xe2, 0xf0, 0xd0, 0xdf, 0xef,
    0xcd, 0xdb, 0xee, 0xca, 0xd7, 0xeb, 0xe1, 0xea, 0xf4, 0xf5, 0xf8, 0xfd, 0xf4, 0xf7, 0xfe, 0xd2,
    0xdf, 0xeb, 0xb1, 0xc5, 0xde, 0xb7, 0xca, 0xe3, 0xc0, 0xd1, 0xe9, 0xc6, 0xd7, 0xec, 0xc9, 0xda,
    0xee, 0xcc, 0xdd, 0xf1, 0x79, 0x93, 0xbc, 0x0f, 0x3c, 0x81, 0x09, 0x3b, 0x86, 0x0b, 0x3e, 0x8c,
    0x0b, 0x3f, 0x8e, 0x0c, 0x41, 0x91, 0x0d, 0x43, 0x94, 0x0d, 0x44, 0x97, 0x0e, 0x46, 0x98, 0x0f,
    0x47, 0x9a, 0x10, 0x49, 0x9c, 0x11, 0x4a, 0x9e, 0x11, 0x4b, 0xa0, 0x12, 0x4d, 0xa2, 0x12, 0x4e,
    0xa2, 0x13, 0x4f, 0xa4, 0x14, 0x51, 0xa5, 0x15, 0x52, 0xa6, 0x16, 0x53, 0xa8, 0x18, 0x56, 0xaa,
    0x18, 0x58, 0xae, 0x22, 0x5c, 0xac, 0x14, 0x3b, 0x72, 0x0e, 0x2f, 0x63, 0x0f, 0x32, 0x65, 0x10,
    0x34, 0x66, 0x12, 0x36, 0x69, 0x14, 0x38, 0x6c, 0x14, 0x39, 0x6e, 0x23, 0x45, 0x75, 0x0e, 0x1e,
    0x3c, 0x02, 0x0f, 0x28, 0x01, 0x0f, 0x29, 0x01, 0x0f, 0x29, 0x01, 0x0f, 0x29, 0x01, 0x0f, 0x29,
    0x01, 0x0f, 0x29, 0x01, 0x0f, 0x29, 0x01, 0x0f, 0x29, 0x01, 0x0f, 0x29, 0x02, 0x10, 0x29, 0x03,
    0x0e, 0x27, 0x64, 0x69, 0x7a, 0xbf, 0xc1, 0xc6, 0xb0, 0xb2, 0xb8, 0x30, 0x37, 0x49, 0x00, 0x0d,
    0x26, 0x01, 0x10, 0x29, 0x02, 0x10, 0x2a, 0x02, 0x10, 0x2b, 0x02, 0x10, 0x2c, 0x09, 0x13, 0x2a,
    0x7a, 0x7f, 0x89, 0xbf, 0xc0, 0xc5, 0xab, 0xad, 0xb5, 0x2a, 0x34, 0x46, 0x00, 0x0e, 0x28, 0x01,
    0x0f, 0x29, 0x02, 0x0e, 0x29, 0x03, 0x0f, 0x29, 0x02, 0x0f, 0x29, 0x01, 0x0f, 0x29, 0x02, 0x10,
    0x28, 0x01, 0x10, 0x29, 0x0d, 0x17, 0x2d, 0x91, 0x94, 0x9f, 0xc1, 0xc1, 0xc7, 0x85, 0x87, 0x91,
    0x09, 0x12, 0x27, 0x02, 0x0f, 0x29, 0x03, 0x0f, 0x29, 0x01, 0x10, 0x29, 0x02, 0x10, 0x28, 0x04,
    0x0f, 0x26, 0x73, 0x77, 0x84, 0xbd, 0xbf, 0xc4, 0x93, 0x97, 0x9f, 0x10, 0x19, 0x2f, 0x02, 0x0f,
    0x27, 0x02, 0x0f, 0x27, 0x03, 0x0f, 0x27, 0x01, 0x0c, 0x24, 0x61, 0x66, 0x72, 0xc0, 0xc2, 0xc8,
    0x63, 0x68, 0x76, 0x02, 0x0b, 0x24, 0x22, 0x2a, 0x3f, 0xaa, 0xac, 0xb3, 0x9b, 0x9e, 0xa5, 0x14,
    0x1d, 0x33, 0x02, 0x0f, 0x29, 0x02, 0x10, 0x28, 0x00, 0x0f, 0x29, 0x17, 0x20, 0x35, 0xa0, 0xa1,
    0xab, 0xac, 0xae, 0xb5, 0x23, 0x2b, 0x41, 0x01, 0x0f, 0x27, 0x02, 0x0d, 0x26, 0x18, 0x20, 0x34,
    0x7c, 0x80, 0x8a, 0xcb, 0xcb, 0xd0, 0xe3, 0xe2, 0xe6, 0xdb, 0xda, 0xdd, 0xa0, 0xa2, 0xa9, 0x32,
    0x38, 0x46, 0x7a, 0x7e, 0x86, 0xb6, 0xb7, 0xbd, 0x38, 0x3e, 0x4f, 0x01, 0x0d, 0x26, 0x01, 0x0f,
    0x28, 0x09, 0x14, 0x2b, 0x57, 0x5e, 0x6d, 0xb5, 0xb6, 0xbd, 0xdf, 0xde, 0xe0, 0xe6, 0xe4, 0xe6,
    0xd0, 0xd0, 0xd4, 0x87, 0x8c, 0x96, 0x23, 0x2d, 0x40, 0x02, 0x0d, 0x25, 0x03, 0x0f, 0x27, 0x02,
    0x0f, 0x27, 0x01, 0x0e, 0x26, 0x10, 0x19, 0x2f, 0x93, 0x97, 0x9f, 0xbc, 0xbd, 0xc4, 0x5a, 0x61,
    0x6f, 0x01, 0x0e, 0x28, 0x03, 0x11, 0x2a, 0x01, 0x0f, 0x29, 0x0e, 0x19, 0x2d, 0x93, 0x96, 0xa0,
    0xbf, 0xbf, 0xc5, 0x61, 0x65, 0x72, 0x02, 0x0d, 0x24, 0x02, 0x10, 0x27, 0x03, 0x10, 0x2a, 0x04,
    0x10, 0x2b, 0x3c, 0x44, 0x57, 0xa1, 0xa5, 0xad, 0xd5, 0xd6, 0xdb, 0xe2, 0xe1, 0xe5, 0xd6, 0xd6,
    0xdb, 0x9f, 0xa1, 0xa9, 0x38, 0x3e, 0x4d, 0x03, 0x0e, 0x25, 0x02, 0x10, 0x28, 0x01, 0x10, 0x29,
    0x02, 0x10, 0x29, 0x03, 0x10, 0x28, 0x03, 0x0f, 0x28, 0x02, 0x0e, 0x26, 0x13, 0x1c, 0x32, 0x5b,
    0x62, 0x75, 0x98, 0x9e, 0xac, 0xb2, 0xb7, 0xc4, 0xb8, 0xbc, 0xc8, 0xb2, 0xb6, 0xc3, 0x99, 0x9e,
    0xad, 0x5f, 0x66, 0x77, 0x15, 0x1f, 0x35, 0x03, 0x0e, 0x29, 0x04, 0x10, 0x2a, 0x04, 0x10, 0x29,
    0x08, 0x11, 0x28, 0x44, 0x4a, 0x5d, 0x8e, 0x94, 0xa3, 0xad, 0xb2, 0xbf, 0xb1, 0xb6, 0xc2, 0x9e,
    0xa5, 0xb2, 0x68, 0x6f, 0x81, 0x1a, 0x24, 0x3c, 0x02, 0x0f, 0x29, 0x00, 0x0f, 0x27, 0x2e, 0x37,
    0x4a, 0x93, 0x96, 0xa5, 0x64, 0x68, 0x7a, 0x05, 0x10, 0x28, 0x02, 0x0f, 0x29, 0x02, 0x10, 0x2a,
    0x02, 0x10, 0x29, 0x02, 0x0f, 0x28, 0x02, 0x0f, 0x29, 0x01, 0x0e, 0x26, 0x16, 0x1e, 0x34, 0x84,
    0x86, 0x96, 0x97, 0x99, 0xa8, 0x43, 0x4b, 0x5d, 0x00, 0x0d, 0x27, 0x02, 0x0f, 0x2a, 0x01, 0x0f,
    0x29, 0x02, 0x0f, 0x29, 0x02, 0x0e, 0x25, 0x22, 0x29, 0x3d, 0x73, 0x78, 0x89, 0xa3, 0xa8, 0xb6,
    0xb0, 0xb5, 0xc1, 0xa8, 0xad, 0xba, 0x84, 0x88, 0x98, 0x35, 0x3c, 0x51, 0x03, 0x10, 0x29, 0x02,
    0x10, 0x2a, 0x13, 0x1c, 0x32, 0x80, 0x84, 0x93, 0x85, 0x8a, 0x99, 0x17, 0x20, 0x36, 0x01, 0x0d,
    0x27, 0x02, 0x0e, 0x28, 0x02, 0x0e, 0x28, 0x03, 0x0f, 0x29, 0x03, 0x0f, 0x29, 0x03, 0x0f, 0x29,
    0x04, 0x10, 0x28, 0x02, 0x0e, 0x26, 0x20, 0x2f, 0x49, 0x58, 0x79, 0xa3, 0x42, 0x68, 0x99, 0x40,
    0x65, 0x94, 0x3c, 0x60, 0x90, 0x39, 0x5c, 0x8b, 0x35, 0x57, 0x85, 0x2f, 0x51, 0x7e, 0x46, 0x72,
    0x9f, 0x5e, 0xa4, 0xdf, 0x54, 0x9d, 0xe0, 0x53, 0x9a, 0xde, 0x4f, 0x98, 0xdb, 0x4c, 0x95, 0xda,
    0x4a, 0x92, 0xd7, 0x49, 0x8f, 0xd6, 0x46, 0x8c, 0xd4, 0x42, 0x89, 0xd1, 0x3f, 0x86, 0xd0, 0x3c,
    0x83, 0xce, 0x3a, 0x80, 0xcc, 0x38, 0x7d, 0xc9, 0x35, 0x79, 0xc6, 0x33, 0x76, 0xc3, 0x30, 0x73,
    0xc0, 0x2d, 0x70, 0xbb, 0x2c, 0x6a, 0xb8, 0x29, 0x66, 0xb2, 0x79, 0x9e, 0xca, 0xd8, 0xe4, 0xf2,
    0xda, 0xe6, 0xf4, 0xd6, 0xe4, 0xf5, 0xd6, 0xe2, 0xf2, 0xd3, 0xdf, 0xf2, 0xcf, 0xdd, 0xee, 0xc9,
    0xd9, 0xed, 0xc9, 0xd8, 0xeb, 0xe7, 0xee, 0xf7, 0xdb, 0xe6, 0xef, 0xb3, 0xc5, 0xde, 0xb5, 0xc7,
    0xe2, 0xbc, 0xce, 0xe6, 0xc3, 0xd4, 0xeb, 0xc7, 0xd7, 0xee, 0xc9, 0xd9, 0xee, 0xcb, 0xdb, 0xef,
    0xc8, 0xd8, 0xee, 0x63, 0x83, 0xb1, 0x0d, 0x3c, 0x8a, 0x0b, 0x3f, 0x8f, 0x0c, 0x41, 0x91, 0x0d,
    0x43, 0x94, 0x0d, 0x45, 0x97, 0x0e, 0x46, 0x9a, 0x0f, 0x48, 0x9c, 0x10, 0x4a, 0x9e, 0x11, 0x4b,
    0xa0, 0x11, 0x4d, 0xa3, 0x12, 0x4e, 0xa4, 0x13, 0x50, 0xa5, 0x13, 0x51, 0xa7, 0x14, 0x52, 0xa9,
    0x14, 0x53, 0xaa, 0x16, 0x55, 0xab, 0x17, 0x56, 0xad, 0x18, 0x58, 0xaf, 0x19, 0x5a, 0xb0, 0x20,
    0x60, 0xb2, 0x17, 0x41, 0x78, 0x0d, 0x2f, 0x60, 0x0e, 0x32, 0x64, 0x10, 0x34, 0x66, 0x12, 0x36,
    0x68, 0x13, 0x38, 0x6c, 0x14, 0x39, 0x6e, 0x23, 0x45, 0x76, 0x0e, 0x1e, 0x3c, 0x02, 0x0f, 0x28,
    0x01, 0x0f, 0x29, 0x01, 0x0f, 0x29, 0x01, 0x0f, 0x29, 0x01, 0x0f, 0x29, 0x02, 0x10, 0x2a, 0x01,
    0x0f, 0x29, 0x01, 0x0f, 0x29, 0x02, 0x10, 0x2a, 0x02, 0x10, 0x2a, 0x02, 0x11, 0x2a, 0x0c, 0x18,
    0x30, 0x0f, 0x19, 0x2f, 0x0b, 0x16, 0x2e, 0x02, 0x10, 0x29, 0x02, 0x10, 0x29, 0x01, 0x10, 0x29,
    0x02, 0x10, 0x2a, 0x02, 0x10, 0x2a, 0x02, 0x11, 0x29, 0x02, 0x10, 0x28, 0x08, 0x13, 0x2b, 0x0f,
    0x19, 0x30, 0x10, 0x19, 0x2e, 0x09, 0x14, 0x2c, 0x02, 0x0f, 0x2a, 0x02, 0x0e, 0x29, 0x02, 0x0f,
    0x28, 0x02, 0x0e, 0x28, 0x02, 0x0f, 0x28, 0x01, 0x0f, 0x29, 0x01, 0x0f, 0x29, 0x01, 0x10, 0x2a,
    0x03, 0x10, 0x29, 0x0b, 0x16, 0x2c, 0x0f, 0x19, 0x2f, 0x0b, 0x15, 0x2a, 0x04, 0x10, 0x27, 0x04,
    0x10, 0x28, 0x02, 0x0f, 0x29, 0x01, 0x0f, 0x29, 0x01, 0x0f, 0x2a, 0x02, 0x0f, 0x29, 0x08, 0x13,
    0x29, 0x0e, 0x17, 0x2d, 0x0a, 0x15, 0x2b, 0x02, 0x0f, 0x27, 0x03, 0x0f, 0x28, 0x03, 0x0f, 0x28,
    0x03, 0x0f, 0x29, 0x03, 0x10, 0x29, 0x08, 0x15, 0x2c, 0x10, 0x19, 0x2f, 0x0a, 0x15, 0x2c, 0x03,
    0x11, 0x29, 0x04, 0x11, 0x27, 0x0d, 0x15, 0x2a, 0x0b, 0x15, 0x2b, 0x02, 0x10, 0x29, 0x01, 0x10,
    0x29, 0x02, 0x10, 0x29, 0x02, 0x10, 0x2a, 0x05, 0x11, 0x2a, 0x0d, 0x17, 0x2d, 0x0d, 0x17, 0x2b,
    0x05, 0x11, 0x29, 0x03, 0x10, 0x27, 0x04, 0x0e, 0x27, 0x01, 0x0d, 0x27, 0x02, 0x0e, 0x25, 0x16,
    0x1f, 0x31, 0x27, 0x2d, 0x3d, 0x20, 0x26, 0x38, 0x08, 0x12, 0x28, 0x01, 0x0d, 0x23, 0x0a, 0x13,
    0x28, 0x0d, 0x16, 0x2b, 0x06, 0x12, 0x29, 0x04, 0x10, 0x2a, 0x03, 0x10, 0x29, 0x01, 0x10, 0x29,
    0x00, 0x0d, 0x25, 0x0d, 0x17, 0x2c, 0x21, 0x2a, 0x3d, 0x28, 0x2e, 0x40, 0x19, 0x21, 0x35, 0x04,
    0x10, 0x26, 0x00, 0x0e, 0x27, 0x01, 0x0f, 0x29, 0x01, 0x0f, 0x29, 0x01, 0x0f, 0x28, 0x02, 0x10,
    0x28, 0x02, 0x10, 0x29, 0x0a, 0x15, 0x2b, 0x0f, 0x17, 0x2e, 0x06, 0x13, 0x29, 0x02, 0x10, 0x29,
    0x02, 0x10, 0x29, 0x01, 0x10, 0x29, 0x02, 0x0f, 0x28, 0x0a, 0x15, 0x2b, 0x0e, 0x18, 0x2d, 0x08,
    0x13, 0x2a, 0x03, 0x11, 0x2a, 0x03, 0x10, 0x2b, 0x02, 0x11, 0x29, 0x01, 0x11, 0x28, 0x00, 0x0e,
    0x28, 0x07, 0x12, 0x28, 0x1b, 0x24, 0x36, 0x26, 0x2d, 0x3e, 0x1c, 0x23, 0x37, 0x07, 0x11, 0x27,
    0x02, 0x0c, 0x25, 0x03, 0x0f, 0x29, 0x02, 0x10, 0x28, 0x02, 0x0f, 0x29, 0x03, 0x0f, 0x28, 0x03,
    0x0f, 0x28, 0x03, 0x0f, 0x29, 0x02, 0x10, 0x2a, 0x00, 0x0f, 0x28, 0x01, 0x0e, 0x26, 0x0d, 0x18,
    0x30, 0x1f, 0x27, 0x3d, 0x25, 0x2c, 0x3f, 0x1f, 0x27, 0x3a, 0x0e, 0x18, 0x2e, 0x02, 0x0d, 0x25,
    0x01, 0x0f, 0x28, 0x03, 0x0f, 0x29, 0x04, 0x0f, 0x27, 0x02, 0x10, 0x28, 0x01, 0x10, 0x29, 0x00,
    0x0c, 0x25, 0x0a, 0x14, 0x2c, 0x1b, 0x25, 0x3c, 0x20, 0x28, 0x3e, 0x13, 0x1c, 0x32, 0x04, 0x0f,
    0x27, 0x01, 0x0f, 0x27, 0x02, 0x10, 0x28, 0x03, 0x10, 0x2a, 0x05, 0x11, 0x2a, 0x0c, 0x16, 0x2b,
    0x08, 0x14, 0x2a, 0x03, 0x0f, 0x28, 0x02, 0x0f, 0x29, 0x02, 0x0f, 0x29, 0x02, 0x10, 0x29, 0x02,
    0x0f, 0x28, 0x02, 0x0f, 0x29, 0x02, 0x0f, 0x29, 0x04, 0x0e, 0x28, 0x09, 0x13, 0x2b, 0x0b, 0x15,
    0x2c, 0x06, 0x11, 0x28, 0x02, 0x0f, 0x29, 0x02, 0x0f, 0x29, 0x02, 0x0f, 0x29, 0x02, 0x0f, 0x29,
    0x03, 0x10, 0x29, 0x01, 0x0e, 0x25, 0x03, 0x0f, 0x25, 0x13, 0x1e, 0x33, 0x1f, 0x29, 0x3e, 0x18,
    0x23, 0x38, 0x07, 0x12, 0x2a, 0x02, 0x0d, 0x25, 0x03, 0x0f, 0x27, 0x03, 0x10, 0x28, 0x05, 0x10,
    0x29, 0x0c, 0x15, 0x2a, 0x0c, 0x16, 0x2a, 0x04, 0x10, 0x28, 0x02, 0x0e, 0x28, 0x03, 0x0f, 0x29,
    0x02, 0x0e, 0x28, 0x03, 0x0f, 0x29, 0x03, 0x0f, 0x29, 0x03, 0x0f, 0x29, 0x03, 0x10, 0x28, 0x02,
    0x0e, 0x26, 0x1f, 0x2f, 0x4a, 0x57, 0x78, 0xa3, 0x42, 0x67, 0x99, 0x3f, 0x64, 0x93, 0x3b, 0x5f,
    0x8f, 0x38, 0x5a, 0x89, 0x34, 0x56, 0x84, 0x2f, 0x50, 0x7d, 0x45, 0x71, 0x9f, 0x5d, 0xa2, 0xdf,
    0x52, 0x9c, 0xdf, 0x51, 0x99, 0xdd, 0x4d, 0x97, 0xda, 0x4a, 0x93, 0xd8, 0x48, 0x91, 0xd6, 0x47,
    0x8e, 0xd6, 0x45, 0x8b, 0xd3, 0x41, 0x87, 0xd0, 0x3e, 0x84, 0xce, 0x3c, 0x81, 0xcc, 0x39, 0x7e,
    0xcb, 0x36, 0x7b, 0xc7, 0x34, 0x77, 0xc5, 0x32, 0x74, 0xc2, 0x2f, 0x71, 0xbe, 0x2c, 0x6d, 0xbb,
    0x2a, 0x67, 0xb2, 0x66, 0x91, 0xc4, 0xd3, 0xe1, 0xf1, 0xdc, 0xe8, 0xf6, 0xda, 0xe5, 0xf5, 0xd6,
    0xe4, 0xf4, 0xd5, 0xe2, 0xf3, 0xd4, 0xdf, 0xf2, 0xcf, 0xdd, 0xee, 0xcc, 0xda, 0xed, 0xca, 0xd9,
    0xef, 0x9e, 0xb2, 0xcd, 0x9e, 0xb3, 0xce, 0xb7, 0xca, 0xe3, 0xba, 0xcc, 0xe5, 0xc0, 0xd1, 0xe9,
    0xc4, 0xd5, 0xec, 0xc7, 0xd7, 0xef, 0xc9, 0xd9, 0xf0, 0xc9, 0xda, 0xf0, 0xcc, 0xdd, 0xf2, 0xc2,
    0xd4, 0xeb, 0x50, 0x74, 0xa9, 0x0b, 0x3e, 0x8d, 0x0d, 0x42, 0x93, 0x0d, 0x44, 0x96, 0x0f, 0x46,
    0x99, 0x10, 0x48, 0x9b, 0x11, 0x49, 0x9e, 0x11, 0x4b, 0x9f, 0x12, 0x4c, 0xa3, 0x12, 0x4e, 0xa4,
    0x12, 0x50, 0xa5, 0x13, 0x52, 0xa7, 0x14, 0x53, 0xa9, 0x16, 0x54, 0xab, 0x16, 0x55, 0xad, 0x16,
    0x57, 0xae, 0x18, 0x58, 0xaf, 0x19, 0x5a, 0xb0, 0x19, 0x5c, 0xb1, 0x22, 0x61, 0xb1, 0x17, 0x41,
    0x7a, 0x0d, 0x2e, 0x60, 0x0f, 0x32, 0x63, 0x10, 0x34, 0x66, 0x12, 0x36, 0x69, 0x13, 0x38, 0x6c,
    0x14, 0x3a, 0x6e, 0x23, 0x45, 0x76, 0x0e, 0x1e, 0x3c, 0x01, 0x0f, 0x28, 0x02, 0x0f, 0x29, 0x01,
    0x0f, 0x29, 0x02, 0x10, 0x2a, 0x02, 0x10, 0x2a, 0x02, 0x10, 0x2a, 0x02, 0x0f, 0x29, 0x02, 0x10,
    0x29, 0x01, 0x0f, 0x29, 0x01, 0x10, 0x29, 0x01, 0x11, 0x29, 0x02, 0x11, 0x28, 0x02, 0x10, 0x29,
    0x01, 0x10, 0x29, 0x01, 0x10, 0x29, 0x02, 0x10, 0x29, 0x02, 0x0f, 0x2a, 0x02, 0x0f, 0x29, 0x03,
    0x10, 0x28, 0x02, 0x10, 0x28, 0x02, 0x10, 0x2a, 0x02, 0x10, 0x2a, 0x02, 0x10, 0x2a, 0x03, 0x10,
    0x29, 0x03, 0x0f, 0x29, 0x02, 0x0f, 0x29, 0x01, 0x0f, 0x27, 0x01, 0x0f, 0x27, 0x02, 0x0e, 0x27,
    0x02, 0x0f, 0x27, 0x00, 0x0f, 0x28, 0x01, 0x0f, 0x29, 0x02, 0x10, 0x28, 0x01, 0x10, 0x29, 0x02,
    0x10, 0x2a, 0x03, 0x10, 0x2a, 0x03, 0x0f, 0x2a, 0x02, 0x10, 0x29, 0x03, 0x0f, 0x29, 0x01, 0x0f,
    0x28, 0x02, 0x0f, 0x29, 0x02, 0x0f, 0x29, 0x02, 0x0f, 0x29, 0x01, 0x0f, 0x29, 0x02, 0x0f, 0x29,
    0x03, 0x0f, 0x28, 0x03, 0x0f, 0x28, 0x03, 0x0f, 0x29, 0x03, 0x0f, 0x29, 0x03, 0x0f, 0x29, 0x03,
    0x0f, 0x29, 0x02, 0x10, 0x29, 0x04, 0x0f, 0x2a, 0x02, 0x10, 0x2a, 0x02, 0x11, 0x2a, 0x01, 0x10,
    0x29, 0x02, 0x0e, 0x29, 0x01, 0x0f, 0x28, 0x01, 0x0f, 0x28, 0x02, 0x0f, 0x29, 0x03, 0x0f, 0x29,
    0x02, 0x10, 0x29, 0x02, 0x10, 0x29, 0x03, 0x0f, 0x29, 0x02, 0x0f, 0x29, 0x02, 0x0f, 0x28, 0x02,
    0x0f, 0x27, 0x03, 0x0f, 0x27, 0x02, 0x0f, 0x27, 0x02, 0x0f, 0x26, 0x01, 0x0e, 0x26, 0x00, 0x0d,
    0x26, 0x01, 0x0d, 0x26, 0x03, 0x0e, 0x27, 0x02, 0x10, 0x29, 0x03, 0x0f, 0x29, 0x02, 0x0f, 0x28,
    0x02, 0x10, 0x29, 0x03, 0x10, 0x2a, 0x03, 0x10, 0x29, 0x03, 0x10, 0x29, 0x02, 0x10, 0x28, 0x01,
    0x0f, 0x28, 0x00, 0x0d, 0x27, 0x01, 0x0d, 0x26, 0x02, 0x0f, 0x29, 0x03, 0x10, 0x2a, 0x03, 0x10,
    0x28, 0x01, 0x0f, 0x28, 0x01, 0x0f, 0x28, 0x02, 0x0f, 0x29, 0x03, 0x0f, 0x29, 0x02, 0x10, 0x2a,
    0x02, 0x10, 0x2a, 0x03, 0x10, 0x29, 0x02, 0x10, 0x29, 0x03, 0x10, 0x27, 0x02, 0x0f, 0x28, 0x02,
    0x0e, 0x29, 0x02, 0x0f, 0x29, 0x02, 0x0f, 0x29, 0x03, 0x0f, 0x2a, 0x02, 0x10, 0x2a, 0x02, 0x11,
    0x29, 0x03, 0x10, 0x2a, 0x02, 0x10, 0x29, 0x01, 0x10, 0x29, 0x02, 0x0f, 0x29, 0x03, 0x0f, 0x28,
    0x03, 0x0e, 0x27, 0x01, 0x0e, 0x26, 0x01, 0x0e, 0x27, 0x02, 0x0f, 0x29, 0x03, 0x0f, 0x29, 0x03,
    0x0f, 0x2a, 0x03, 0x0f, 0x27, 0x02, 0x0f, 0x28, 0x01, 0x0f, 0x29, 0x02, 0x0f, 0x29, 0x03, 0x0f,
    0x29, 0x02, 0x0f, 0x29, 0x02, 0x10, 0x29, 0x02, 0x10, 0x2a, 0x01, 0x0e, 0x29, 0x01, 0x0d, 0x26,
    0x01, 0x0d, 0x23, 0x01, 0x0d, 0x25, 0x02, 0x0e, 0x28, 0x02, 0x0f, 0x28, 0x03, 0x0f, 0x28, 0x03,
    0x0f, 0x29, 0x02, 0x0f, 0x28, 0x02, 0x0f, 0x28, 0x02, 0x0f, 0x2a, 0x02, 0x0f, 0x29, 0x02, 0x0e,
    0x28, 0x01, 0x0d, 0x27, 0x01, 0x0d, 0x26, 0x01, 0x0e, 0x27, 0x02, 0x10, 0x27, 0x03, 0x10, 0x28,
    0x03, 0x10, 0x28, 0x02, 0x0f, 0x29, 0x02, 0x0f, 0x2a, 0x02, 0x0f, 0x28, 0x02, 0x0f, 0x28, 0x03,
    0x0f, 0x28, 0x01, 0x0f, 0x29, 0x02, 0x0f, 0x29, 0x02, 0x0f, 0x29, 0x01, 0x0f, 0x29, 0x02, 0x0f,
    0x28, 0x01, 0x10, 0x28, 0x02, 0x10, 0x29, 0x02, 0x0f, 0x29, 0x02, 0x0f, 0x28, 0x03, 0x0f, 0x29,
    0x03, 0x0f, 0x29, 0x02, 0x0f, 0x29, 0x02, 0x0f, 0x28, 0x03, 0x0e, 0x27, 0x03, 0x0f, 0x28, 0x02,
    0x0f, 0x29, 0x02, 0x0f, 0x28, 0x02, 0x0e, 0x27, 0x01, 0x0d, 0x27, 0x02, 0x0e, 0x28, 0x03, 0x0f,
    0x28, 0x03, 0x0f, 0x27, 0x03, 0x0f, 0x27, 0x03, 0x0f, 0x27, 0x03, 0x0f, 0x28, 0x03, 0x0f, 0x28,
    0x02, 0x0f, 0x27, 0x02, 0x0f, 0x29, 0x03, 0x0f, 0x29, 0x03, 0x0f, 0x29, 0x03, 0x0f, 0x29, 0x03,
    0x0f, 0x29, 0x03, 0x0f, 0x29, 0x03, 0x0f, 0x29, 0x02, 0x10, 0x29, 0x01, 0x0e, 0x27, 0x20, 0x2f,
    0x4b, 0x56, 0x77, 0xa3, 0x41, 0x66, 0x98, 0x3f, 0x62, 0x92, 0x3a, 0x5e, 0x8d, 0x37, 0x59, 0x87,
    0x33, 0x55, 0x82, 0x2e, 0x50, 0x7d, 0x44, 0x70, 0x9e, 0x5b, 0xa1, 0xde, 0x50, 0x9a, 0xdd, 0x4f,
    0x97, 0xdb, 0x4b, 0x95, 0xd9, 0x49, 0x92, 0xd7, 0x47, 0x8f, 0xd5, 0x46, 0x8c, 0xd4, 0x43, 0x89,
    0xd1, 0x41, 0x86, 0xcf, 0x3e, 0x83, 0xcd, 0x3b, 0x80, 0xcb, 0x38, 0x7d, 0xca, 0x35, 0x79, 0xc6,
    0x35, 0x76, 0xc2, 0x31, 0x73, 0xc0, 0x2f, 0x6f, 0xbc, 0x2a, 0x6b, 0xb8, 0x56, 0x86, 0xbe, 0xc8,
    0xdc, 0xef, 0xdf, 0xe9, 0xf8, 0xdc, 0xe8, 0xf6, 0xda, 0xe6, 0xf5, 0xd8, 0xe4, 0xf4, 0xd6, 0xe3,
    0xf3, 0xd3, 0xe0, 0xf1, 0xce, 0xdf, 0xf0, 0xd0, 0xde, 0xf1, 0xa6, 0xba, 0xd3, 0x26, 0x4a, 0x80,
    0x38, 0x57, 0x88, 0xab, 0xbe, 0xda, 0xbf, 0xd2, 0xea, 0xc3, 0xd4, 0xec, 0xc5, 0xd7, 0xed, 0xc8,
    0xd8, 0xef, 0xc9, 0xd9, 0xf0, 0xcb, 0xda, 0xf2, 0xcb, 0xdc, 0xf1, 0xce, 0xdf, 0xf5, 0xb8, 0xce,
    0xe6, 0x3e, 0x68, 0xa5, 0x0b, 0x40, 0x92, 0x0e, 0x45, 0x97, 0x0f, 0x47, 0x99, 0x10, 0x49, 0x9c,
    0x12, 0x4b, 0x9f, 0x12, 0x4c, 0xa2, 0x12, 0x4d, 0xa4, 0x13, 0x4f, 0xa6, 0x14, 0x51, 0xa8, 0x15,
    0x53, 0xa9, 0x15, 0x54, 0xaa, 0x16, 0x55, 0xac, 0x17, 0x57, 0xae, 0x17, 0x58, 0xaf, 0x18, 0x5a,
    0xb0, 0x1a, 0x5b, 0xb2, 0x1a, 0x5d, 0xb3, 0x24, 0x62, 0xb2, 0x18, 0x41, 0x7a, 0x0d, 0x2e, 0x60,
    0x0e, 0x32, 0x63, 0x10, 0x34, 0x66, 0x12, 0x36, 0x69, 0x13, 0x38, 0x6c, 0x14, 0x39, 0x6e, 0x22,
    0x44, 0x75, 0x0e, 0x1e, 0x3b, 0x01, 0x0e, 0x28, 0x01, 0x0f, 0x29, 0x01, 0x0f, 0x29, 0x01, 0x0f,
    0x29, 0x01, 0x0f, 0x29, 0x02, 0x0f, 0x29, 0x03, 0x0f, 0x29, 0x03, 0x10, 0x29, 0x02, 0x10, 0x29,
    0x02, 0x10, 0x2a, 0x02, 0x10, 0x2a, 0x02, 0x10, 0x2a, 0x02, 0x0f, 0x2a, 0x02, 0x10, 0x29, 0x01,
    0x10, 0x27, 0x01, 0x10, 0x27, 0x01, 0x0f, 0x28, 0x02, 0x0f, 0x29, 0x02, 0x0f, 0x27, 0x02, 0x0f,
    0x28, 0x03, 0x0f, 0x28, 0x02, 0x10, 0x27, 0x03, 0x10, 0x27, 0x04, 0x0f, 0x27, 0x04, 0x0f, 0x28,
    0x03, 0x0f, 0x27, 0x02, 0x10, 0x27, 0x01, 0x0f, 0x28, 0x01, 0x0f, 0x28, 0x01, 0x0f, 0x28, 0x01,
    0x0f, 0x27, 0x02, 0x0f, 0x28, 0x03, 0x0f, 0x29, 0x03, 0x10, 0x29, 0x03, 0x10, 0x2a, 0x02, 0x10,
    0x2a, 0x02, 0x10, 0x2a, 0x01, 0x10, 0x2a, 0x02, 0x0f, 0x29, 0x02, 0x0f, 0x29, 0x03, 0x0f, 0x29,
    0x03, 0x0f, 0x29, 0x03, 0x0f, 0x29, 0x02, 0x0f, 0x29, 0x03, 0x10, 0x29, 0x04, 0x0f, 0x29, 0x03,
    0x0f, 0x29, 0x03, 0x0f, 0x28, 0x03, 0x0f, 0x28, 0x03, 0x0f, 0x27, 0x03, 0x0f, 0x27, 0x03, 0x10,
    0x28, 0x04, 0x10, 0x2a, 0x03, 0x10, 0x2a, 0x03, 0x0f, 0x2a, 0x02, 0x10, 0x29, 0x03, 0x10, 0x28,
    0x03, 0x0f, 0x28, 0x02, 0x0f, 0x29, 0x03, 0x0f, 0x29, 0x03, 0x0f, 0x29, 0x03, 0x10, 0x29, 0x03,
    0x0f, 0x29, 0x03, 0x0f, 0x29, 0x03, 0x0f, 0x29, 0x03, 0x0f, 0x28, 0x02, 0x0f, 0x29, 0x03, 0x0f,
    0x28, 0x03, 0x0f, 0x27, 0x03, 0x0f, 0x27, 0x03, 0x0f, 0x27, 0x03, 0x0f, 0x27, 0x03, 0x0f, 0x26,
    0x04, 0x0f, 0x27, 0x02, 0x0f, 0x29, 0x02, 0x10, 0x29, 0x04, 0x0f, 0x29, 0x03, 0x0f, 0x28, 0x03,
    0x0f, 0x29, 0x03, 0x0f, 0x2a, 0x03, 0x0f, 0x29, 0x03, 0x0f, 0x29, 0x03, 0x0f, 0x28, 0x03, 0x0f,
    0x28, 0x03, 0x0f, 0x27, 0x03, 0x0f, 0x29, 0x03, 0x0f, 0x2a, 0x03, 0x0f, 0x29, 0x02, 0x0f, 0x28,
    0x02, 0x0f, 0x28, 0x03, 0x0f, 0x29, 0x03, 0x0f, 0x29, 0x03, 0x0f, 0x29, 0x02, 0x10, 0x29, 0x02,
    0x10, 0x28, 0x03, 0x0f, 0x29, 0x03, 0x0f, 0x28, 0x02, 0x0e, 0x28, 0x03, 0x0e, 0x29, 0x03, 0x0f,
    0x28, 0x03, 0x0f, 0x28, 0x03, 0x0f, 0x27, 0x03, 0x0f, 0x28, 0x03, 0x10, 0x28, 0x03, 0x10, 0x29,
    0x02, 0x10, 0x2a, 0x02, 0x0f, 0x2a, 0x03, 0x0f, 0x28, 0x04, 0x0f, 0x27, 0x04, 0x0f, 0x27, 0x03,
    0x0f, 0x28, 0x03, 0x0f, 0x29, 0x03, 0x0f, 0x29, 0x02, 0x10, 0x29, 0x02, 0x0f, 0x29, 0x01, 0x0f,
    0x28, 0x01, 0x0f, 0x28, 0x01, 0x0f, 0x29, 0x01, 0x0f, 0x29, 0x01, 0x0f, 0x29, 0x01, 0x0f, 0x29,
    0x02, 0x0f, 0x29, 0x02, 0x0f, 0x29, 0x03, 0x0f, 0x29, 0x03, 0x0f, 0x28, 0x03, 0x0f, 0x28, 0x03,
    0x0f, 0x29, 0x03, 0x0f, 0x29, 0x03, 0x0f, 0x28, 0x03, 0x0f, 0x29, 0x03, 0x0f, 0x29, 0x02, 0x0e,
    0x29, 0x02, 0x0e, 0x29, 0x03, 0x0f, 0x29, 0x03, 0x0f, 0x29, 0x03, 0x0f, 0x29, 0x02, 0x0e, 0x28,
    0x02, 0x0f, 0x28, 0x02, 0x0f, 0x28, 0x02, 0x0f, 0x28, 0x02, 0x0f, 0x29, 0x02, 0x0f, 0x28, 0x03,
    0x0f, 0x27, 0x03, 0x0f, 0x27, 0x03, 0x0e, 0x28, 0x03, 0x0f, 0x28, 0x03, 0x0f, 0x27, 0x02, 0x0f,
    0x27, 0x02, 0x0f, 0x28, 0x02, 0x10, 0x28, 0x01, 0x0f, 0x29, 0x02, 0x0f, 0x29, 0x01, 0x10, 0x29,
    0x02, 0x10, 0x29, 0x02, 0x0f, 0x29, 0x02, 0x0f, 0x29, 0x03, 0x0f, 0x29, 0x03, 0x0f, 0x29, 0x03,
    0x0f, 0x29, 0x03, 0x0f, 0x28, 0x03, 0x0f, 0x28, 0x03, 0x0e, 0x28, 0x03, 0x0f, 0x29, 0x03, 0x0f,
    0x29, 0x03, 0x0f, 0x28, 0x03, 0x0f, 0x28, 0x03, 0x0f, 0x29, 0x03, 0x0f, 0x29, 0x03, 0x0f, 0x29,
    0x02, 0x0f, 0x29, 0x03, 0x0f, 0x28, 0x03, 0x0f, 0x27, 0x03, 0x0f, 0x28, 0x03, 0x0f, 0x28, 0x03,
    0x0f, 0x28, 0x03, 0x0f, 0x28, 0x03, 0x0f, 0x29, 0x03, 0x0f, 0x29, 0x03, 0x0f, 0x29, 0x03, 0x0f,
    0x29, 0x03, 0x0f, 0x29, 0x02, 0x10, 0x2a, 0x01, 0x0e, 0x28, 0x20, 0x2f, 0x4c, 0x54, 0x75, 0xa1,
    0x40, 0x64, 0x96, 0x3e, 0x61, 0x91, 0x39, 0x5c, 0x8c, 0x36, 0x58, 0x86, 0x32, 0x54, 0x81, 0x2d,
    0x4e, 0x7b, 0x43, 0x6f, 0x9d, 0x59, 0x9f, 0xdd, 0x4e, 0x98, 0xdc, 0x4d, 0x96, 0xda, 0x4a, 0x94,
    0xd8, 0x48, 0x91, 0xd6, 0x46, 0x8e, 0xd4, 0x45, 0x8b, 0xd3, 0x42, 0x88, 0xd0, 0x3f, 0x85, 0xce,
    0x3c, 0x81, 0xcc, 0x3a, 0x7f, 0xca, 0x37, 0x7c, 0xc8, 0x36, 0x79, 0xc6, 0x33, 0x76, 0xc3, 0x31,
    0x73, 0xc0, 0x2f, 0x6e, 0xba, 0x49, 0x7e, 0xbc, 0xbc, 0xd2, 0xe8, 0xe0, 0xec, 0xf8, 0xdc, 0xe9,
    0xf9, 0xdb, 0xe9, 0xf6, 0xdb, 0xe7, 0xf6, 0xd9, 0xe5, 0xf5, 0xd7, 0xe4, 0xf4, 0xd4, 0xe1, 0xf2,
    0xd4, 0xe2, 0xf2, 0xb7, 0xc9, 0xe1, 0x38, 0x5c, 0x8d, 0x09, 0x35, 0x76, 0x09, 0x34, 0x73, 0x4e,
    0x6e, 0x9b, 0xbb, 0xcf, 0xe5, 0xc6, 0xd7, 0xef, 0xc6, 0xd8, 0xee, 0xc8, 0xd9, 0xef, 0xc9, 0xd9,
    0xf0, 0xca, 0xda, 0xf1, 0xca, 0xdc, 0xf0, 0xcc, 0xdd, 0xf2, 0xd0, 0xe0, 0xf4, 0xac, 0xc4, 0xdf,
    0x2d, 0x5b, 0x9c, 0x0d, 0x44, 0x96, 0x0f, 0x48, 0x9a, 0x11, 0x49, 0x9b, 0x11, 0x4b, 0x9f, 0x13,
    0x4c, 0xa2, 0x13, 0x4e, 0xa5, 0x13, 0x50, 0xa6, 0x14, 0x52, 0xa9, 0x16, 0x54, 0xab, 0x16, 0x55,
    0xac, 0x17, 0x57, 0xae, 0x18, 0x58, 0xaf, 0x18, 0x5a, 0xb0, 0x19, 0x5b, 0xb1, 0x1b, 0x5d, 0xb3,
    0x1b, 0x5e, 0xb4, 0x24, 0x63, 0xb3, 0x19, 0x43, 0x7a, 0x0d, 0x2e, 0x60, 0x0d, 0x31, 0x62, 0x10,
    0x34, 0x66, 0x12, 0x36, 0x6a, 0x13, 0x38, 0x6c, 0x14, 0x39, 0x6d, 0x21, 0x43, 0x75, 0x0d, 0x1d,
    0x3b, 0x01, 0x0e, 0x27, 0x01, 0x0f, 0x29, 0x01, 0x0f, 0x29, 0x02, 0x10, 0x2a, 0x02, 0x10, 0x2a,
    0x02, 0x10, 0x2a, 0x02, 0x10, 0x2a, 0x02, 0x10, 0x28, 0x03, 0x10, 0x29, 0x03, 0x10, 0x2a, 0x02,
    0x10, 0x2a, 0x01, 0x0f, 0x29, 0x01, 0x0f, 0x29, 0x01, 0x0f, 0x29, 0x01, 0x10, 0x27, 0x01, 0x0f,
    0x27, 0x00, 0x0f, 0x28, 0x01, 0x0f, 0x28, 0x01, 0x0f, 0x27, 0x02, 0x0f, 0x27, 0x03, 0x0f, 0x27,
    0x01, 0x0f, 0x27, 0x02, 0x0f, 0x28, 0x03, 0x0f, 0x29, 0x03, 0x0f, 0x29, 0x03, 0x0f, 0x28, 0x02,
    0x0f, 0x28, 0x01, 0x0f, 0x28, 0x01, 0x0f, 0x29, 0x01, 0x0f, 0x28, 0x02, 0x0f, 0x27, 0x03, 0x0f,
    0x27, 0x03, 0x0f, 0x29, 0x03, 0x0f, 0x29, 0x03, 0x0f, 0x29, 0x01, 0x10, 0x2a, 0x02, 0x10, 0x2a,
    0x01, 0x0f, 0x29, 0x02, 0x0f, 0x29, 0x03, 0x0f, 0x29, 0x03, 0x0f, 0x29, 0x03, 0x0f, 0x29, 0x03,
    0x0f, 0x29, 0x02, 0x0f, 0x29, 0x03, 0x0f, 0x29, 0x03, 0x0f, 0x29, 0x03, 0x0f, 0x29, 0x03, 0x0f,
    0x28, 0x03, 0x0f, 0x28, 0x03, 0x0f, 0x28, 0x03, 0x0f, 0x28, 0x03, 0x0f, 0x29, 0x03, 0x0f, 0x29,
    0x03, 0x0f, 0x29, 0x03, 0x0f, 0x29, 0x02, 0x0f, 0x28, 0x03, 0x0f, 0x29, 0x03, 0x0f, 0x29, 0x01,
    0x0f, 0x29, 0x02, 0x0f, 0x29, 0x03, 0x0f, 0x29, 0x03, 0x0f, 0x29, 0x03, 0x0f, 0x29, 0x03, 0x0f,
    0x29, 0x03, 0x0f, 0x29, 0x03, 0x0f, 0x29, 0x03, 0x0f, 0x29, 0x03, 0x0f, 0x28, 0x03, 0x0f, 0x27,
    0x03, 0x0f, 0x27, 0x03, 0x0f, 0x27, 0x03, 0x0f, 0x28, 0x03, 0x0f, 0x28, 0x03, 0x0f, 0x28, 0x03,
    0x0f, 0x28, 0x02, 0x0f, 0x28, 0x03, 0x0f, 0x29, 0x03, 0x0f, 0x29, 0x03, 0x0f, 0x29, 0x03, 0x0f,
    0x29, 0x03, 0x0f, 0x29, 0x03, 0x0f, 0x29, 0x03, 0x0f, 0x29, 0x03, 0x0f, 0x28, 0x03, 0x0f, 0x27,
    0x03, 0x0f, 0x28, 0x03, 0x0f, 0x29, 0x03, 0x0f, 0x29, 0x03, 0x0f, 0x29, 0x03, 0x0f, 0x29, 0x03,
    0x0f, 0x29, 0x03, 0x0f, 0x29, 0x03, 0x0f, 0x29, 0x02, 0x0f, 0x29, 0x01, 0x0f, 0x29, 0x02, 0x0f,
    0x29, 0x03, 0x0f, 0x29, 0x03, 0x0f, 0x29, 0x02, 0x0e, 0x28, 0x02, 0x0e, 0x28, 0x02, 0x0e, 0x28,
    0x03, 0x0f, 0x27, 0x03, 0x0f, 0x27, 0x03, 0x0f, 0x29, 0x03, 0x0f, 0x29, 0x01, 0x10, 0x2a, 0x02,
    0x0f, 0x29, 0x03, 0x0f, 0x29, 0x03, 0x0f, 0x28, 0x02, 0x0f, 0x27, 0x02, 0x0f, 0x27, 0x02, 0x0f,
    0x29, 0x02, 0x0f, 0x29, 0x01, 0x0f, 0x29, 0x01, 0x0f, 0x29, 0x01, 0x0f, 0x29, 0x01, 0x0f, 0x29,
    0x01, 0x0f, 0x29, 0x01, 0x0f, 0x29, 0x01, 0x0f, 0x29, 0x01, 0x0f, 0x29, 0x01, 0x0f, 0x29, 0x01,
    0x0f, 0x29, 0x03, 0x0f, 0x29, 0x03, 0x0f, 0x29, 0x03, 0x0f, 0x29, 0x03, 0x0f, 0x29, 0x03, 0x0f,
    0x29, 0x03, 0x0f, 0x29, 0x03, 0x0f, 0x29, 0x03, 0x0f, 0x29, 0x02, 0x0e, 0x28, 0x02, 0x0f, 0x29,
    0x03, 0x0f, 0x29, 0x03, 0x0f, 0x29, 0x03, 0x0f, 0x29, 0x02, 0x0e, 0x29, 0x02, 0x0e, 0x28, 0x03,
    0x0f, 0x29, 0x03, 0x0f, 0x29, 0x02, 0x0f, 0x29, 0x02, 0x0f, 0x28, 0x03, 0x0f, 0x27, 0x02, 0x0e,
    0x27, 0x03, 0x0f, 0x29, 0x03, 0x0f, 0x29, 0x03, 0x0f, 0x28, 0x03, 0x0f, 0x28, 0x03, 0x0f, 0x28,
    0x01, 0x0f, 0x29, 0x01, 0x0f, 0x29, 0x01, 0x0f, 0x29, 0x01, 0x0f, 0x29, 0x01, 0x0f, 0x29, 0x01,
    0x0f, 0x29, 0x01, 0x0f, 0x29, 0x03, 0x0f, 0x29, 0x03, 0x0f, 0x29, 0x03, 0x0f, 0x29, 0x03, 0x0f,
    0x29, 0x02, 0x0f, 0x29, 0x03, 0x0f, 0x29, 0x03, 0x0f, 0x29, 0x03, 0x0f, 0x29, 0x03, 0x0f, 0x29,
    0x03, 0x0f, 0x29, 0x03, 0x0f, 0x29, 0x03, 0x0f, 0x29, 0x03, 0x0f, 0x29, 0x03, 0x0f, 0x29, 0x03,
    0x0f, 0x28, 0x03, 0x0f, 0x26, 0x03, 0x0f, 0x28, 0x03, 0x0f, 0x29, 0x02, 0x0f, 0x28, 0x01, 0x0f,
    0x28, 0x02, 0x0f, 0x29, 0x01, 0x0f, 0x29, 0x01, 0x0f, 0x29, 0x01, 0x0f, 0x29, 0x01, 0x0f, 0x29,
    0x01, 0x10, 0x2a, 0x01, 0x0e, 0x28, 0x1f, 0x2f, 0x4b, 0x52, 0x75, 0xa0, 0x3e, 0x63, 0x95, 0x3d,
    0x60, 0x90, 0x39, 0x5b, 0x8b, 0x35, 0x57, 0x85, 0x31, 0x53, 0x81, 0x2c, 0x4e, 0x7b, 0x42, 0x6d,
    0x9c, 0x57, 0x9d, 0xdc, 0x4c, 0x97, 0xdb, 0x4b, 0x94, 0xd9, 0x49, 0x92, 0xd8, 0x46, 0x8f, 0xd6,
    0x44, 0x8c, 0xd3, 0x43, 0x89, 0xd1, 0x41, 0x86, 0xcf, 0x3d, 0x82, 0xcd, 0x3a, 0x7f, 0xca, 0x38,
    0x7d, 0xc8, 0x36, 0x7b, 0xc6, 0x35, 0x78, 0xc5, 0x33, 0x76, 0xc2, 0x31, 0x71, 0xbb, 0x40, 0x79,
    0xbb, 0xad, 0xc8, 0xe4, 0xe1, 0xec, 0xf9, 0xdd, 0xeb, 0xf5, 0xdd, 0xe9, 0xf5, 0xdc, 0xe8, 0xf6,
    0xda, 0xe6, 0xf6, 0xd9, 0xe5, 0xf5, 0xd7, 0xe4, 0xf4, 0xd7, 0xe3, 0xf4, 0xc7, 0xd6, 0xe8, 0x4c,
    0x70, 0x9e, 0x0c, 0x3d, 0x7f, 0x0f, 0x3d, 0x80, 0x0d, 0x3c, 0x80, 0x12, 0x3e, 0x7f, 0x67, 0x82,
    0xa9, 0xc4, 0xd6, 0xeb, 0xc7, 0xd9, 0xef, 0xc8, 0xd9, 0xf0, 0xc9, 0xda, 0xf0, 0xc9, 0xda, 0xf0,
    0xca, 0xdb, 0xf0, 0xcb, 0xdc, 0xf1, 0xcb, 0xde, 0xf2, 0xd0, 0xe0, 0xf5, 0x99, 0xb3, 0xd6, 0x21,
    0x53, 0x9a, 0x0d, 0x47, 0x99, 0x10, 0x49, 0x9b, 0x11, 0x4b, 0x9f, 0x12, 0x4d, 0xa2, 0x13, 0x4f,
    0xa5, 0x13, 0x51, 0xa6, 0x15, 0x53, 0xa9, 0x16, 0x54, 0xab, 0x16, 0x55, 0xac, 0x17, 0x57, 0xae,
    0x18, 0x58, 0xaf, 0x19, 0x5a, 0xb1, 0x1a, 0x5c, 0xb2, 0x1c, 0x5e, 0xb4, 0x1c, 0x5f, 0xb5, 0x26,
    0x64, 0xb4, 0x19, 0x43, 0x7a, 0x0d, 0x2e, 0x60, 0x0e, 0x31, 0x62, 0x10, 0x34, 0x66, 0x11, 0x35,
    0x69, 0x13, 0x38, 0x6c, 0x14, 0x3a, 0x6e, 0x22, 0x45, 0x76, 0x0e, 0x1d, 0x3b, 0x01, 0x0d, 0x27,
    0x01, 0x0f, 0x28, 0x01, 0x0f, 0x29, 0x01, 0x0f, 0x29, 0x02, 0x10, 0x2a, 0x02, 0x10, 0x2a, 0x02,
    0x10, 0x2a, 0x02, 0x10, 0x28, 0x03, 0x10, 0x29, 0x03, 0x10, 0x2a, 0x02, 0x10, 0x2a, 0x01, 0x0f,
    0x29, 0x02, 0x10, 0x2a, 0x01, 0x0f, 0x29, 0x01, 0x0f, 0x28, 0x00, 0x0f, 0x28, 0x01, 0x0f, 0x29,
    0x01, 0x0f, 0x29, 0x01, 0x0f, 0x28, 0x02, 0x0f, 0x28, 0x03, 0x0f, 0x28, 0x02, 0x0f, 0x28, 0x02,
    0x0f, 0x29, 0x03, 0x0f, 0x29, 0x03, 0x0f, 0x29, 0x03, 0x0f, 0x29, 0x02, 0x0f, 0x28, 0x00, 0x0f,
    0x28, 0x00, 0x0e, 0x28, 0x01, 0x0f, 0x28, 0x02, 0x0f, 0x27, 0x03, 0x0f, 0x27, 0x03, 0x0f, 0x29,
    0x03, 0x0f, 0x29, 0x02, 0x0f, 0x29, 0x01, 0x0f, 0x29, 0x01, 0x0f, 0x29, 0x01, 0x0f, 0x29, 0x02,
    0x0f, 0x29, 0x03, 0x0f, 0x29, 0x03, 0x0f, 0x29, 0x03, 0x0f, 0x29, 0x03, 0x0f, 0x29, 0x03, 0x0f,
    0x29, 0x03, 0x0f, 0x29, 0x03, 0x0f, 0x29, 0x03, 0x0f, 0x29, 0x03, 0x0f, 0x29, 0x03, 0x0f, 0x29,
    0x03, 0x0f, 0x29, 0x02, 0x0f, 0x29, 0x01, 0x0e, 0x28, 0x01, 0x0f, 0x29, 0x02, 0x0f, 0x29, 0x02,
    0x0f, 0x29, 0x01, 0x0f, 0x29, 0x03, 0x0f, 0x29, 0x03, 0x0f, 0x29, 0x02, 0x0f, 0x29, 0x02, 0x0f,
    0x29, 0x03, 0x0f, 0x29, 0x03, 0x0f, 0x29, 0x03, 0x0f, 0x29, 0x03, 0x0f, 0x29, 0x02, 0x0f, 0x29,
    0x03, 0x0f, 0x29, 0x03, 0x0f, 0x29, 0x02, 0x0f, 0x29, 0x02, 0x0f, 0x28, 0x02, 0x0f, 0x29, 0x02,
    0x0f, 0x29, 0x02, 0x0f, 0x29, 0x03, 0x0f, 0x29, 0x03, 0x0f, 0x28, 0x03, 0x0f, 0x27, 0x03, 0x0f,
    0x27, 0x03, 0x0f, 0x28, 0x03, 0x0f, 0x29, 0x03, 0x0f, 0x29, 0x03, 0x0f, 0x29, 0x02, 0x0f, 0x29,
    0x03, 0x0f, 0x29, 0x03, 0x0f, 0x29, 0x03, 0x0f, 0x28, 0x03, 0x0f, 0x27, 0x03, 0x0f, 0x28, 0x03,
    0x0f, 0x29, 0x03, 0x0f, 0x29, 0x02, 0x0f, 0x29, 0x02, 0x0f, 0x29, 0x01, 0x0f, 0x29, 0x02, 0x0f,
    0x29, 0x02, 0x0f, 0x29, 0x01, 0x0f, 0x29, 0x01, 0x0f, 0x29, 0x02, 0x0f, 0x29, 0x03, 0x0f, 0x29,
    0x03, 0x0f, 0x29, 0x02, 0x0e, 0x28, 0x03, 0x0f, 0x29, 0x03, 0x0f, 0x28, 0x03, 0x0f, 0x27, 0x03,
    0x0f, 0x28, 0x03, 0x0f, 0x29, 0x02, 0x0f, 0x29, 0x01, 0x0f, 0x29, 0x02, 0x0f, 0x29, 0x03, 0x0f,
    0x29, 0x03, 0x0f, 0x29, 0x01, 0x10, 0x27, 0x01, 0x10, 0x28, 0x01, 0x0f, 0x29, 0x01, 0x0f, 0x29,
    0x01, 0x0f, 0x29, 0x01, 0x0f, 0x29, 0x01, 0x0f, 0x29, 0x01, 0x0f, 0x29, 0x01, 0x0f, 0x29, 0x01,
    0x0f, 0x29, 0x01, 0x0f, 0x29, 0x01, 0x0f, 0x29, 0x01, 0x0f, 0x29, 0x01, 0x0f, 0x29, 0x03, 0x0f,
    0x29, 0x03, 0x0f, 0x29, 0x03, 0x0f, 0x29, 0x03, 0x0f, 0x29, 0x02, 0x0e, 0x28, 0x03, 0x0f, 0x29,
    0x02, 0x0f, 0x29, 0x01, 0x0f, 0x29, 0x01, 0x0f, 0x29, 0x01, 0x0f, 0x29, 0x01, 0x0f, 0x29, 0x01,
    0x0e, 0x28, 0x01, 0x0f, 0x29, 0x01, 0x0e, 0x28, 0x02, 0x0f, 0x29, 0x03, 0x0f, 0x29, 0x03, 0x0f,
    0x29, 0x03, 0x0f, 0x29, 0x02, 0x0f, 0x28, 0x01, 0x0f, 0x28, 0x01, 0x0e, 0x28, 0x01, 0x0e, 0x29,
    0x01, 0x0f, 0x29, 0x02, 0x0f, 0x29, 0x02, 0x0f, 0x29, 0x02, 0x0f, 0x29, 0x02, 0x0f, 0x29, 0x01,
    0x0f, 0x29, 0x01, 0x0f, 0x29, 0x01, 0x0f, 0x29, 0x01, 0x0f, 0x29, 0x01, 0x0f, 0x29, 0x02, 0x10,
    0x2a, 0x04, 0x10, 0x2a, 0x04, 0x0f, 0x29, 0x03, 0x0f, 0x29, 0x03, 0x0f, 0x29, 0x03, 0x0f, 0x29,
    0x03, 0x0f, 0x29, 0x02, 0x0f, 0x29, 0x01, 0x0f, 0x29, 0x01, 0x0f, 0x29, 0x01, 0x0f, 0x29, 0x03,
    0x0f, 0x29, 0x03, 0x0f, 0x29, 0x03, 0x0f, 0x29, 0x03, 0x0f, 0x29, 0x03, 0x0f, 0x27, 0x02, 0x0e,
    0x26, 0x03, 0x0f, 0x28, 0x03, 0x0f, 0x29, 0x02, 0x10, 0x28, 0x01, 0x10, 0x28, 0x02, 0x10, 0x2a,
    0x01, 0x0f, 0x29, 0x01, 0x0f, 0x29, 0x01, 0x0f, 0x29, 0x01, 0x0f, 0x29, 0x01, 0x10, 0x2a, 0x01,
    0x0e, 0x28, 0x1f, 0x2e, 0x4b, 0x51, 0x74, 0x9f, 0x3e, 0x62, 0x94, 0x3c, 0x5f, 0x8f, 0x39, 0x5b,
    0x8a, 0x35, 0x57, 0x85, 0x31, 0x53, 0x80, 0x2c, 0x4d, 0x7a, 0x41, 0x6d, 0x9c, 0x56, 0x9c, 0xdc,
    0x4b, 0x95, 0xdb, 0x4a, 0x93, 0xd9, 0x47, 0x91, 0xd7, 0x45, 0x8d, 0xd5, 0x43, 0x8a, 0xd2, 0x41,
    0x87, 0xcf, 0x3f, 0x85, 0xcd, 0x3c, 0x81, 0xcc, 0x39, 0x7e, 0xc9, 0x37, 0x7b, 0xc6, 0x35, 0x7a,
    0xc4, 0x34, 0x77, 0xc2, 0x33, 0x73, 0xc0, 0x3a, 0x75, 0xba, 0x9f, 0xbd, 0xdc, 0xe3, 0xec, 0xf8,
    0xdf, 0xeb, 0xf6, 0xdf, 0xe9, 0xf6, 0xdc, 0xe9, 0xf5, 0xdb, 0xe8, 0xf6, 0xdb, 0xe6, 0xf6, 0xd9,
    0xe5, 0xf5, 0xd8, 0xe5, 0xf5, 0xcf, 0xdf, 0xf1, 0x64, 0x84, 0xb0, 0x11, 0x43, 0x86, 0x12, 0x43,
    0x89, 0x12, 0x43, 0x8a, 0x12, 0x43, 0x8a, 0x14, 0x44, 0x8a, 0x13, 0x3a, 0x77, 0x7b, 0x94, 0xb6,
    0xc7, 0xd9, 0xef, 0xc7, 0xd9, 0xef, 0xc7, 0xd9, 0xef, 0xc8, 0xda, 0xf1, 0xc9, 0xda, 0xf1, 0xc9,
    0xdb, 0xf1, 0xca, 0xdd, 0xf1, 0xcc, 0xdd, 0xf3, 0xce, 0xdf, 0xf3, 0x86, 0xa4, 0xca, 0x19, 0x4c,
    0x99, 0x0f, 0x48, 0x9c, 0x11, 0x4b, 0x9f, 0x12, 0x4d, 0xa2, 0x13, 0x4f, 0xa5, 0x14, 0x52, 0xa7,
    0x15, 0x53, 0xa9, 0x15, 0x54, 0xab, 0x16, 0x56, 0xad, 0x17, 0x57, 0xae, 0x18, 0x59, 0xaf, 0x19,
    0x5a, 0xb1, 0x1a, 0x5c, 0xb2, 0x1c, 0x5f, 0xb5, 0x1d, 0x60, 0xb5, 0x26, 0x65, 0xb5, 0x1a, 0x44,
    0x7b, 0x0d, 0x2e, 0x60, 0x0e, 0x31, 0x63, 0x0f, 0x33, 0x66, 0x12, 0x36, 0x69, 0x13, 0x38, 0x6c,
    0x13, 0x3a, 0x6e, 0x22, 0x45, 0x76, 0x0e, 0x1e, 0x3b, 0x01, 0x0d, 0x27, 0x02, 0x0f, 0x29, 0x01,
    0x0f, 0x29, 0x01, 0x0f, 0x29, 0x01, 0x0f, 0x29, 0x02, 0x10, 0x2a, 0x03, 0x10, 0x2a, 0x03, 0x10,
    0x28, 0x02, 0x10, 0x29, 0x02, 0x10, 0x29, 0x01, 0x10, 0x28, 0x02, 0x10, 0x28, 0x01, 0x10, 0x28,
    0x01, 0x10, 0x28, 0x02, 0x0f, 0x28, 0x01, 0x0e, 0x29, 0x01, 0x0f, 0x29, 0x01, 0x0f, 0x29, 0x01,
    0x0f, 0x29, 0x02, 0x0f, 0x29, 0x03, 0x0e, 0x29, 0x01, 0x0f, 0x29, 0x02, 0x0f, 0x29, 0x03, 0x0f,
    0x29, 0x03, 0x0f, 0x29, 0x03, 0x0f, 0x29, 0x02, 0x0f, 0x28, 0x00, 0x0f, 0x28, 0x00, 0x0e, 0x28,
    0x01, 0x0f, 0x28, 0x02, 0x0f, 0x27, 0x03, 0x0f, 0x27, 0x02, 0x0f, 0x29, 0x03, 0x0e, 0x28, 0x02,
    0x0f, 0x29, 0x01, 0x0f, 0x29, 0x01, 0x0f, 0x29, 0x01, 0x0f, 0x29, 0x02, 0x0f, 0x29, 0x03, 0x0f,
    0x29, 0x03, 0x0f, 0x29, 0x03, 0x0f, 0x29, 0x03, 0x0f, 0x29, 0x03, 0x0f, 0x29, 0x03, 0x0f, 0x29,
    0x03, 0x0f, 0x29, 0x01, 0x0f, 0x29, 0x02, 0x0f, 0x27, 0x03, 0x0f, 0x27, 0x02, 0x0e, 0x27, 0x02,
    0x0f, 0x27, 0x01, 0x0f, 0x28, 0x01, 0x0f, 0x29, 0x01, 0x0f, 0x29, 0x01, 0x0f, 0x29, 0x01, 0x0f,
    0x29, 0x02, 0x0f, 0x29, 0x03, 0x0f, 0x29, 0x02, 0x0f, 0x28, 0x02, 0x0f, 0x28, 0x03, 0x0f, 0x29,
    0x03, 0x0f, 0x29, 0x03, 0x0f, 0x29, 0x02, 0x0f, 0x29, 0x01, 0x0e, 0x28, 0x01, 0x0f, 0x29, 0x01,
    0x0f, 0x29, 0x01, 0x0f, 0x29, 0x01, 0x0f, 0x29, 0x01, 0x0f, 0x29, 0x01, 0x0f, 0x2a, 0x01, 0x0f,
    0x29, 0x02, 0x0f, 0x28, 0x02, 0x0f, 0x28, 0x03, 0x0f, 0x28, 0x03, 0x0f, 0x28, 0x03, 0x0f, 0x29,
    0x03, 0x0f, 0x29, 0x03, 0x0f, 0x29, 0x02, 0x0e, 0x28, 0x01, 0x0e, 0x28, 0x01, 0x0e, 0x28, 0x01,
    0x0f, 0x29, 0x02, 0x0f, 0x29, 0x02, 0x0f, 0x27, 0x03, 0x0f, 0x28, 0x03, 0x0f, 0x29, 0x03, 0x0f,
    0x29, 0x01, 0x0f, 0x29, 0x01, 0x0f, 0x29, 0x01, 0x0f, 0x29, 0x01, 0x0f, 0x29, 0x02, 0x0f, 0x29,
    0x01, 0x0f, 0x29, 0x01, 0x0f, 0x29, 0x02, 0x0f, 0x29, 0x03, 0x0e, 0x28, 0x02, 0x0e, 0x28, 0x02,
    0x0e, 0x28, 0x03, 0x0f, 0x29, 0x03, 0x0f, 0x28, 0x03, 0x0f, 0x28, 0x03, 0x0f, 0x29, 0x03, 0x0f,
    0x29, 0x02, 0x0f, 0x28, 0x01, 0x0f, 0x27, 0x01, 0x0f, 0x29, 0x03, 0x0f, 0x29, 0x02, 0x0f, 0x28,
    0x01, 0x10, 0x27, 0x01, 0x10, 0x28, 0x02, 0x0f, 0x29, 0x02, 0x0f, 0x29, 0x02, 0x0f, 0x29, 0x02,
    0x0f, 0x29, 0x02, 0x0f, 0x29, 0x02, 0x0f, 0x29, 0x01, 0x0f, 0x29, 0x01, 0x0f, 0x29, 0x01, 0x0f,
    0x29, 0x01, 0x0f, 0x29, 0x01, 0x0f, 0x29, 0x01, 0x0f, 0x29, 0x03, 0x0f, 0x29, 0x03, 0x0f, 0x29,
    0x03, 0x0f, 0x28, 0x02, 0x0e, 0x28, 0x02, 0x0e, 0x28, 0x03, 0x0f, 0x29, 0x02, 0x0f, 0x29, 0x01,
    0x0f, 0x29, 0x01, 0x0f, 0x29, 0x01, 0x0f, 0x29, 0x01, 0x0f, 0x29, 0x01, 0x0f, 0x29, 0x01, 0x0f,
    0x29, 0x01, 0x0f, 0x29, 0x01, 0x0f, 0x29, 0x02, 0x0f, 0x29, 0x03, 0x0f, 0x29, 0x03, 0x0f, 0x29,
    0x02, 0x0e, 0x28, 0x00, 0x0e, 0x28, 0x01, 0x0f, 0x29, 0x01, 0x0f, 0x29, 0x01, 0x0f, 0x29, 0x01,
    0x0f, 0x29, 0x01, 0x0f, 0x29, 0x01, 0x0f, 0x29, 0x02, 0x0f, 0x29, 0x01, 0x0f, 0x29, 0x01, 0x0f,
    0x29, 0x01, 0x0f, 0x29, 0x01, 0x0f, 0x29, 0x01, 0x0f, 0x29, 0x01, 0x0f, 0x29, 0x03, 0x10, 0x2a,
    0x03, 0x0f, 0x29, 0x03, 0x0f, 0x29, 0x03, 0x0f, 0x29, 0x03, 0x0f, 0x29, 0x03, 0x0f, 0x29, 0x01,
    0x0f, 0x29, 0x01, 0x0f, 0x29, 0x01, 0x0f, 0x29, 0x01, 0x0f, 0x29, 0x03, 0x0f, 0x29, 0x03, 0x0f,
    0x29, 0x03, 0x0f, 0x29, 0x03, 0x0f, 0x29, 0x03, 0x0f, 0x28, 0x03, 0x0f, 0x27, 0x03, 0x0f, 0x28,
    0x03, 0x0f, 0x29, 0x02, 0x0f, 0x28, 0x02, 0x0f, 0x28, 0x03, 0x0f, 0x29, 0x02, 0x0f, 0x29, 0x03,
    0x0f, 0x29, 0x02, 0x0f, 0x29, 0x02, 0x0e, 0x28, 0x02, 0x10, 0x2a, 0x01, 0x0e, 0x28, 0x1e, 0x2e,
    0x4a, 0x51, 0x73, 0x9f, 0x3e, 0x62, 0x94, 0x3c, 0x5f, 0x8f, 0x38, 0x5b, 0x8a, 0x34, 0x56, 0x84,
    0x31, 0x53, 0x80, 0x2c, 0x4d, 0x7a, 0x42, 0x6e, 0x9d, 0x56, 0x9b, 0xdc, 0x4b, 0x94, 0xda, 0x49,
    0x92, 0xd8, 0x47, 0x90, 0xd6, 0x44, 0x8c, 0xd4, 0x42, 0x89, 0xd1, 0x40, 0x86, 0xcf, 0x3e, 0x83,
    0xcd, 0x3b, 0x81, 0xcb, 0x39, 0x7d, 0xc9, 0x36, 0x7a, 0xc5, 0x34, 0x78, 0xc4, 0x32, 0x75, 0xc2,
    0x34, 0x72, 0xbc, 0x8c, 0xb0, 0xd7, 0xe1, 0xeb, 0xf7, 0xe1, 0xec, 0xf7, 0xdf, 0xea, 0xf7, 0xde,
    0xe9, 0xf8, 0xdd, 0xe9, 0xf6, 0xdb, 0xe8, 0xf6, 0xdb, 0xe6, 0xf6, 0xd9, 0xe6, 0xf6, 0xd6, 0xe5,
    0xf4, 0x7c, 0x9a, 0xbf, 0x18, 0x49, 0x8e, 0x12, 0x47, 0x90, 0x14, 0x47, 0x92, 0x13, 0x47, 0x92,
    0x13, 0x47, 0x91, 0x16, 0x49, 0x91, 0x0c, 0x38, 0x7a, 0x1d, 0x41, 0x7b, 0x92, 0xaa, 0xcb, 0xc8,
    0xdb, 0xf0, 0xc7, 0xd9, 0xee, 0xc7, 0xd9, 0xf0, 0xc8, 0xda, 0xef, 0xc8, 0xdb, 0xf0, 0xca, 0xdb,
    0xf2, 0xca, 0xdc, 0xf2, 0xcb, 0xdd, 0xf2, 0xc9, 0xdb, 0xf3, 0x6e, 0x90, 0xc0, 0x13, 0x49, 0x9a,
    0x11, 0x4b, 0x9e, 0x12, 0x4e, 0xa2, 0x13, 0x50, 0xa6, 0x14, 0x52, 0xa7, 0x14, 0x53, 0xa9, 0x15,
    0x54, 0xab, 0x16, 0x56, 0xad, 0x17, 0x57, 0xae, 0x18, 0x59, 0xb0, 0x19, 0x5b, 0xb1, 0x1b, 0x5d,
    0xb3, 0x1c, 0x5f, 0xb5, 0x1c, 0x60, 0xb5, 0x26, 0x66, 0xb6, 0x1a, 0x43, 0x7b, 0x0c, 0x2e, 0x60,
    0x0e, 0x31, 0x63, 0x10, 0x34, 0x67, 0x11, 0x35, 0x69, 0x13, 0x37, 0x6c, 0x13, 0x39, 0x6e, 0x21,
    0x45, 0x76, 0x0e, 0x1e, 0x3b, 0x01, 0x0d, 0x28, 0x02, 0x0f, 0x29, 0x01, 0x0f, 0x29, 0x02, 0x10,
    0x2a, 0x02, 0x10, 0x2a, 0x02, 0x10, 0x2a, 0x02, 0x10, 0x2a, 0x02, 0x10, 0x29, 0x02, 0x10, 0x29,
    0x02, 0x10, 0x2a, 0x03, 0x10, 0x29, 0x03, 0x10, 0x29, 0x02, 0x0f, 0x28, 0x02, 0x0f, 0x28, 0x01,
    0x0f, 0x28, 0x01, 0x0f, 0x29, 0x01, 0x0f, 0x29, 0x01, 0x0f, 0x29, 0x02, 0x0f, 0x28, 0x03, 0x0f,
    0x27, 0x03, 0x0f, 0x27, 0x02, 0x0f, 0x27, 0x02, 0x0f, 0x28, 0x01, 0x0f, 0x29, 0x01, 0x0f, 0x29,
    0x01, 0x0f, 0x29, 0x01, 0x0f, 0x28, 0x01, 0x0f, 0x28, 0x01, 0x0f, 0x29, 0x01, 0x0f, 0x29, 0x01,
    0x10, 0x28, 0x02, 0x0f, 0x27, 0x02, 0x10, 0x28, 0x02, 0x10, 0x28, 0x02, 0x10, 0x28, 0x01, 0x0f,
    0x29, 0x01, 0x0f, 0x29, 0x01, 0x0f, 0x29, 0x02, 0x0f, 0x29, 0x03, 0x0f, 0x29, 0x03, 0x0f, 0x29,
    0x03, 0x0f, 0x29, 0x03, 0x0f, 0x29, 0x03, 0x0f, 0x29, 0x03, 0x0f, 0x29, 0x03, 0x0f, 0x29, 0x02,
    0x0f, 0x29, 0x03, 0x0f, 0x28, 0x03, 0x0f, 0x28, 0x01, 0x0f, 0x28, 0x01, 0x0f, 0x28, 0x02, 0x0f,
    0x29, 0x02, 0x0f, 0x29, 0x02, 0x0f, 0x29, 0x01, 0x0f, 0x29, 0x02, 0x0f, 0x28, 0x03, 0x0f, 0x28,
    0x03, 0x0f, 0x28, 0x03, 0x0f, 0x27, 0x03, 0x0f, 0x28, 0x03, 0x0f, 0x29, 0x03, 0x0f, 0x29, 0x03,
    0x0f, 0x29, 0x03, 0x0f, 0x29, 0x02, 0x0f, 0x29, 0x02, 0x0f, 0x29, 0x02, 0x0f, 0x29, 0x02, 0x0f,
    0x29, 0x02, 0x0f, 0x29, 0x02, 0x0f, 0x29, 0x03, 0x0f, 0x29, 0x02, 0x0f, 0x28, 0x03, 0x10, 0x27,
    0x03, 0x0f, 0x27, 0x03, 0x0f, 0x28, 0x03, 0x0f, 0x28, 0x03, 0x0f, 0x29, 0x03, 0x0f, 0x29, 0x03,
    0x0e, 0x28, 0x02, 0x0f, 0x29, 0x01, 0x0f, 0x29, 0x01, 0x0f, 0x29, 0x02, 0x0f, 0x29, 0x02, 0x0f,
    0x29, 0x02, 0x0f, 0x28, 0x02, 0x0f, 0x29, 0x03, 0x0f, 0x28, 0x03, 0x0f, 0x27, 0x01, 0x0f, 0x29,
    0x01, 0x0f, 0x29, 0x01, 0x0f, 0x29, 0x01, 0x0f, 0x29, 0x02, 0x0f, 0x29, 0x03, 0x0f, 0x29, 0x02,
    0x0f, 0x29, 0x02, 0x0f, 0x29, 0x03, 0x0f, 0x29, 0x02, 0x0f, 0x29, 0x01, 0x0f, 0x29, 0x01, 0x0f,
    0x29, 0x03, 0x0f, 0x28, 0x03, 0x0f, 0x28, 0x03, 0x0f, 0x28, 0x03, 0x0f, 0x27, 0x03, 0x0f, 0x27,
    0x02, 0x0f, 0x27, 0x02, 0x0f, 0x27, 0x03, 0x0f, 0x27, 0x02, 0x0f, 0x27, 0x01, 0x10, 0x27, 0x01,
    0x0f, 0x27, 0x03, 0x0f, 0x27, 0x03, 0x0f, 0x28, 0x03, 0x0f, 0x29, 0x02, 0x0f, 0x29, 0x02, 0x0f,
    0x29, 0x02, 0x0f, 0x29, 0x01, 0x0f, 0x29, 0x01, 0x0f, 0x29, 0x01, 0x0f, 0x29, 0x01, 0x0f, 0x29,
    0x01, 0x0f, 0x29, 0x02, 0x0f, 0x29, 0x03, 0x0f, 0x29, 0x02, 0x0f, 0x29, 0x02, 0x0f, 0x28, 0x03,
    0x0f, 0x28, 0x02, 0x0e, 0x27, 0x03, 0x0f, 0x28, 0x03, 0x0f, 0x29, 0x03, 0x0f, 0x29, 0x02, 0x0f,
    0x29, 0x02, 0x0f, 0x29, 0x02, 0x0f, 0x29, 0x01, 0x0f, 0x29, 0x01, 0x0f, 0x29, 0x01, 0x0f, 0x29,
    0x02, 0x0f, 0x29, 0x02, 0x0f, 0x29, 0x02, 0x0f, 0x29, 0x03, 0x0f, 0x29, 0x02, 0x0e, 0x28, 0x02,
    0x0f, 0x29, 0x02, 0x0f, 0x29, 0x01, 0x0f, 0x29, 0x01, 0x0f, 0x29, 0x01, 0x0f, 0x29, 0x01, 0x0f,
    0x29, 0x01, 0x0f, 0x29, 0x01, 0x0f, 0x29, 0x01, 0x0f, 0x29, 0x01, 0x0f, 0x29, 0x01, 0x0f, 0x29,
    0x01, 0x0f, 0x29, 0x02, 0x10, 0x2a, 0x02, 0x10, 0x2a, 0x02, 0x0f, 0x29, 0x03, 0x0f, 0x29, 0x03,
    0x0f, 0x29, 0x03, 0x0f, 0x29, 0x03, 0x0f, 0x29, 0x03, 0x0f, 0x29, 0x01, 0x0f, 0x29, 0x01, 0x0f,
    0x29, 0x01, 0x0f, 0x29, 0x01, 0x0f, 0x29, 0x03, 0x0f, 0x29, 0x03, 0x0f, 0x29, 0x03, 0x0f, 0x29,
    0x03, 0x0f, 0x29, 0x02, 0x0f, 0x29, 0x02, 0x0e, 0x28, 0x03, 0x0f, 0x28, 0x03, 0x0f, 0x29, 0x02,
    0x0f, 0x28, 0x02, 0x10, 0x27, 0x02, 0x10, 0x28, 0x02, 0x10, 0x28, 0x02, 0x0f, 0x28, 0x03, 0x0f,
    0x29, 0x03, 0x0f, 0x29, 0x02, 0x10, 0x2a, 0x01, 0x0e, 0x28, 0x1e, 0x2e, 0x4a, 0x4f, 0x72, 0x9d,
    0x3d, 0x62, 0x94, 0x3c, 0x5e, 0x8f, 0x38, 0x5a, 0x8a, 0x34, 0x56, 0x84, 0x30, 0x52, 0x80, 0x2b,
    0x4d, 0x7a, 0x42, 0x6e, 0x9e, 0x55, 0x9a, 0xdc, 0x4a, 0x93, 0xda, 0x49, 0x91, 0xd7, 0x46, 0x8e,
    0xd5, 0x44, 0x8c, 0xd4, 0x41, 0x89, 0xd1, 0x40, 0x86, 0xce, 0x3d, 0x82, 0xcd, 0x3b, 0x7f, 0xc9,
    0x37, 0x7d, 0xc6, 0x36, 0x7a, 0xc4, 0x33, 0x77, 0xc1, 0x31, 0x72, 0xbd, 0x77, 0xa3, 0xcf, 0xdb,
    0xea, 0xf5, 0xe3, 0xec, 0xf8, 0xe0, 0xeb, 0xf7, 0xdf, 0xea, 0xf7, 0xdd, 0xe9, 0xf7, 0xdc, 0xe8,
    0xf7, 0xdc, 0xe7, 0xf8, 0xd9, 0xe7, 0xf6, 0xda, 0xe6, 0xf8, 0x92, 0xad, 0xce, 0x22, 0x51, 0x95,
    0x15, 0x4a, 0x95, 0x16, 0x4b, 0x97, 0x15, 0x4b, 0x97, 0x15, 0x4a, 0x97, 0x14, 0x4a, 0x95, 0x18,
    0x4b, 0x96, 0x0e, 0x3b, 0x7e, 0x0b, 0x36, 0x79, 0x2d, 0x53, 0x8c, 0xa7, 0xbd, 0xd7, 0xc7, 0xdb,
    0xf0, 0xc5, 0xd9, 0xf0, 0xc7, 0xd9, 0xef, 0xc8, 0xda, 0xf0, 0xc9, 0xdb, 0xf1, 0xc9, 0xdb, 0xf1,
    0xc9, 0xda, 0xf1, 0xc9, 0xdc, 0xf2, 0xc2, 0xd6, 0xef, 0x59, 0x80, 0xb7, 0x10, 0x4a, 0x9c, 0x13,
    0x4e, 0xa4, 0x14, 0x50, 0xa5, 0x14, 0x52, 0xa8, 0x14, 0x54, 0xaa, 0x15, 0x55, 0xac, 0x16, 0x56,
    0xad, 0x17, 0x57, 0xae, 0x18, 0x5a, 0xb0, 0x1a, 0x5c, 0xb2, 0x1b, 0x5d, 0xb3, 0x1c, 0x5f, 0xb5,
    0x1c, 0x60, 0xb6, 0x25, 0x66, 0xb6, 0x1a, 0x43, 0x7a, 0x0b, 0x2e, 0x60, 0x0e, 0x30, 0x64, 0x0f,
    0x33, 0x67, 0x11, 0x35, 0x6a, 0x13, 0x38, 0x6c, 0x13, 0x3a, 0x6f, 0x21, 0x45, 0x77, 0x0e, 0x1e,
    0x3c, 0x02, 0x0e, 0x28, 0x01, 0x0f, 0x29, 0x01, 0x0f, 0x29, 0x02, 0x10, 0x2a, 0x01, 0x0f, 0x29,
    0x02, 0x0f, 0x29, 0x03, 0x0f, 0x29, 0x02, 0x0f, 0x29, 0x03, 0x0f, 0x29, 0x03, 0x0f, 0x29, 0x02,
    0x10, 0x2a, 0x02, 0x0f, 0x29, 0x02, 0x0f, 0x29, 0x01, 0x0f, 0x29, 0x00, 0x0e, 0x28, 0x00, 0x0e,
    0x28, 0x00, 0x0e, 0x28, 0x01, 0x0e, 0x28, 0x01, 0x0e, 0x28, 0x01, 0x0f, 0x28, 0x01, 0x0e, 0x28,
    0x01, 0x0e, 0x28, 0x01, 0x0f, 0x28, 0x01, 0x0f, 0x29, 0x01, 0x0f, 0x29, 0x01, 0x0f, 0x29, 0x01,
    0x0f, 0x29, 0x01, 0x0e, 0x28, 0x01, 0x0f, 0x29, 0x01, 0x0f, 0x29, 0x01, 0x0f, 0x28, 0x01, 0x0f,
    0x28, 0x01, 0x0f, 0x28, 0x01, 0x0f, 0x28, 0x01, 0x10, 0x29, 0x02, 0x10, 0x2a, 0x02, 0x10, 0x2a,
    0x01, 0x0f, 0x29, 0x01, 0x0f, 0x29, 0x02, 0x0f, 0x29, 0x02, 0x0f, 0x29, 0x02, 0x0f, 0x29, 0x02,
    0x0f, 0x29, 0x03, 0x0f, 0x29, 0x03, 0x0f, 0x29, 0x03, 0x0f, 0x29, 0x03, 0x0f, 0x29, 0x03, 0x0f,
    0x29, 0x03, 0x0f, 0x29, 0x01, 0x0f, 0x29, 0x01, 0x0f, 0x29, 0x02, 0x0f, 0x29, 0x03, 0x0f, 0x29,
    0x03, 0x0f, 0x29, 0x03, 0x0f, 0x29, 0x03, 0x0f, 0x28, 0x03, 0x0f, 0x27, 0x03, 0x0f, 0x27, 0x03,
    0x0f, 0x27, 0x03, 0x0f, 0x28, 0x03, 0x0f, 0x29, 0x03, 0x0f, 0x29, 0x03, 0x0f, 0x29, 0x03, 0x0f,
    0x29, 0x03, 0x0f, 0x29, 0x03, 0x0f, 0x29, 0x03, 0x0f, 0x29, 0x02, 0x0f, 0x29, 0x02, 0x0f, 0x29,
    0x02, 0x0f, 0x29, 0x02, 0x0f, 0x29, 0x02, 0x0f, 0x29, 0x03, 0x0f, 0x29, 0x03, 0x0f, 0x28, 0x03,
    0x0f, 0x28, 0x03, 0x0f, 0x28, 0x03, 0x0f, 0x29, 0x03, 0x0f, 0x29, 0x03, 0x0f, 0x29, 0x02, 0x0f,
    0x29, 0x01, 0x0f, 0x29, 0x01, 0x0f, 0x29, 0x03, 0x0f, 0x29, 0x03, 0x0f, 0x29, 0x01, 0x0f, 0x29,
    0x01, 0x0f, 0x29, 0x02, 0x0e, 0x28, 0x03, 0x0f, 0x27, 0x02, 0x0f, 0x29, 0x01, 0x0f, 0x29, 0x01,
    0x0f, 0x29, 0x01, 0x0f, 0x29, 0x02, 0x0f, 0x29, 0x03, 0x0f, 0x29, 0x03, 0x0f, 0x29, 0x03, 0x0f,
    0x29, 0x03, 0x0f, 0x29, 0x01, 0x0f, 0x29, 0x01, 0x0f, 0x29, 0x01, 0x0f, 0x29, 0x02, 0x0f, 0x29,
    0x03, 0x0f, 0x29, 0x03, 0x0f, 0x29, 0x03, 0x0f, 0x28, 0x02, 0x0f, 0x28, 0x01, 0x0e, 0x28, 0x01,
    0x0e, 0x27, 0x01, 0x0e, 0x28, 0x01, 0x0e, 0x27, 0x01, 0x0f, 0x28, 0x01, 0x0f, 0x28, 0x02, 0x0f,
    0x28, 0x03, 0x0f, 0x28, 0x02, 0x0f, 0x29, 0x01, 0x0f, 0x29, 0x01, 0x0f, 0x29, 0x01, 0x0f, 0x29,
    0x01, 0x0f, 0x29, 0x01, 0x0f, 0x29, 0x01, 0x0f, 0x29, 0x01, 0x0f, 0x29, 0x01, 0x0f, 0x29, 0x02,
    0x0f, 0x29, 0x02, 0x0f, 0x29, 0x01, 0x0f, 0x29, 0x02, 0x0f, 0x29, 0x03, 0x0f, 0x29, 0x03, 0x0f,
    0x28, 0x03, 0x0f, 0x28, 0x03, 0x0f, 0x29, 0x03, 0x0f, 0x29, 0x03, 0x0f, 0x29, 0x03, 0x0f, 0x29,
    0x02, 0x0f, 0x29, 0x01, 0x0f, 0x29, 0x01, 0x0f, 0x29, 0x01, 0x0f, 0x29, 0x02, 0x0f, 0x29, 0x03,
    0x0f, 0x29, 0x02, 0x0e, 0x28, 0x02, 0x0e, 0x28, 0x02, 0x0e, 0x28, 0x03, 0x0f, 0x29, 0x02, 0x0f,
    0x29, 0x01, 0x0f, 0x29, 0x01, 0x0f, 0x29, 0x01, 0x0f, 0x29, 0x01, 0x0f, 0x29, 0x01, 0x0f, 0x29,
    0x01, 0x0f, 0x29, 0x01, 0x0f, 0x29, 0x01, 0x0f, 0x29, 0x01, 0x0f, 0x29, 0x01, 0x0f, 0x29, 0x01,
    0x0f, 0x29, 0x01, 0x0f, 0x29, 0x02, 0x0f, 0x29, 0x03, 0x0f, 0x29, 0x03, 0x0f, 0x29, 0x03, 0x0f,
    0x29, 0x03, 0x0f, 0x29, 0x03, 0x0f, 0x29, 0x01, 0x0f, 0x29, 0x01, 0x0f, 0x29, 0x01, 0x0f, 0x29,
    0x01, 0x0f, 0x29, 0x03, 0x0f, 0x29, 0x03, 0x0f, 0x29, 0x03, 0x0f, 0x29, 0x03, 0x0f, 0x29, 0x02,
    0x0f, 0x29, 0x02, 0x0f, 0x29, 0x03, 0x0f, 0x29, 0x03, 0x0f, 0x29, 0x03, 0x0f, 0x29, 0x03, 0x10,
    0x29, 0x03, 0x10, 0x29, 0x02, 0x10, 0x28, 0x03, 0x0f, 0x29, 0x03, 0x0f, 0x29, 0x03, 0x0f, 0x29,
    0x02, 0x10, 0x2a, 0x01, 0x0e, 0x28, 0x1e, 0x2d, 0x4a, 0x4f, 0x71, 0x9c, 0x3d, 0x61, 0x93, 0x3b,
    0x5e, 0x8f, 0x38, 0x5a, 0x8a, 0x34, 0x56, 0x84, 0x30, 0x52, 0x80, 0x2b, 0x4c, 0x7a, 0x41, 0x6d,
    0x9e, 0x54, 0x99, 0xdb, 0x49, 0x92, 0xd9, 0x48, 0x90, 0xd7, 0x45, 0x8e, 0xd5, 0x43, 0x8a, 0xd2,
    0x41, 0x88, 0xd0, 0x3f, 0x85, 0xcd, 0x3c, 0x81, 0xcc, 0x3a, 0x7e, 0xca, 0x38, 0x7b, 0xc5, 0x35,
    0x79, 0xc2, 0x30, 0x75, 0xc0, 0x68, 0x97, 0xca, 0xd4, 0xe4, 0xf5, 0xe2, 0xed, 0xfa, 0xe1, 0xeb,
    0xf9, 0xe0, 0xeb, 0xf7, 0xde, 0xea, 0xf7, 0xdd, 0xe9, 0xf7, 0xdc, 0xe8, 0xf7, 0xdb, 0xe7, 0xf7,
    0xdb, 0xe9, 0xf6, 0xa8, 0xbd, 0xd9, 0x2b, 0x5b, 0x9b, 0x15, 0x4c, 0x98, 0x17, 0x4e, 0x9b, 0x17,
    0x4e, 0x9c, 0x16, 0x4e, 0x9d, 0x16, 0x4d, 0x9c, 0x14, 0x4c, 0x98, 0x19, 0x4e, 0x9a, 0x0f, 0x3e,
    0x82, 0x0d, 0x3a, 0x7f, 0x0c, 0x3a, 0x7e, 0x40, 0x64, 0x98, 0xb5, 0xcb, 0xe4, 0xc8, 0xda, 0xef,
    0xc7, 0xd9, 0xf0, 0xc7, 0xd9, 0xf0, 0xc7, 0xd9, 0xf1, 0xc8, 0xda, 0xf1, 0xc7, 0xda, 0xf2, 0xc9,
    0xda, 0xf0, 0xca, 0xdc, 0xf3, 0xba, 0xcf, 0xea, 0x47, 0x71, 0xaf, 0x10, 0x4d, 0x9f, 0x14, 0x51,
    0xa4, 0x15, 0x52, 0xa7, 0x17, 0x54, 0xab, 0x16, 0x56, 0xad, 0x17, 0x57, 0xae, 0x17, 0x58, 0xaf,
    0x18, 0x5a, 0xb0, 0x1a, 0x5c, 0xb2, 0x1c, 0x5e, 0xb4, 0x1c, 0x60, 0xb5, 0x1c, 0x60, 0xb6, 0x24,
    0x66, 0xb7, 0x19, 0x42, 0x7b, 0x0b, 0x2e, 0x61, 0x0d, 0x31, 0x64, 0x10, 0x34, 0x68, 0x11, 0x36,
    0x6a, 0x13, 0x38, 0x6d, 0x13, 0x3a, 0x6f, 0x22, 0x46, 0x78, 0x0e, 0x1e, 0x3c, 0x01, 0x0e, 0x28,
    0x01, 0x0f, 0x29, 0x01, 0x0f, 0x29, 0x02, 0x10, 0x2a, 0x02, 0x10, 0x2a, 0x02, 0x10, 0x2a, 0x03,
    0x10, 0x2a, 0x03, 0x0f, 0x29, 0x03, 0x0f, 0x29, 0x03, 0x0f, 0x29, 0x02, 0x0f, 0x29, 0x01, 0x0f,
    0x29, 0x01, 0x0f, 0x29, 0x01, 0x0f, 0x29, 0x01, 0x0f, 0x29, 0x01, 0x0f, 0x29, 0x00, 0x0e, 0x28,
    0x00, 0x0e, 0x28, 0x00, 0x0e, 0x29, 0x00, 0x0f, 0x29, 0x00, 0x0e, 0x28, 0x01, 0x0f, 0x29, 0x01,
    0x0f, 0x29, 0x00, 0x0e, 0x28, 0x01, 0x0f, 0x29, 0x01, 0x0f, 0x29, 0x01, 0x0e, 0x28, 0x02, 0x0f,
    0x29, 0x03, 0x0f, 0x29, 0x03, 0x0f, 0x29, 0x02, 0x0f, 0x29, 0x01, 0x0f, 0x29, 0x01, 0x0f, 0x29,
    0x01, 0x0f, 0x29, 0x01, 0x0f, 0x29, 0x01, 0x0f, 0x29, 0x01, 0x0f, 0x29, 0x01, 0x0f, 0x29, 0x01,
    0x0f, 0x29, 0x01, 0x0f, 0x29, 0x01, 0x0f, 0x29, 0x01, 0x0f, 0x29, 0x01, 0x0f, 0x29, 0x03, 0x0f,
    0x29, 0x03, 0x0f, 0x29, 0x02, 0x0e, 0x28, 0x03, 0x0f, 0x29, 0x03, 0x0f, 0x29, 0x03, 0x0f, 0x29,
    0x01, 0x0f, 0x29, 0x00, 0x0e, 0x28, 0x01, 0x0e, 0x28, 0x01, 0x0e, 0x28, 0x03, 0x0f, 0x29, 0x04,
    0x0f, 0x29, 0x03, 0x0f, 0x29, 0x03, 0x0f, 0x28, 0x03, 0x0f, 0x28, 0x03, 0x0f, 0x28, 0x03, 0x0f,
    0x29, 0x03, 0x0f, 0x29, 0x03, 0x0f, 0x29, 0x03, 0x0f, 0x29, 0x03, 0x0f, 0x29, 0x03, 0x0f, 0x29,
    0x03, 0x0f, 0x29, 0x03, 0x0f, 0x29, 0x02, 0x0f, 0x29, 0x01, 0x0f, 0x29, 0x01, 0x0f, 0x29, 0x01,
    0x0f, 0x29, 0x02, 0x0f, 0x29, 0x03, 0x0f, 0x29, 0x03, 0x0f, 0x29, 0x03, 0x0f, 0x29, 0x03, 0x0f,
    0x29, 0x02, 0x0f, 0x29, 0x02, 0x0f, 0x29, 0x02, 0x0f, 0x29, 0x02, 0x0f, 0x29, 0x01, 0x0f, 0x29,
    0x01, 0x0f, 0x29, 0x03, 0x0f, 0x29, 0x03, 0x0f, 0x29, 0x02, 0x0f, 0x29, 0x02, 0x0f, 0x29, 0x02,
    0x0f, 0x29, 0x01, 0x0f, 0x29, 0x01, 0x0f, 0x29, 0x01, 0x0f, 0x29, 0x01, 0x0f, 0x29, 0x01, 0x0f,
    0x29, 0x02, 0x0f, 0x29, 0x03, 0x0f, 0x29, 0x03, 0x0f, 0x29, 0x03, 0x0f, 0x29, 0x02, 0x0f, 0x29,
    0x02, 0x0f, 0x29, 0x02, 0x0f, 0x29, 0x02, 0x0f, 0x29, 0x03, 0x0f, 0x29, 0x03, 0x0f, 0x29, 0x03,
    0x0f, 0x29, 0x03, 0x0f, 0x29, 0x02, 0x0f, 0x29, 0x00, 0x0f, 0x29, 0x00, 0x0e, 0x28, 0x00, 0x0e,
    0x28, 0x00, 0x0e, 0x28, 0x00, 0x0e, 0x28, 0x01, 0x0e, 0x28, 0x02, 0x0e, 0x29, 0x02, 0x0f, 0x29,
    0x01, 0x0f, 0x29, 0x01, 0x0f, 0x29, 0x01, 0x0f, 0x29, 0x01, 0x0f, 0x29, 0x01, 0x0f, 0x29, 0x01,
    0x0f, 0x29, 0x01, 0x0f, 0x29, 0x01, 0x0f, 0x29, 0x01, 0x0f, 0x29, 0x03, 0x0f, 0x29, 0x03, 0x0f,
    0x29, 0x01, 0x0f, 0x29, 0x02, 0x0f, 0x29, 0x03, 0x0f, 0x29, 0x02, 0x0e, 0x28, 0x03, 0x0f, 0x29,
    0x02, 0x0e, 0x28, 0x03, 0x0f, 0x29, 0x03, 0x0f, 0x29, 0x03, 0x0f, 0x29, 0x02, 0x0f, 0x29, 0x01,
    0x0f, 0x29, 0x01, 0x0f, 0x29, 0x01, 0x0f, 0x29, 0x02, 0x0f, 0x29, 0x03, 0x0f, 0x29, 0x03, 0x0f,
    0x29, 0x03, 0x0f, 0x29, 0x03, 0x0f, 0x29, 0x03, 0x0f, 0x29, 0x02, 0x0f, 0x29, 0x01, 0x0f, 0x29,
    0x01, 0x0f, 0x29, 0x01, 0x0f, 0x29, 0x01, 0x0f, 0x29, 0x01, 0x0f, 0x29, 0x01, 0x0f, 0x29, 0x01,
    0x0f, 0x29, 0x01, 0x0f, 0x29, 0x01, 0x0f, 0x29, 0x01, 0x0f, 0x29, 0x01, 0x0f, 0x29, 0x01, 0x0f,
    0x29, 0x02, 0x0f, 0x29, 0x03, 0x0f, 0x29, 0x03, 0x0f, 0x29, 0x03, 0x0f, 0x29, 0x03, 0x0f, 0x29,
    0x03, 0x0f, 0x29, 0x02, 0x0f, 0x29, 0x01, 0x0f, 0x29, 0x01, 0x0f, 0x29, 0x01, 0x0f, 0x29, 0x02,
    0x0f, 0x29, 0x03, 0x0f, 0x29, 0x03, 0x0f, 0x29, 0x03, 0x0f, 0x29, 0x02, 0x0f, 0x29, 0x01, 0x0e,
    0x28, 0x02, 0x0e, 0x28, 0x02, 0x0e, 0x28, 0x03, 0x0f, 0x29, 0x03, 0x0f, 0x29, 0x03, 0x0f, 0x29,
    0x03, 0x0f, 0x29, 0x03, 0x0f, 0x29, 0x02, 0x0f, 0x29, 0x03, 0x0f, 0x29, 0x02, 0x10, 0x2a, 0x02,
    0x0e, 0x28, 0x1d, 0x2d, 0x49, 0x4f, 0x71, 0x9c, 0x3d, 0x62, 0x93, 0x3b, 0x5e, 0x8f, 0x37, 0x59,
    0x8a, 0x33, 0x55, 0x84, 0x30, 0x52, 0x80, 0x2b, 0x4c, 0x7a, 0x40, 0x6c, 0x9d, 0x53, 0x98, 0xda,
    0x48, 0x91, 0xd8, 0x46, 0x8f, 0xd6, 0x44, 0x8d, 0xd4, 0x43, 0x89, 0xd2, 0x41, 0x87, 0xcf, 0x3e,
    0x84, 0xcc, 0x3c, 0x81, 0xcb, 0x39, 0x7e, 0xc7, 0x38, 0x7a, 0xc4, 0x31, 0x75, 0xc1, 0x59, 0x8d,
    0xc6, 0xca, 0xde, 0xf0, 0xe4, 0xef, 0xf9, 0xe2, 0xec, 0xf8, 0xe0, 0xec, 0xf7, 0xe0, 0xeb, 0xf8,
    0xdd, 0xea, 0xf7, 0xdc, 0xe8, 0xf7, 0xdb, 0xe7, 0xf7, 0xdb, 0xe9, 0xf8, 0xb8, 0xcd, 0xe3, 0x3b,
    0x68, 0xa3, 0x16, 0x4e, 0x99, 0x19, 0x50, 0x9e, 0x18, 0x51, 0xa0, 0x18, 0x51, 0xa1, 0x18, 0x51,
    0xa1, 0x17, 0x50, 0x9f, 0x15, 0x4e, 0x9d, 0x1a, 0x51, 0x9f, 0x11, 0x41, 0x87, 0x0f, 0x3c, 0x82,
    0x0f, 0x3e, 0x85, 0x0e, 0x3d, 0x84, 0x57, 0x79, 0xa7, 0xc1, 0xd4, 0xeb, 0xc7, 0xd9, 0xf1, 0xc5,
    0xd8, 0xf1, 0xc5, 0xd9, 0xf1, 0xc6, 0xd9, 0xf1, 0xc7, 0xda, 0xf1, 0xc8, 0xda, 0xf2, 0xc9, 0xdb,
    0xf1, 0xcc, 0xdd, 0xf4, 0xad, 0xc6, 0xe3, 0x36, 0x65, 0xaa, 0x12, 0x50, 0xa4, 0x16, 0x53, 0xa5,
    0x17, 0x54, 0xab, 0x17, 0x56, 0xad, 0x17, 0x58, 0xae, 0x17, 0x59, 0xaf, 0x19, 0x5b, 0xb1, 0x1b,
    0x5d, 0xb2, 0x1c, 0x5e, 0xb4, 0x1d, 0x60, 0xb5, 0x1c, 0x60, 0xb6, 0x25, 0x66, 0xb7, 0x1a, 0x43,
    0x7c, 0x0b, 0x2f, 0x62, 0x0e, 0x32, 0x65, 0x0f, 0x34, 0x68, 0x11, 0x36, 0x6b, 0x13, 0x39, 0x6e,
    0x13, 0x3b, 0x70, 0x22, 0x45, 0x78, 0x0e, 0x1e, 0x3c, 0x01, 0x0e, 0x28, 0x01, 0x0f, 0x29, 0x01,
    0x0f, 0x29, 0x01, 0x0f, 0x29, 0x01, 0x0f, 0x29, 0x02, 0x0f, 0x29, 0x02, 0x0f, 0x29, 0x02, 0x0f,
    0x29, 0x02, 0x0f, 0x29, 0x02, 0x10, 0x2a, 0x02, 0x0f, 0x29, 0x01, 0x0f, 0x29, 0x01, 0x0f, 0x29,
    0x01, 0x0f, 0x29, 0x01, 0x0f, 0x29, 0x01, 0x0f, 0x29, 0x01, 0x0f, 0x29, 0x01, 0x0f, 0x29, 0x00,
    0x0e, 0x29, 0x00, 0x0f, 0x29, 0x01, 0x0f, 0x29, 0x01, 0x0f, 0x29, 0x01, 0x0f, 0x29, 0x01, 0x0f,
    0x29, 0x00, 0x0e, 0x28, 0x00, 0x0e, 0x28, 0x01, 0x0f, 0x28, 0x01, 0x0f, 0x29, 0x01, 0x0f, 0x29,
    0x01, 0x0f, 0x29, 0x01, 0x0f, 0x29, 0x01, 0x0f, 0x29, 0x01, 0x0f, 0x29, 0x01, 0x0f, 0x29, 0x01,
    0x0f, 0x29, 0x02, 0x10, 0x2a, 0x01, 0x0f, 0x29, 0x01, 0x0f, 0x29, 0x01, 0x0f, 0x29, 0x01, 0x0f,
    0x29, 0x01, 0x0f, 0x29, 0x01, 0x0f, 0x29, 0x02, 0x0f, 0x29, 0x03, 0x0f, 0x29, 0x03, 0x0f, 0x29,
    0x03, 0x0f, 0x29, 0x03, 0x0f, 0x29, 0x03, 0x0f, 0x29, 0x03, 0x0f, 0x29, 0x01, 0x0f, 0x29, 0x01,
    0x0f, 0x29, 0x01, 0x0f, 0x29, 0x01, 0x0f, 0x29, 0x02, 0x0f, 0x29, 0x02, 0x0f, 0x2a, 0x03, 0x0f,
    0x29, 0x03, 0x0f, 0x29, 0x03, 0x0f, 0x29, 0x03, 0x0f, 0x29, 0x03, 0x0f, 0x29, 0x03, 0x0f, 0x29,
    0x03, 0x0f, 0x29, 0x03, 0x0f, 0x29, 0x03, 0x0f, 0x29, 0x04, 0x10, 0x2a, 0x03, 0x0f, 0x29, 0x03,
    0x0f, 0x29, 0x03, 0x0f, 0x29, 0x02, 0x0f, 0x29, 0x02, 0x0f, 0x29, 0x02, 0x0f, 0x29, 0x02, 0x0f,
    0x29, 0x03, 0x0f, 0x29, 0x03, 0x0f, 0x29, 0x03, 0x0f, 0x29, 0x03, 0x0f, 0x29, 0x01, 0x0f, 0x29,
    0x01, 0x0f, 0x29, 0x01, 0x0f, 0x29, 0x01, 0x0f, 0x29, 0x01, 0x0f, 0x29, 0x01, 0x0f, 0x29, 0x03,
    0x0f, 0x29, 0x03, 0x0f, 0x29, 0x03, 0x0f, 0x29, 0x03, 0x0f, 0x29, 0x02, 0x0f, 0x29, 0x01, 0x0f,
    0x29, 0x01, 0x0f, 0x29, 0x01, 0x0f, 0x29, 0x01, 0x0f, 0x29, 0x01, 0x0f, 0x29, 0x02, 0x0f, 0x29,
    0x03, 0x0f, 0x29, 0x03, 0x0f, 0x29, 0x03, 0x0f, 0x29, 0x02, 0x0f, 0x29, 0x02, 0x0f, 0x29, 0x03,
    0x0f, 0x29, 0x03, 0x0f, 0x29, 0x04, 0x0f, 0x2a, 0x04, 0x10, 0x2a, 0x03, 0x0f, 0x29, 0x03, 0x0f,
    0x29, 0x02, 0x0f, 0x29, 0x01, 0x0f, 0x29, 0x01, 0x0f, 0x29, 0x00, 0x0f, 0x29, 0x00, 0x0f, 0x28,
    0x00, 0x0f, 0x29, 0x01, 0x0e, 0x28, 0x02, 0x0e, 0x28, 0x02, 0x0e, 0x29, 0x01, 0x0e, 0x28, 0x00,
    0x0f, 0x28, 0x01, 0x0e, 0x28, 0x02, 0x0e, 0x28, 0x01, 0x0f, 0x29, 0x01, 0x0f, 0x29, 0x01, 0x0f,
    0x29, 0x01, 0x0f, 0x29, 0x01, 0x0f, 0x29, 0x03, 0x0f, 0x29, 0x03, 0x0f, 0x29, 0x01, 0x0f, 0x29,
    0x02, 0x0f, 0x28, 0x03, 0x0f, 0x28, 0x03, 0x0f, 0x28, 0x03, 0x0e, 0x28, 0x02, 0x0e, 0x28, 0x03,
    0x0f, 0x29, 0x03, 0x0f, 0x29, 0x03, 0x0f, 0x29, 0x02, 0x0f, 0x29, 0x00, 0x0e, 0x28, 0x00, 0x0e,
    0x28, 0x01, 0x0f, 0x29, 0x02, 0x0f, 0x29, 0x03, 0x0f, 0x29, 0x03, 0x0f, 0x29, 0x03, 0x0f, 0x29,
    0x03, 0x0f, 0x29, 0x03, 0x0f, 0x29, 0x02, 0x0f, 0x29, 0x01, 0x0f, 0x29, 0x01, 0x0f, 0x29, 0x01,
    0x0f, 0x29, 0x01, 0x0f, 0x29, 0x01, 0x0f, 0x29, 0x01, 0x0f, 0x29, 0x01, 0x0f, 0x29, 0x01, 0x0f,
    0x29, 0x01, 0x0f, 0x29, 0x01, 0x0f, 0x29, 0x01, 0x0f, 0x29, 0x01, 0x0f, 0x29, 0x02, 0x0f, 0x29,
    0x03, 0x10, 0x2a, 0x04, 0x10, 0x2a, 0x04, 0x10, 0x2a, 0x03, 0x0f, 0x29, 0x03, 0x0f, 0x2a, 0x02,
    0x0f, 0x29, 0x01, 0x0f, 0x29, 0x01, 0x0f, 0x29, 0x01, 0x0f, 0x29, 0x02, 0x0f, 0x29, 0x03, 0x0f,
    0x29, 0x03, 0x0f, 0x29, 0x03, 0x0f, 0x29, 0x02, 0x0f, 0x29, 0x01, 0x0e, 0x28, 0x03, 0x0f, 0x29,
    0x03, 0x0f, 0x29, 0x03, 0x0f, 0x29, 0x03, 0x0f, 0x29, 0x03, 0x0f, 0x29, 0x03, 0x0f, 0x29, 0x02,
    0x0f, 0x29, 0x02, 0x0f, 0x29, 0x03, 0x0f, 0x29, 0x02, 0x10, 0x2a, 0x02, 0x0f, 0x28, 0x1e, 0x2e,
    0x4a, 0x4f, 0x71, 0x9d, 0x3d, 0x61, 0x93, 0x3b, 0x5e, 0x8e, 0x37, 0x59, 0x89, 0x32, 0x54, 0x83,
    0x2f, 0x51, 0x7f, 0x2a, 0x4c, 0x7a, 0x3f, 0x6b, 0x9c, 0x51, 0x97, 0xd8, 0x48, 0x8f, 0xd6, 0x46,
    0x8d, 0xd5, 0x44, 0x8b, 0xd3, 0x42, 0x88, 0xd0, 0x40, 0x86, 0xce, 0x3d, 0x83, 0xcb, 0x3b, 0x80,
    0xca, 0x38, 0x7d, 0xc7, 0x34, 0x78, 0xc2, 0x4d, 0x85, 0xc4, 0xbd, 0xd5, 0xea, 0xe6, 0xf0, 0xfb,
    0xe4, 0xed, 0xf8, 0xe3, 0xec, 0xf9, 0xe2, 0xec, 0xf9, 0xe0, 0xeb, 0xfa, 0xde, 0xea, 0xf7, 0xdd,
    0xe9, 0xf6, 0xdc, 0xe9, 0xf9, 0xc7, 0xd9, 0xec, 0x4d, 0x77, 0xaf, 0x17, 0x51, 0x9a, 0x19, 0x53,
    0xa0, 0x1a, 0x53, 0xa3, 0x1a, 0x54, 0xa4, 0x19, 0x54, 0xa4, 0x18, 0x53, 0xa3, 0x18, 0x52, 0xa2,
    0x16, 0x50, 0xa2, 0x1c, 0x53, 0xa2, 0x12, 0x44, 0x8c, 0x0f, 0x3f, 0x86, 0x10, 0x40, 0x88, 0x10,
    0x40, 0x8a, 0x13, 0x41, 0x86, 0x6d, 0x8c, 0xb7, 0xc5, 0xd8, 0xf0, 0xc4, 0xd9, 0xf1, 0xc4, 0xd8,
    0xf0, 0xc4, 0xd9, 0xf0, 0xc7, 0xd9, 0xf0, 0xc8, 0xd9, 0xf2, 0xc8, 0xda, 0xf3, 0xc9, 0xdc, 0xf3,
    0xcb, 0xdf, 0xf5, 0x9d, 0xb9, 0xdd, 0x27, 0x5e, 0xa8, 0x14, 0x52, 0xa6, 0x16, 0x55, 0xaa, 0x18,
    0x56, 0xad, 0x17, 0x57, 0xaf, 0x18, 0x59, 0xb0, 0x19, 0x5b, 0xb2, 0x1a, 0x5d, 0xb4, 0x1c, 0x5e,
    0xb5, 0x1c, 0x61, 0xb6, 0x1c, 0x61, 0xb8, 0x25, 0x67, 0xb9, 0x1b, 0x44, 0x7e, 0x0b, 0x2f, 0x63,
    0x0e, 0x32, 0x66, 0x0f, 0x34, 0x69, 0x11, 0x37, 0x6d, 0x12, 0x39, 0x6f, 0x12, 0x3a, 0x71, 0x22,
    0x45, 0x79, 0x0f, 0x1e, 0x3c, 0x02, 0x0e, 0x28, 0x01, 0x0f, 0x29, 0x02, 0x0f, 0x29, 0x02, 0x0f,
    0x29, 0x02, 0x0f, 0x29, 0x02, 0x0f, 0x29, 0x03, 0x10, 0x2a, 0x03, 0x10, 0x2a, 0x02, 0x10, 0x2a,
    0x02, 0x0f, 0x29, 0x02, 0x10, 0x29, 0x01, 0x0f, 0x29, 0x00, 0x0d, 0x26, 0x00, 0x0e, 0x26, 0x00,
    0x0d, 0x27, 0x02, 0x0e, 0x29, 0x02, 0x10, 0x29, 0x01, 0x0f, 0x29, 0x00, 0x0d, 0x26, 0x00, 0x0e,
    0x27, 0x01, 0x10, 0x29, 0x02, 0x10, 0x29, 0x02, 0x10, 0x29, 0x01, 0x0f, 0x29, 0x01, 0x0f, 0x29,
    0x01, 0x0f, 0x28, 0x01, 0x0f, 0x28, 0x01, 0x0f, 0x28, 0x01, 0x10, 0x28, 0x01, 0x10, 0x29, 0x02,
    0x0f, 0x2a, 0x01, 0x10, 0x2a, 0x01, 0x0e, 0x27, 0x01, 0x0d, 0x26, 0x01, 0x0f, 0x28, 0x02, 0x0f,
    0x29, 0x02, 0x0f, 0x2a, 0x01, 0x10, 0x29, 0x02, 0x0f, 0x29, 0x02, 0x10, 0x29, 0x02, 0x10, 0x29,
    0x03, 0x0f, 0x2a, 0x02, 0x10, 0x29, 0x03, 0x10, 0x29, 0x02, 0x10, 0x28, 0x03, 0x0f, 0x29, 0x03,
    0x0f, 0x28, 0x03, 0x0e, 0x28, 0x02, 0x10, 0x28, 0x01, 0x10, 0x2a, 0x01, 0x0e, 0x28, 0x00, 0x0d,
    0x26, 0x00, 0x0d, 0x27, 0x01, 0x0f, 0x28, 0x02, 0x10, 0x29, 0x03, 0x10, 0x28, 0x03, 0x0f, 0x29,
    0x02, 0x10, 0x28, 0x03, 0x0f, 0x29, 0x03, 0x0f, 0x29, 0x04, 0x0f, 0x28, 0x03, 0x0f, 0x29, 0x02,
    0x10, 0x29, 0x02, 0x10, 0x29, 0x03, 0x0f, 0x29, 0x02, 0x10, 0x2a, 0x03, 0x0f, 0x29, 0x04, 0x0f,
    0x28, 0x02, 0x10, 0x29, 0x02, 0x10, 0x2a, 0x03, 0x0f, 0x29, 0x02, 0x0f, 0x29, 0x02, 0x0f, 0x28,
    0x02, 0x0f, 0x29, 0x02, 0x0f, 0x29, 0x03, 0x0f, 0x29, 0x02, 0x0f, 0x29, 0x03, 0x0f, 0x29, 0x02,
    0x0f, 0x29, 0x01, 0x0f, 0x29, 0x02, 0x0f, 0x29, 0x02, 0x0f, 0x29, 0x02, 0x0f, 0x28, 0x02, 0x0f,
    0x27, 0x02, 0x0f, 0x27, 0x01, 0x0d, 0x26, 0x00, 0x0e, 0x28, 0x02, 0x0f, 0x29, 0x02, 0x0f, 0x29,
    0x01, 0x0f, 0x29, 0x01, 0x0f, 0x2a, 0x01, 0x0f, 0x29, 0x02, 0x10, 0x29, 0x02, 0x10, 0x29, 0x02,
    0x10, 0x2a, 0x03, 0x10, 0x2a, 0x02, 0x0f, 0x29, 0x01, 0x0f, 0x29, 0x01, 0x0f, 0x28, 0x02, 0x10,
    0x28, 0x03, 0x0f, 0x29, 0x01, 0x0e, 0x27, 0x02, 0x0f, 0x29, 0x04, 0x10, 0x28, 0x01, 0x0e, 0x28,
    0x00, 0x0e, 0x27, 0x01, 0x10, 0x2a, 0x01, 0x0f, 0x29, 0x00, 0x0d, 0x26, 0x01, 0x0f, 0x29, 0x01,
    0x0e, 0x27, 0x01, 0x0d, 0x27, 0x01, 0x0f, 0x28, 0x01, 0x0f, 0x28, 0x00, 0x0f, 0x29, 0x02, 0x0e,
    0x28, 0x02, 0x0e, 0x29, 0x01, 0x0f, 0x29, 0x02, 0x10, 0x28, 0x02, 0x10, 0x29, 0x02, 0x10, 0x2a,
    0x02, 0x10, 0x2a, 0x02, 0x0e, 0x27, 0x02, 0x0f, 0x29, 0x02, 0x0f, 0x29, 0x03, 0x0f, 0x27, 0x03,
    0x0f, 0x28, 0x03, 0x0f, 0x28, 0x02, 0x0f, 0x27, 0x02, 0x0e, 0x28, 0x02, 0x0f, 0x28, 0x02, 0x0f,
    0x28, 0x02, 0x0f, 0x28, 0x02, 0x0f, 0x29, 0x02, 0x0f, 0x28, 0x01, 0x0f, 0x28, 0x01, 0x0f, 0x29,
    0x02, 0x0e, 0x28, 0x02, 0x0f, 0x28, 0x02, 0x0f, 0x2a, 0x02, 0x0f, 0x29, 0x02, 0x0f, 0x29, 0x02,
    0x0f, 0x29, 0x02, 0x0f, 0x29, 0x01, 0x0f, 0x29, 0x01, 0x0f, 0x29, 0x01, 0x0f, 0x29, 0x01, 0x0f,
    0x29, 0x01, 0x0f, 0x29, 0x01, 0x0f, 0x29, 0x01, 0x0f, 0x29, 0x01, 0x0f, 0x29, 0x01, 0x0f, 0x29,
    0x01, 0x0f, 0x29, 0x02, 0x0f, 0x29, 0x02, 0x0f, 0x29, 0x03, 0x0f, 0x29, 0x03, 0x0f, 0x29, 0x04,
    0x10, 0x29, 0x03, 0x0f, 0x28, 0x03, 0x10, 0x28, 0x02, 0x10, 0x28, 0x02, 0x0f, 0x29, 0x02, 0x0f,
    0x29, 0x02, 0x0f, 0x29, 0x02, 0x0f, 0x29, 0x03, 0x0f, 0x29, 0x03, 0x0f, 0x29, 0x04, 0x10, 0x2a,
    0x03, 0x0f, 0x29, 0x03, 0x0f, 0x29, 0x02, 0x0f, 0x29, 0x03, 0x0f, 0x29, 0x03, 0x0f, 0x29, 0x03,
    0x0f, 0x29, 0x03, 0x0f, 0x29, 0x03, 0x0f, 0x29, 0x03, 0x0f, 0x29, 0x03, 0x0f, 0x29, 0x02, 0x0f,
    0x29, 0x03, 0x0f, 0x29, 0x02, 0x10, 0x2a, 0x01, 0x0e, 0x28, 0x1e, 0x2e, 0x4a, 0x4f, 0x72, 0x9d,
    0x3c, 0x61, 0x93, 0x3b, 0x5d, 0x8e, 0x36, 0x58, 0x88, 0x32, 0x54, 0x83, 0x2e, 0x50, 0x7e, 0x2a,
    0x4b, 0x79, 0x3e, 0x6a, 0x9b, 0x51, 0x96, 0xd7, 0x48, 0x8e, 0xd4, 0x46, 0x8b, 0xd4, 0x43, 0x89,
    0xd2, 0x41, 0x87, 0xcf, 0x3e, 0x84, 0xcc, 0x3c, 0x82, 0xcb, 0x3a, 0x7f, 0xc9, 0x37, 0x7b, 0xc6,
    0x40, 0x7f, 0xc3, 0xaa, 0xc8, 0xe4, 0xe4, 0xf0, 0xfa, 0xe2, 0xee, 0xf9, 0xe1, 0xed, 0xf9, 0xe0,
    0xec, 0xf9, 0xdf, 0xeb, 0xf9, 0xde, 0xea, 0xf8, 0xdc, 0xea, 0xf9, 0xda, 0xe9, 0xf8, 0xcf, 0xe2,
    0xf4, 0x67, 0x8d, 0xba, 0x1b, 0x53, 0x9f, 0x1c, 0x55, 0xa2, 0x1b, 0x55, 0xa6, 0x1b, 0x56, 0xa6,
    0x1a, 0x55, 0xa6, 0x1a, 0x55, 0xa6, 0x19, 0x54, 0xa6, 0x19, 0x53, 0xa5, 0x16, 0x52, 0xa5, 0x1c,
    0x55, 0xa5, 0x13, 0x46, 0x8e, 0x0f, 0x40, 0x89, 0x10, 0x42, 0x8b, 0x0f, 0x42, 0x8c, 0x0e, 0x41,
    0x8a, 0x18, 0x45, 0x89, 0x80, 0x9f, 0xc5, 0xc3, 0xd8, 0xef, 0xc1, 0xd7, 0xf1, 0xc1, 0xd8, 0xee,
    0xc3, 0xd9, 0xef, 0xc4, 0xda, 0xf1, 0xc4, 0xda, 0xf1, 0xc5, 0xdb, 0xf2, 0xc6, 0xda, 0xf4, 0xc8,
    0xdf, 0xf5, 0x83, 0xa7, 0xd0, 0x1e, 0x57, 0xa8, 0x16, 0x55, 0xaa, 0x17, 0x57, 0xad, 0x18, 0x58,
    0xb0, 0x18, 0x5a, 0xb1, 0x19, 0x5b, 0xb2, 0x1a, 0x5d, 0xb4, 0x1b, 0x5f, 0xb6, 0x1b, 0x61, 0xb7,
    0x1c, 0x63, 0xb9, 0x26, 0x69, 0xbb, 0x1b, 0x44, 0x7f, 0x0c, 0x30, 0x64, 0x0e, 0x33, 0x67, 0x10,
    0x35, 0x6a, 0x11, 0x37, 0x6e, 0x12, 0x39, 0x70, 0x13, 0x3b, 0x72, 0x23, 0x46, 0x7a, 0x0f, 0x1f,
    0x3d, 0x02, 0x0e, 0x28, 0x02, 0x0f, 0x28, 0x03, 0x0f, 0x29, 0x03, 0x10, 0x2a, 0x02, 0x10, 0x2a,
    0x02, 0x10, 0x2a, 0x04, 0x10, 0x2a, 0x04, 0x10, 0x2a, 0x02, 0x10, 0x2a, 0x02, 0x10, 0x29, 0x00,
    0x0f, 0x28, 0x12, 0x1e, 0x35, 0x4b, 0x52, 0x65, 0x4c, 0x53, 0x66, 0x3b, 0x42, 0x56, 0x11, 0x1a,
    0x30, 0x01, 0x10, 0x27, 0x00, 0x0e, 0x28, 0x2e, 0x36, 0x4c, 0x2c, 0x34, 0x4b, 0x01, 0x10, 0x28,
    0x02, 0x11, 0x2a, 0x01, 0x10, 0x29, 0x01, 0x10, 0x28, 0x01, 0x0f, 0x29, 0x01, 0x0f, 0x2a, 0x01,
    0x0f, 0x2a, 0x01, 0x0f, 0x29, 0x02, 0x10, 0x29, 0x02, 0x10, 0x2a, 0x02, 0x11, 0x2a, 0x00, 0x10,
    0x29, 0x1f, 0x29, 0x40, 0x29, 0x32, 0x47, 0x01, 0x0e, 0x26, 0x02, 0x10, 0x29, 0x02, 0x10, 0x2b,
    0x02, 0x11, 0x2a, 0x02, 0x10, 0x2b, 0x03, 0x10, 0x2b, 0x02, 0x11, 0x2a, 0x03, 0x10, 0x2a, 0x02,
    0x11, 0x2b, 0x02, 0x11, 0x2a, 0x02, 0x11, 0x29, 0x02, 0x0f, 0x2a, 0x02, 0x10, 0x29, 0x03, 0x10,
    0x28, 0x01, 0x10, 0x29, 0x02, 0x0f, 0x29, 0x21, 0x2a, 0x3f, 0x4f, 0x57, 0x6a, 0x4f, 0x56, 0x69,
    0x1b, 0x25, 0x39, 0x02, 0x10, 0x27, 0x02, 0x10, 0x29, 0x02, 0x10, 0x2a, 0x01, 0x10, 0x29, 0x01,
    0x10, 0x2a, 0x02, 0x10, 0x2a, 0x02, 0x10, 0x29, 0x02, 0x10, 0x2a, 0x01, 0x10, 0x2a, 0x02, 0x10,
    0x29, 0x02, 0x10, 0x29, 0x01, 0x10, 0x2a, 0x02, 0x10, 0x29, 0x03, 0x10, 0x28, 0x01, 0x10, 0x28,
    0x01, 0x10, 0x29, 0x01, 0x10, 0x28, 0x01, 0x10, 0x29, 0x01, 0x0f, 0x29, 0x01, 0x0f, 0x29, 0x01,
    0x10, 0x2a, 0x02, 0x10, 0x29, 0x02, 0x10, 0x29, 0x02, 0x10, 0x2a, 0x02, 0x10, 0x2a, 0x02, 0x0f,
    0x29, 0x02, 0x0f, 0x29, 0x03, 0x0f, 0x28, 0x03, 0x0e, 0x27, 0x02, 0x0f, 0x27, 0x06, 0x12, 0x28,
    0x46, 0x4b, 0x5c, 0x3e, 0x46, 0x58, 0x03, 0x10, 0x27, 0x01, 0x10, 0x28, 0x01, 0x10, 0x29, 0x01,
    0x10, 0x2a, 0x01, 0x10, 0x2a, 0x01, 0x10, 0x29, 0x01, 0x10, 0x29, 0x02, 0x10, 0x2a, 0x01, 0x10,
    0x2a, 0x01, 0x10, 0x2a, 0x01, 0x0f, 0x29, 0x01, 0x0f, 0x29, 0x01, 0x10, 0x29, 0x02, 0x10, 0x29,
    0x2c, 0x36, 0x4b, 0x16, 0x21, 0x38, 0x01, 0x0f, 0x26, 0x26, 0x2f, 0x44, 0x2a, 0x34, 0x49, 0x01,
    0x0f, 0x29, 0x0f, 0x1b, 0x32, 0x2e, 0x37, 0x4d, 0x05, 0x10, 0x2a, 0x24, 0x2f, 0x43, 0x2e, 0x37,
    0x4d, 0x02, 0x0e, 0x28, 0x01, 0x0e, 0x29, 0x01, 0x0f, 0x28, 0x01, 0x0e, 0x28, 0x01, 0x0f, 0x29,
    0x01, 0x0f, 0x29, 0x01, 0x10, 0x29, 0x02, 0x10, 0x29, 0x02, 0x10, 0x2b, 0x02, 0x10, 0x29, 0x2e,
    0x37, 0x4c, 0x18, 0x24, 0x3b, 0x02, 0x0e, 0x27, 0x03, 0x0f, 0x29, 0x03, 0x0f, 0x28, 0x03, 0x0f,
    0x27, 0x01, 0x0f, 0x2a, 0x02, 0x0f, 0x2a, 0x02, 0x10, 0x2a, 0x02, 0x10, 0x2a, 0x01, 0x10, 0x2a,
    0x02, 0x10, 0x2a, 0x01, 0x10, 0x2a, 0x01, 0x0f, 0x29, 0x01, 0x0f, 0x29, 0x02, 0x0f, 0x29, 0x01,
    0x0f, 0x29, 0x01, 0x10, 0x2a, 0x02, 0x10, 0x2a, 0x01, 0x0f, 0x29, 0x01, 0x0f, 0x29, 0x01, 0x0f,
    0x29, 0x01, 0x0f, 0x29, 0x01, 0x0f, 0x29, 0x01, 0x0f, 0x29, 0x01, 0x0f, 0x29, 0x02, 0x0f, 0x29,
    0x02, 0x0f, 0x29, 0x01, 0x0f, 0x29, 0x01, 0x0f, 0x29, 0x01, 0x0f, 0x29, 0x01, 0x0f, 0x29, 0x03,
    0x0f, 0x29, 0x03, 0x0f, 0x29, 0x03, 0x0f, 0x29, 0x03, 0x0f, 0x29, 0x03, 0x0f, 0x28, 0x03, 0x0f,
    0x28, 0x02, 0x10, 0x28, 0x01, 0x10, 0x28, 0x03, 0x0f, 0x29, 0x03, 0x0f, 0x29, 0x03, 0x0f, 0x29,
    0x03, 0x0f, 0x29, 0x03, 0x0f, 0x29, 0x03, 0x0f, 0x29, 0x04, 0x10, 0x2a, 0x04, 0x10, 0x2a, 0x03,
    0x0f, 0x29, 0x03, 0x0f, 0x29, 0x03, 0x0f, 0x29, 0x03, 0x0f, 0x29, 0x03, 0x0f, 0x29, 0x03, 0x0f,
    0x29, 0x03, 0x0f, 0x29, 0x03, 0x0f, 0x29, 0x03, 0x0f, 0x28, 0x03, 0x0f, 0x27, 0x02, 0x0e, 0x27,
    0x02, 0x10, 0x2a, 0x01, 0x0e, 0x28, 0x1e, 0x2e, 0x4a, 0x4f, 0x71, 0x9c, 0x3b, 0x60, 0x92, 0x3a,
    0x5d, 0x8d, 0x36, 0x58, 0x88, 0x32, 0x54, 0x83, 0x2e, 0x50, 0x7e, 0x29, 0x4a, 0x78, 0x3e, 0x69,
    0x9b, 0x50, 0x94, 0xd7, 0x47, 0x8d, 0xd4, 0x45, 0x8a, 0xd3, 0x43, 0x89, 0xd1, 0x40, 0x86, 0xce,
    0x3d, 0x83, 0xcc, 0x3b, 0x80, 0xcb, 0x3a, 0x7e, 0xc9, 0x36, 0x7b, 0xc6, 0x41, 0x7e, 0xc2, 0x64,
    0x96, 0xc5, 0x69, 0x96, 0xc5, 0x69, 0x94, 0xc3, 0x67, 0x91, 0xc1, 0x64, 0x8e, 0xbe, 0x61, 0x8c,
    0xbc, 0x60, 0x8b, 0xbb, 0x60, 0x8a, 0xbb, 0x5f, 0x88, 0xba, 0x50, 0x7e, 0xb3, 0x22, 0x5b, 0xa5,
    0x1d, 0x58, 0xa7, 0x1c, 0x59, 0xa8, 0x1b, 0x58, 0xa8, 0x1b, 0x57, 0xa8, 0x1a, 0x56, 0xa8, 0x19,
    0x56, 0xa8, 0x19, 0x55, 0xa8, 0x18, 0x54, 0xa7, 0x15, 0x53, 0xa6, 0x1d, 0x57, 0xa8, 0x13, 0x47,
    0x92, 0x10, 0x41, 0x8d, 0x11, 0x42, 0x8e, 0x0f, 0x43, 0x8d, 0x0e, 0x43, 0x8e, 0x0e, 0x40, 0x8e,
    0x1e, 0x4c, 0x91, 0x47, 0x6f, 0xa1, 0x4c, 0x71, 0xa6, 0x4b, 0x72, 0xa6, 0x4b, 0x73, 0xa7, 0x4c,
    0x74, 0xa9, 0x4d, 0x75, 0xab, 0x4d, 0x77, 0xad, 0x4c, 0x78, 0xaf, 0x4c, 0x7a, 0xb2, 0x4c, 0x79,
    0xb4, 0x21, 0x5b, 0xaa, 0x16, 0x55, 0xab, 0x17, 0x57, 0xae, 0x18, 0x59, 0xb0, 0x18, 0x5b, 0xb2,
    0x19, 0x5c, 0xb3, 0x1a, 0x5e, 0xb4, 0x1b, 0x60, 0xb6, 0x1c, 0x62, 0xb8, 0x1d, 0x64, 0xba, 0x28,
    0x6b, 0xbd, 0x1b, 0x45, 0x80, 0x0c, 0x30, 0x64, 0x0e, 0x33, 0x68, 0x10, 0x35, 0x6b, 0x10, 0x37,
    0x6e, 0x12, 0x39, 0x71, 0x13, 0x3b, 0x73, 0x23, 0x46, 0x7a, 0x0e, 0x1e, 0x3c, 0x01, 0x0e, 0x28,
    0x02, 0x0f, 0x29, 0x02, 0x0f, 0x29, 0x02, 0x10, 0x2a, 0x02, 0x10, 0x2a, 0x02, 0x10, 0x2a, 0x03,
    0x10, 0x2a, 0x02, 0x0f, 0x29, 0x02, 0x0f, 0x29, 0x03, 0x0f, 0x29, 0x00, 0x0d, 0x26, 0x2e, 0x37,
    0x4b, 0x86, 0x8a, 0x99, 0x50, 0x55, 0x67, 0x6a, 0x6e, 0x7d, 0x72, 0x78, 0x89, 0x12, 0x1e, 0x36,
    0x02, 0x10, 0x2c, 0x36, 0x3e, 0x54, 0x32, 0x3b, 0x50, 0x02, 0x11, 0x2b, 0x03, 0x10, 0x2a, 0x04,
    0x10, 0x28, 0x04, 0x10, 0x28, 0x01, 0x0f, 0x27, 0x02, 0x10, 0x29, 0x02, 0x10, 0x29, 0x02, 0x0e,
    0x27, 0x05, 0x11, 0x2a, 0x04, 0x10, 0x29, 0x03, 0x10, 0x29, 0x00, 0x0e, 0x28, 0x3e, 0x46, 0x5a,
    0x55, 0x5c, 0x6c, 0x01, 0x0d, 0x24, 0x02, 0x0f, 0x27, 0x03, 0x10, 0x26, 0x06, 0x13, 0x2b, 0x02,
    0x10, 0x29, 0x02, 0x11, 0x2b, 0x03, 0x11, 0x2a, 0x04, 0x10, 0x27, 0x03, 0x11, 0x2b, 0x03, 0x11,
    0x2b, 0x04, 0x12, 0x2b, 0x01, 0x11, 0x2b, 0x02, 0x10, 0x29, 0x02, 0x10, 0x28, 0x01, 0x0f, 0x29,
    0x12, 0x1c, 0x34, 0x78, 0x7d, 0x8d, 0x4a, 0x52, 0x63, 0x57, 0x5d, 0x6f, 0x69, 0x70, 0x83, 0x09,
    0x14, 0x2c, 0x03, 0x10, 0x2a, 0x02, 0x0f, 0x28, 0x05, 0x12, 0x2a, 0x03, 0x10, 0x29, 0x01, 0x10,
    0x28, 0x02, 0x11, 0x2b, 0x04, 0x10, 0x2a, 0x03, 0x0e, 0x27, 0x04, 0x10, 0x29, 0x02, 0x10, 0x29,
    0x03, 0x10, 0x29, 0x03, 0x0f, 0x28, 0x02, 0x10, 0x2b, 0x02, 0x10, 0x29, 0x03, 0x11, 0x29, 0x02,
    0x11, 0x2a, 0x02, 0x0e, 0x27, 0x05, 0x10, 0x29, 0x05, 0x11, 0x29, 0x01, 0x0f, 0x28, 0x02, 0x11,
    0x2a, 0x03, 0x10, 0x29, 0x03, 0x10, 0x28, 0x04, 0x11, 0x29, 0x04, 0x10, 0x28, 0x03, 0x0f, 0x28,
    0x03, 0x0f, 0x27, 0x02, 0x0e, 0x27, 0x02, 0x0e, 0x26, 0x21, 0x29, 0x3f, 0x80, 0x80, 0x92, 0x27,
    0x2d, 0x40, 0x03, 0x10, 0x28, 0x01, 0x0f, 0x28, 0x03, 0x10, 0x28, 0x04, 0x10, 0x29, 0x01, 0x0f,
    0x29, 0x02, 0x10, 0x2b, 0x03, 0x10, 0x29, 0x02, 0x0f, 0x27, 0x03, 0x0f, 0x28, 0x03, 0x10, 0x29,
    0x01, 0x0f, 0x29, 0x01, 0x0f, 0x29, 0x01, 0x0f, 0x28, 0x00, 0x0e, 0x26, 0x5d, 0x62, 0x74, 0x49,
    0x50, 0x62, 0x00, 0x0e, 0x25, 0x70, 0x75, 0x85, 0x7d, 0x81, 0x91, 0x05, 0x10, 0x28, 0x36, 0x3e,
    0x51, 0x65, 0x6c, 0x7c, 0x04, 0x0f, 0x28, 0x2a, 0x33, 0x48, 0x34, 0x3c, 0x52, 0x02, 0x0e, 0x27,
    0x03, 0x0e, 0x27, 0x03, 0x0d, 0x24, 0x04, 0x10, 0x28, 0x02, 0x0e, 0x26, 0x01, 0x0f, 0x28, 0x01,
    0x10, 0x2a, 0x01, 0x0f, 0x29, 0x03, 0x10, 0x29, 0x05, 0x11, 0x28, 0x60, 0x64, 0x76, 0x36, 0x3e,
    0x53, 0x01, 0x0d, 0x26, 0x02, 0x0f, 0x26, 0x03, 0x0e, 0x26, 0x06, 0x11, 0x2a, 0x02, 0x0e, 0x27,
    0x02, 0x10, 0x28, 0x03, 0x10, 0x2a, 0x03, 0x10, 0x29, 0x03, 0x10, 0x2b, 0x02, 0x10, 0x27, 0x02,
    0x0f, 0x29, 0x02, 0x0f, 0x28, 0x03, 0x0f, 0x27, 0x02, 0x10, 0x2a, 0x01, 0x0f, 0x28, 0x05, 0x10,
    0x28, 0x05, 0x11, 0x29, 0x01, 0x0f, 0x28, 0x02, 0x10, 0x2a, 0x01, 0x0f, 0x29, 0x01, 0x0f, 0x29,
    0x01, 0x0f, 0x29, 0x01, 0x0f, 0x29, 0x01, 0x0f, 0x29, 0x03, 0x0f, 0x29, 0x03, 0x0f, 0x29, 0x01,
    0x0f, 0x29, 0x02, 0x10, 0x2a, 0x01, 0x0f, 0x29, 0x02, 0x0f, 0x29, 0x03, 0x0f, 0x29, 0x03, 0x0f,
    0x29, 0x03, 0x0f, 0x29, 0x03, 0x0f, 0x29, 0x02, 0x0f, 0x29, 0x02, 0x0f, 0x29, 0x02, 0x0f, 0x29,
    0x02, 0x0f, 0x29, 0x03, 0x0f, 0x29, 0x03, 0x0f, 0x29, 0x03, 0x0f, 0x29, 0x03, 0x0f, 0x29, 0x03,
    0x0f, 0x29, 0x03, 0x0f, 0x29, 0x04, 0x10, 0x2a, 0x03, 0x0f, 0x29, 0x02, 0x0f, 0x29, 0x02, 0x0f,
    0x29, 0x03, 0x0f, 0x29, 0x03, 0x0f, 0x29, 0x03, 0x0f, 0x29, 0x03, 0x0f, 0x29, 0x03, 0x0f, 0x29,
    0x03, 0x0f, 0x29, 0x03, 0x0f, 0x28, 0x03, 0x0f, 0x27, 0x03, 0x0f, 0x27, 0x02, 0x10, 0x2a, 0x01,
    0x0e, 0x28, 0x1d, 0x2d, 0x4a, 0x4e, 0x70, 0x9c, 0x3b, 0x60, 0x92, 0x3a, 0x5c, 0x8e, 0x35, 0x58,
    0x88, 0x31, 0x53, 0x83, 0x2d, 0x4f, 0x7f, 0x28, 0x4a, 0x78, 0x3d, 0x69, 0x9b, 0x4f, 0x93, 0xd7,
    0x46, 0x8c, 0xd4, 0x44, 0x8a, 0xd3, 0x42, 0x88, 0xd0, 0x3f, 0x85, 0xcd, 0x3d, 0x82, 0xcc, 0x3a,
    0x7f, 0xca, 0x39, 0x7d, 0xc8, 0x36, 0x7a, 0xc5, 0x32, 0x77, 0xc1, 0x2f, 0x71, 0xbb, 0x2c, 0x6d,
    0xb9, 0x2a, 0x6a, 0xb6, 0x27, 0x66, 0xb3, 0x24, 0x63, 0xb1, 0x22, 0x61, 0xaf, 0x21, 0x5f, 0xae,
    0x1f, 0x5e, 0xac, 0x1f, 0x5b, 0xaa, 0x1e, 0x5a, 0xaa, 0x1e, 0x5c, 0xaa, 0x20, 0x5b, 0xaa, 0x1c,
    0x5c, 0xac, 0x1d, 0x59, 0xab, 0x1b, 0x58, 0xaa, 0x1a, 0x57, 0xaa, 0x19, 0x56, 0xa9, 0x18, 0x55,
    0xa8, 0x18, 0x55, 0xa7, 0x16, 0x53, 0xa8, 0x1d, 0x58, 0xaa, 0x15, 0x49, 0x95, 0x11, 0x42, 0x8f,
    0x11, 0x43, 0x90, 0x11, 0x44, 0x91, 0x10, 0x44, 0x91, 0x0f, 0x43, 0x91, 0x0e, 0x43, 0x8f, 0x0c,
    0x41, 0x8e, 0x0c, 0x42, 0x8f, 0x0c, 0x43, 0x90, 0x0c, 0x44, 0x92, 0x0c, 0x45, 0x95, 0x0d, 0x46,
    0x97, 0x0e, 0x49, 0x99, 0x0f, 0x4b, 0x9c, 0x10, 0x4e, 0xa1, 0x12, 0x50, 0xa4, 0x17, 0x53, 0xaa,
    0x17, 0x57, 0xae, 0x17, 0x58, 0xb0, 0x18, 0x5a, 0xb1, 0x19, 0x5c, 0xb3, 0x1a, 0x5d, 0xb4, 0x1b,
    0x5e, 0xb5, 0x1b, 0x61, 0xb7, 0x1d, 0x63, 0xb9, 0x1e, 0x65, 0xbb, 0x28, 0x6c, 0xbd, 0x1c, 0x46,
    0x81, 0x0b, 0x31, 0x65, 0x0e, 0x33, 0x68, 0x0f, 0x35, 0x6c, 0x10, 0x37, 0x6e, 0x12, 0x39, 0x72,
    0x12, 0x3c, 0x73, 0x22, 0x46, 0x7a, 0x0e, 0x1e, 0x3c, 0x01, 0x0e, 0x28, 0x01, 0x10, 0x29, 0x01,
    0x0f, 0x29, 0x01, 0x10, 0x2a, 0x02, 0x10, 0x2a, 0x02, 0x10, 0x2a, 0x02, 0x10, 0x2a, 0x02, 0x10,
    0x2a, 0x03, 0x0f, 0x2a, 0x04, 0x0f, 0x29, 0x01, 0x0d, 0x26, 0x30, 0x37, 0x4a, 0x68, 0x6d, 0x7d,
    0x02, 0x0d, 0x25, 0x07, 0x11, 0x27, 0x69, 0x70, 0x82, 0x45, 0x4f, 0x67, 0x01, 0x11, 0x2c, 0x30,
    0x3b, 0x52, 0x31, 0x3c, 0x51, 0x03, 0x11, 0x2c, 0x20, 0x28, 0x3e, 0x5b, 0x61, 0x71, 0x5f, 0x67,
    0x77, 0x21, 0x2c, 0x40, 0x01, 0x0f, 0x29, 0x26, 0x32, 0x4a, 0x56, 0x5e, 0x71, 0x5e, 0x65, 0x78,
    0x5b, 0x62, 0x76, 0x17, 0x20, 0x37, 0x02, 0x0e, 0x27, 0x40, 0x46, 0x59, 0x57, 0x5e, 0x6d, 0x00,
    0x0c, 0x25, 0x11, 0x1c, 0x30, 0x56, 0x5e, 0x6e, 0x6a, 0x70, 0x83, 0x40, 0x48, 0x5c, 0x03, 0x0f,
    0x27, 0x19, 0x24, 0x3a, 0x3f, 0x48, 0x5a, 0x04, 0x0f, 0x27, 0x28, 0x32, 0x49, 0x3d, 0x46, 0x5e,
    0x01, 0x11, 0x2a, 0x02, 0x10, 0x2a, 0x03, 0x10, 0x28, 0x02, 0x0f, 0x28, 0x17, 0x20, 0x37, 0x80,
    0x85, 0x94, 0x30, 0x38, 0x4a, 0x11, 0x19, 0x2e, 0x1f, 0x28, 0x3e, 0x08, 0x13, 0x2b, 0x04, 0x0f,
    0x27, 0x32, 0x3a, 0x4d, 0x64, 0x6b, 0x7e, 0x5b, 0x62, 0x76, 0x17, 0x22, 0x38, 0x00, 0x10, 0x2a,
    0x29, 0x33, 0x4a, 0x5b, 0x61, 0x75, 0x53, 0x5b, 0x70, 0x0a, 0x15, 0x2c, 0x26, 0x30, 0x45, 0x3c,
    0x45, 0x59, 0x01, 0x0f, 0x27, 0x34, 0x3e, 0x53, 0x2e, 0x39, 0x4e, 0x00, 0x0e, 0x27, 0x21, 0x29,
    0x40, 0x59, 0x5f, 0x72, 0x5d, 0x64, 0x77, 0x26, 0x31, 0x46, 0x02, 0x0f, 0x28, 0x15, 0x20, 0x38,
    0x5a, 0x60, 0x73, 0x60, 0x67, 0x7a, 0x1a, 0x24, 0x3c, 0x01, 0x0d, 0x26, 0x02, 0x0e, 0x26, 0x02,
    0x0e, 0x26, 0x06, 0x12, 0x29, 0x5c, 0x62, 0x73, 0x95, 0x98, 0xa8, 0x3c, 0x45, 0x58, 0x03, 0x0f,
    0x24, 0x1d, 0x26, 0x3c, 0x5c, 0x62, 0x76, 0x63, 0x69, 0x7c, 0x33, 0x3c, 0x52, 0x04, 0x10, 0x2a,
    0x0c, 0x16, 0x2e, 0x4f, 0x55, 0x68, 0x5f, 0x64, 0x76, 0x2c, 0x36, 0x4c, 0x01, 0x0e, 0x27, 0x02,
    0x0f, 0x27, 0x01, 0x0f, 0x26, 0x00, 0x0d, 0x25, 0x39, 0x3f, 0x52, 0x67, 0x6d, 0x7c, 0x15, 0x1e,
    0x34, 0x70, 0x75, 0x86, 0x76, 0x79, 0x88, 0x1c, 0x25, 0x3a, 0x56, 0x5b, 0x6d, 0x42, 0x4a, 0x5d,
    0x00, 0x0c, 0x24, 0x28, 0x30, 0x45, 0x35, 0x3a, 0x50, 0x00, 0x0b, 0x23, 0x24, 0x2d, 0x42, 0x5f,
    0x63, 0x74, 0x63, 0x6a, 0x7c, 0x55, 0x5c, 0x6e, 0x0c, 0x17, 0x2d, 0x01, 0x0e, 0x26, 0x16, 0x20,
    0x36, 0x59, 0x5f, 0x71, 0x60, 0x65, 0x76, 0x7f, 0x83, 0x92, 0x35, 0x3f, 0x54, 0x00, 0x0d, 0x27,
    0x15, 0x1f, 0x35, 0x54, 0x5b, 0x6d, 0x62, 0x69, 0x7a, 0x43, 0x4b, 0x5f, 0x06, 0x13, 0x2b, 0x16,
    0x21, 0x3a, 0x45, 0x4e, 0x60, 0x08, 0x13, 0x2c, 0x47, 0x50, 0x63, 0x2c, 0x35, 0x4a, 0x17, 0x20,
    0x36, 0x40, 0x49, 0x5d, 0x04, 0x10, 0x28, 0x1f, 0x29, 0x3f, 0x5d, 0x63, 0x76, 0x5f, 0x65, 0x78,
    0x1f, 0x2a, 0x40, 0x01, 0x0e, 0x28, 0x01, 0x0f, 0x29, 0x01, 0x0f, 0x29, 0x01, 0x0f, 0x29, 0x01,
    0x0f, 0x29, 0x01, 0x0f, 0x29, 0x02, 0x0f, 0x29, 0x02, 0x0f, 0x29, 0x01, 0x0f, 0x29, 0x01, 0x0f,
    0x29, 0x01, 0x10, 0x2a, 0x02, 0x0f, 0x29, 0x03, 0x0f, 0x29, 0x03, 0x0f, 0x29, 0x03, 0x0f, 0x29,
    0x03, 0x0f, 0x29, 0x01, 0x0f, 0x29, 0x01, 0x0f, 0x29, 0x03, 0x0f, 0x29, 0x03, 0x0f, 0x29, 0x03,
    0x0f, 0x29, 0x03, 0x0f, 0x29, 0x03, 0x0f, 0x29, 0x03, 0x0f, 0x29, 0x03, 0x0f, 0x29, 0x03, 0x0f,
    0x29, 0x03, 0x0f, 0x29, 0x03, 0x0f, 0x29, 0x02, 0x0f, 0x29, 0x01, 0x0f, 0x29, 0x03, 0x0f, 0x29,
    0x03, 0x0f, 0x29, 0x03, 0x0f, 0x29, 0x03, 0x0f, 0x29, 0x03, 0x0f, 0x29, 0x03, 0x0f, 0x29, 0x03,
    0x0f, 0x29, 0x03, 0x0f, 0x28, 0x03, 0x0f, 0x28, 0x02, 0x10, 0x2a, 0x00, 0x0e, 0x28, 0x1d, 0x2d,
    0x4a, 0x4e, 0x70, 0x9d, 0x3b, 0x5f, 0x93, 0x39, 0x5c, 0x8e, 0x35, 0x57, 0x89, 0x31, 0x53, 0x83,
    0x2d, 0x4f, 0x7f, 0x28, 0x4a, 0x79, 0x3e, 0x6a, 0x9d, 0x4f, 0x94, 0xd8, 0x46, 0x8b, 0xd5, 0x44,
    0x89, 0xd3, 0x41, 0x87, 0xd0, 0x3f, 0x84, 0xce, 0x3c, 0x81, 0xcc, 0x3a, 0x7e, 0xc9, 0x38, 0x7c,
    0xc7, 0x36, 0x79, 0xc5, 0x34, 0x77, 0xc2, 0x32, 0x74, 0xc1, 0x2e, 0x71, 0xbd, 0x2c, 0x6e, 0xba,
    0x2a, 0x6b, 0xb8, 0x28, 0x68, 0xb6, 0x26, 0x65, 0xb4, 0x25, 0x63, 0xb1, 0x23, 0x62, 0xb1, 0x21,
    0x60, 0xaf, 0x21, 0x5f, 0xae, 0x1f, 0x5e, 0xae, 0x1f, 0x5d, 0xaf, 0x1e, 0x5c, 0xae, 0x1e, 0x5a,
    0xaf, 0x1b, 0x5a, 0xab, 0x1b, 0x57, 0xab, 0x19, 0x56, 0xaa, 0x18, 0x55, 0xa9, 0x17, 0x55, 0xa9,
    0x15, 0x53, 0xa9, 0x1e, 0x59, 0xab, 0x16, 0x4a, 0x96, 0x10, 0x43, 0x91, 0x0f, 0x45, 0x93, 0x10,
    0x46, 0x95, 0x10, 0x46, 0x95, 0x10, 0x46, 0x94, 0x11, 0x46, 0x95, 0x12, 0x46, 0x96, 0x10, 0x48,
    0x97, 0x11, 0x48, 0x98, 0x11, 0x49, 0x9a, 0x11, 0x4a, 0x9b, 0x11, 0x4b, 0x9d, 0x13, 0x4d, 0x9f,
    0x14, 0x4f, 0xa2, 0x14, 0x51, 0xa6, 0x16, 0x54, 0xa7, 0x16, 0x56, 0xab, 0x17, 0x58, 0xae, 0x18,
    0x5a, 0xb1, 0x18, 0x5b, 0xb2, 0x1a, 0x5d, 0xb4, 0x1a, 0x5e, 0xb5, 0x1b, 0x60, 0xb6, 0x1c, 0x62,
    0xb8, 0x1e, 0x65, 0xbb, 0x1f, 0x67, 0xbd, 0x29, 0x6d, 0xbe, 0x1d, 0x47, 0x81, 0x0c, 0x32, 0x66,
    0x0f, 0x34, 0x6a, 0x10, 0x36, 0x6d, 0x11, 0x38, 0x70, 0x12, 0x3b, 0x73, 0x13, 0x3d, 0x75, 0x22,
    0x47, 0x7b, 0x0e, 0x1f, 0x3d, 0x01, 0x0e, 0x28, 0x01, 0x0f, 0x29, 0x01, 0x0f, 0x29, 0x01, 0x0f,
    0x29, 0x01, 0x0f, 0x29, 0x01, 0x10, 0x2a, 0x01, 0x10, 0x2a, 0x02, 0x10, 0x2a, 0x03, 0x10, 0x2a,
    0x04, 0x10, 0x29, 0x01, 0x0d, 0x27, 0x2f, 0x36, 0x48, 0x6a, 0x6f, 0x7e, 0x05, 0x11, 0x29, 0x00,
    0x0f, 0x2a, 0x49, 0x52, 0x65, 0x59, 0x62, 0x78, 0x01, 0x10, 0x2a, 0x4c, 0x55, 0x69, 0x4e, 0x57,
    0x69, 0x02, 0x0e, 0x29, 0x54, 0x5b, 0x6f, 0x67, 0x6a, 0x7a, 0x3f, 0x44, 0x56, 0x2f, 0x39, 0x4e,
    0x02, 0x10, 0x29, 0x46, 0x50, 0x64, 0x7e, 0x85, 0x95, 0x21, 0x28, 0x3b, 0x5c, 0x62, 0x74, 0x56,
    0x5c, 0x6f, 0x00, 0x0b, 0x24, 0x40, 0x47, 0x5a, 0x5a, 0x61, 0x70, 0x00, 0x0d, 0x28, 0x21, 0x29,
    0x3e, 0x4f, 0x53, 0x63, 0x3f, 0x44, 0x55, 0x7e, 0x82, 0x92, 0x15, 0x1e, 0x34, 0x10, 0x19, 0x2e,
    0x73, 0x78, 0x89, 0x19, 0x20, 0x33, 0x5c, 0x62, 0x76, 0x3e, 0x45, 0x5b, 0x01, 0x0f, 0x28, 0x03,
    0x11, 0x2b, 0x04, 0x10, 0x2a, 0x03, 0x10, 0x28, 0x04, 0x0e, 0x25, 0x3b, 0x42, 0x56, 0x75, 0x7b,
    0x8c, 0x74, 0x7b, 0x8b, 0x3a, 0x43, 0x57, 0x04, 0x0f, 0x27, 0x16, 0x1f, 0x36, 0x7b, 0x80, 0x8f,
    0x3e, 0x43, 0x53, 0x5b, 0x5f, 0x70, 0x5e, 0x65, 0x76, 0x00, 0x0e, 0x27, 0x44, 0x4c, 0x61, 0x7f,
    0x85, 0x96, 0x21, 0x2b, 0x40, 0x04, 0x10, 0x26, 0x20, 0x29, 0x3e, 0x74, 0x7a, 0x8a, 0x13, 0x1e,
    0x32, 0x6b, 0x73, 0x84, 0x29, 0x32, 0x45, 0x07, 0x13, 0x2a, 0x6b, 0x70, 0x83, 0x4a, 0x4e, 0x5e,
    0x49, 0x4e, 0x5f, 0x76, 0x7c, 0x8d, 0x0a, 0x16, 0x2c, 0x22, 0x2c, 0x42, 0x8d, 0x90, 0xa0, 0x31,
    0x39, 0x4c, 0x0b, 0x15, 0x2c, 0x03, 0x0f, 0x27, 0x03, 0x0f, 0x27, 0x03, 0x0f, 0x27, 0x04, 0x10,
    0x28, 0x39, 0x41, 0x54, 0x7a, 0x7c, 0x8b, 0x16, 0x1e, 0x33, 0x07, 0x12, 0x28, 0x69, 0x6f, 0x82,
    0x46, 0x4c, 0x5d, 0x2f, 0x34, 0x46, 0x7a, 0x7f, 0x91, 0x19, 0x23, 0x39, 0x11, 0x19, 0x2e, 0x85,
    0x88, 0x99, 0x40, 0x45, 0x57, 0x10, 0x19, 0x2e, 0x03, 0x0f, 0x27, 0x03, 0x0e, 0x26, 0x02, 0x0e,
    0x26, 0x01, 0x0e, 0x26, 0x19, 0x22, 0x37, 0x71, 0x77, 0x87, 0x40, 0x45, 0x58, 0x58, 0x5f, 0x72,
    0x52, 0x59, 0x6c, 0x46, 0x4d, 0x5f, 0x6c, 0x71, 0x82, 0x24, 0x2c, 0x43, 0x01, 0x0b, 0x24, 0x41,
    0x48, 0x59, 0x54, 0x58, 0x6b, 0x00, 0x08, 0x21, 0x3f, 0x46, 0x59, 0x83, 0x86, 0x95, 0x23, 0x2b,
    0x3e, 0x6d, 0x71, 0x83, 0x32, 0x3a, 0x4e, 0x00, 0x09, 0x1f, 0x5c, 0x62, 0x73, 0x50, 0x55, 0x65,
    0x23, 0x28, 0x3b, 0x83, 0x86, 0x97, 0x34, 0x3f, 0x55, 0x01, 0x0e, 0x27, 0x59, 0x61, 0x74, 0x53,
    0x59, 0x6c, 0x23, 0x29, 0x3d, 0x75, 0x7c, 0x8e, 0x2e, 0x38, 0x4d, 0x0f, 0x19, 0x32, 0x71, 0x77,
    0x86, 0x27, 0x2e, 0x43, 0x81, 0x84, 0x94, 0x5b, 0x61, 0x73, 0x3f, 0x45, 0x58, 0x56, 0x5d, 0x71,
    0x00, 0x0d, 0x25, 0x53, 0x5a, 0x6e, 0x6a, 0x6d, 0x7c, 0x3e, 0x42, 0x54, 0x29, 0x30, 0x47, 0x01,
    0x0f, 0x28, 0x02, 0x10, 0x29, 0x01, 0x0f, 0x2a, 0x01, 0x0f, 0x29, 0x01, 0x0f, 0x2a, 0x01, 0x0f,
    0x29, 0x01, 0x0f, 0x29, 0x01, 0x0f, 0x29, 0x01, 0x0f, 0x29, 0x01, 0x0f, 0x29, 0x02, 0x10, 0x2a,
    0x02, 0x0f, 0x29, 0x02, 0x0f, 0x29, 0x02, 0x0f, 0x29, 0x03, 0x0f, 0x29, 0x03, 0x0f, 0x29, 0x01,
    0x0f, 0x28, 0x01, 0x0f, 0x28, 0x03, 0x0f, 0x28, 0x03, 0x0f, 0x28, 0x02, 0x0f, 0x29, 0x03, 0x0f,
    0x29, 0x03, 0x0f, 0x29, 0x03, 0x0f, 0x29, 0x03, 0x0f, 0x29, 0x03, 0x0f, 0x29, 0x03, 0x0f, 0x28,
    0x03, 0x0f, 0x29, 0x02, 0x0f, 0x29, 0x02, 0x0f, 0x29, 0x03, 0x0f, 0x29, 0x03, 0x0f, 0x29, 0x03,
    0x0f, 0x29, 0x03, 0x0f, 0x29, 0x03, 0x0f, 0x29, 0x03, 0x0f, 0x29, 0x03, 0x0f, 0x29, 0x03, 0x0f,
    0x29, 0x03, 0x0f, 0x2a, 0x02, 0x10, 0x2a, 0x00, 0x0e, 0x28, 0x1d, 0x2e, 0x4a, 0x4d, 0x6f, 0x9c,
    0x3b, 0x5f, 0x93, 0x39, 0x5c, 0x8f, 0x34, 0x57, 0x8a, 0x31, 0x53, 0x84, 0x2d, 0x4f, 0x7f, 0x28,
    0x4a, 0x7a, 0x3d, 0x6a, 0x9d, 0x4f, 0x93, 0xd8, 0x45, 0x8a, 0xd4, 0x43, 0x88, 0xd2, 0x40, 0x85,
    0xd0, 0x3e, 0x83, 0xce, 0x3b, 0x80, 0xcb, 0x3a, 0x7e, 0xc9, 0x37, 0x7b, 0xc6, 0x35, 0x79, 0xc4,
    0x33, 0x76, 0xc4, 0x31, 0x73, 0xc1, 0x2f, 0x71, 0xc0, 0x2c, 0x6f, 0xbd, 0x2a, 0x6c, 0xba, 0x28,
    0x69, 0xb8, 0x27, 0x67, 0xb7, 0x25, 0x65, 0xb4, 0x23, 0x63, 0xb3, 0x22, 0x61, 0xb1, 0x21, 0x5f,
    0xb0, 0x20, 0x5f, 0xb1, 0x20, 0x5e, 0xb1, 0x1e, 0x5c, 0xaf, 0x1d, 0x5b, 0xae, 0x1c, 0x5a, 0xad,
    0x1b, 0x58, 0xad, 0x19, 0x57, 0xac, 0x18, 0x56, 0xab, 0x17, 0x55, 0xaa, 0x15, 0x53, 0xaa, 0x1f,
    0x59, 0xab, 0x16, 0x4b, 0x98, 0x0f, 0x44, 0x93, 0x0f, 0x46, 0x96, 0x10, 0x47, 0x98, 0x10, 0x47,
    0x99, 0x10, 0x48, 0x99, 0x11, 0x49, 0x9a, 0x11, 0x49, 0x9a, 0x11, 0x4a, 0x9b, 0x11, 0x4a, 0x9c,
    0x12, 0x4b, 0x9d, 0x13, 0x4c, 0x9f, 0x13, 0x4e, 0xa1, 0x14, 0x4f, 0xa3, 0x14, 0x51, 0xa4, 0x15,
    0x53, 0xa7, 0x17, 0x55, 0xab, 0x16, 0x57, 0xad, 0x17, 0x59, 0xaf, 0x18, 0x5a, 0xb1, 0x19, 0x5c,
    0xb3, 0x1a, 0x5e, 0xb5, 0x1b, 0x60, 0xb6, 0x1c, 0x62, 0xb8, 0x1d, 0x65, 0xba, 0x1f, 0x67, 0xbc,
    0x20, 0x69, 0xbe, 0x2a, 0x6e, 0xbf, 0x1d, 0x48, 0x83, 0x0d, 0x32, 0x68, 0x10, 0x35, 0x6c, 0x11,
    0x37, 0x6e, 0x11, 0x39, 0x71, 0x12, 0x3c, 0x74, 0x13, 0x3e, 0x76, 0x23, 0x48, 0x7c, 0x0e, 0x1f,
    0x3d, 0x01, 0x0e, 0x28, 0x01, 0x0f, 0x29, 0x01, 0x0f, 0x29, 0x01, 0x0f, 0x29, 0x01, 0x0f, 0x29,
    0x01, 0x0f, 0x29, 0x01, 0x10, 0x2a, 0x01, 0x10, 0x2a, 0x03, 0x0f, 0x2a, 0x03, 0x10, 0x29, 0x01,
    0x0e, 0x27, 0x2e, 0x35, 0x48, 0x68, 0x6d, 0x7e, 0x03, 0x0d, 0x25, 0x02, 0x0e, 0x25, 0x5c, 0x63,
    0x77, 0x46, 0x4f, 0x64, 0x00, 0x0e, 0x27, 0x4c, 0x54, 0x66, 0x4d, 0x56, 0x69, 0x02, 0x0f, 0x2a,
    0x21, 0x2a, 0x3f, 0x60, 0x66, 0x77, 0x72, 0x78, 0x89, 0x3e, 0x48, 0x5d, 0x01, 0x0f, 0x28, 0x45,
    0x4f, 0x63, 0x57, 0x5f, 0x72, 0x00, 0x09, 0x23, 0x32, 0x39, 0x4e, 0x68, 0x6c, 0x7c, 0x01, 0x0b,
    0x22, 0x41, 0x47, 0x59, 0x5d, 0x62, 0x72, 0x02, 0x10, 0x2a, 0x2c, 0x35, 0x4a, 0x6a, 0x6f, 0x80,
    0x54, 0x5b, 0x6f, 0x82, 0x86, 0x96, 0x1c, 0x25, 0x3a, 0x00, 0x0a, 0x1f, 0x54, 0x59, 0x6a, 0x4e,
    0x52, 0x62, 0x6d, 0x72, 0x83, 0x13, 0x1e, 0x35, 0x03, 0x10, 0x2a, 0x03, 0x10, 0x2b, 0x03, 0x10,
    0x2a, 0x03, 0x0f, 0x28, 0x0f, 0x19, 0x30, 0x1e, 0x27, 0x3c, 0x0b, 0x14, 0x2c, 0x2b, 0x32, 0x46,
    0x78, 0x7e, 0x8e, 0x14, 0x1d, 0x32, 0x23, 0x2a, 0x3e, 0x86, 0x89, 0x99, 0x53, 0x5a, 0x6b, 0x58,
    0x5f, 0x70, 0x4d, 0x54, 0x66, 0x03, 0x10, 0x27, 0x42, 0x4a, 0x5d, 0x53, 0x5a, 0x6d, 0x00, 0x0c,
    0x25, 0x02, 0x0f, 0x28, 0x06, 0x11, 0x28, 0x65, 0x6b, 0x7c, 0x4c, 0x53, 0x64, 0x68, 0x6e, 0x80,
    0x0a, 0x14, 0x2a, 0x12, 0x1c, 0x34, 0x84, 0x89, 0x99, 0x5f, 0x65, 0x76, 0x57, 0x5d, 0x6f, 0x5c,
    0x61, 0x73, 0x0e, 0x19, 0x30, 0x23, 0x2c, 0x41, 0x70, 0x74, 0x84, 0x06, 0x12, 0x2a, 0x03, 0x10,
    0x28, 0x03, 0x10, 0x29, 0x03, 0x10, 0x28, 0x03, 0x10, 0x28, 0x02, 0x0f, 0x27, 0x29, 0x32, 0x47,
    0x6e, 0x72, 0x7f, 0x04, 0x0f, 0x25, 0x0e, 0x19, 0x2f, 0x77, 0x7c, 0x8d, 0x15, 0x1f, 0x34, 0x03,
    0x0d, 0x24, 0x6e, 0x71, 0x82, 0x2c, 0x34, 0x48, 0x11, 0x18, 0x2c, 0x73, 0x76, 0x86, 0x10, 0x1c,
    0x33, 0x01, 0x0e, 0x27, 0x03, 0x0f, 0x28, 0x03, 0x0f, 0x28, 0x03, 0x0f, 0x28, 0x02, 0x0f, 0x28,
    0x07, 0x11, 0x28, 0x6b, 0x70, 0x81, 0x78, 0x7c, 0x8b, 0x36, 0x3e, 0x53, 0x2d, 0x36, 0x4b, 0x7b,
    0x7e, 0x8d, 0x6f, 0x73, 0x83, 0x0c, 0x15, 0x2b, 0x00, 0x0c, 0x25, 0x42, 0x48, 0x5a, 0x54, 0x58,
    0x6a, 0x00, 0x0a, 0x21, 0x40, 0x46, 0x59, 0x5f, 0x64, 0x75, 0x00, 0x0d, 0x24, 0x55, 0x59, 0x6d,
    0x3e, 0x44, 0x56, 0x02, 0x0c, 0x22, 0x6a, 0x71, 0x82, 0x23, 0x2c, 0x40, 0x00, 0x09, 0x21, 0x62,
    0x67, 0x7a, 0x35, 0x3e, 0x53, 0x06, 0x10, 0x26, 0x70, 0x75, 0x87, 0x26, 0x2f, 0x46, 0x00, 0x09,
    0x23, 0x5a, 0x61, 0x75, 0x46, 0x4e, 0x61, 0x01, 0x0d, 0x24, 0x58, 0x5e, 0x70, 0x5f, 0x63, 0x75,
    0x59, 0x5c, 0x6d, 0x65, 0x6a, 0x7c, 0x6b, 0x71, 0x82, 0x30, 0x3a, 0x4f, 0x00, 0x0f, 0x26, 0x1f,
    0x27, 0x3b, 0x5d, 0x61, 0x74, 0x6f, 0x75, 0x86, 0x39, 0x3f, 0x54, 0x02, 0x0f, 0x26, 0x02, 0x10,
    0x29, 0x01, 0x0f, 0x29, 0x01, 0x0f, 0x29, 0x01, 0x0f, 0x29, 0x02, 0x10, 0x2a, 0x01, 0x0f, 0x29,
    0x01, 0x0f, 0x29, 0x01, 0x0f, 0x29, 0x02, 0x10, 0x2a, 0x02, 0x10, 0x2a, 0x01, 0x0f, 0x29, 0x01,
    0x0f, 0x29, 0x02, 0x0f, 0x29, 0x04, 0x0f, 0x29, 0x03, 0x0f, 0x29, 0x01, 0x0f, 0x28, 0x01, 0x0f,
    0x27, 0x03, 0x0f, 0x27, 0x03, 0x0f, 0x28, 0x02, 0x0f, 0x29, 0x02, 0x0f, 0x29, 0x03, 0x0f, 0x29,
    0x03, 0x0f, 0x29, 0x03, 0x0f, 0x29, 0x03, 0x0f, 0x28, 0x03, 0x0f, 0x27, 0x03, 0x0f, 0x29, 0x03,
    0x0f, 0x29, 0x03, 0x0f, 0x29, 0x03, 0x0f, 0x29, 0x03, 0x0f, 0x29, 0x03, 0x0f, 0x29, 0x03, 0x0f,
    0x29, 0x03, 0x0f, 0x29, 0x03, 0x0f, 0x29, 0x03, 0x0f, 0x29, 0x03, 0x0f, 0x29, 0x03, 0x0f, 0x29,
    0x02, 0x10, 0x2a, 0x00, 0x0e, 0x28, 0x1c, 0x2d, 0x4a, 0x4c, 0x6f, 0x9c, 0x3a, 0x5f, 0x92, 0x38,
    0x5b, 0x8e, 0x34, 0x57, 0x8a, 0x31, 0x53, 0x83, 0x2d, 0x4f, 0x7f, 0x29, 0x4a, 0x7a, 0x3d, 0x69,
    0x9c, 0x4e, 0x92, 0xd8, 0x45, 0x8a, 0xd5, 0x42, 0x87, 0xd2, 0x3f, 0x85, 0xd0, 0x3d, 0x82, 0xce,
    0x3a, 0x7f, 0xcb, 0x39, 0x7d, 0xc9, 0x37, 0x7b, 0xc7, 0x34, 0x78, 0xc5, 0x33, 0x76, 0xc4, 0x31,
    0x74, 0xc2, 0x2e, 0x71, 0xc0, 0x2c, 0x6f, 0xbe, 0x2a, 0x6d, 0xbc, 0x28, 0x6b, 0xbb, 0x27, 0x68,
    0xba, 0x25, 0x66, 0xb7, 0x23, 0x64, 0xb5, 0x21, 0x62, 0xb4, 0x20, 0x61, 0xb3, 0x1f, 0x60, 0xb2,
    0x1f, 0x5e, 0xb1, 0x1e, 0x5d, 0xb0, 0x1d, 0x5b, 0xb0, 0x1c, 0x5a, 0xaf, 0x1a, 0x58, 0xae, 0x19,
    0x57, 0xad, 0x18, 0x56, 0xad, 0x17, 0x55, 0xab, 0x16, 0x54, 0xaa, 0x20, 0x5b, 0xad, 0x17, 0x4d,
    0x9b, 0x10, 0x46, 0x96, 0x0f, 0x47, 0x98, 0x10, 0x48, 0x99, 0x10, 0x48, 0x9a, 0x11, 0x49, 0x9c,
    0x11, 0x4b, 0x9d, 0x11, 0x4b, 0x9e, 0x12, 0x4c, 0x9f, 0x12, 0x4d, 0xa0, 0x13, 0x4d, 0xa0, 0x14,
    0x4f, 0xa2, 0x14, 0x50, 0xa4, 0x14, 0x52, 0xa6, 0x14, 0x53, 0xa8, 0x16, 0x55, 0xaa, 0x16, 0x57,
    0xad, 0x16, 0x58, 0xae, 0x17, 0x59, 0xb0, 0x18, 0x5b, 0xb2, 0x19, 0x5d, 0xb4, 0x1a, 0x5f, 0xb6,
    0x1b, 0x61, 0xb9, 0x1d, 0x63, 0xbb, 0x1e, 0x65, 0xbd, 0x20, 0x68, 0xbf, 0x21, 0x6a, 0xc1, 0x2b,
    0x70, 0xc1, 0x1d, 0x48, 0x84, 0x0d, 0x32, 0x69, 0x0f, 0x36, 0x6c, 0x10, 0x38, 0x6f, 0x12, 0x3a,
    0x72, 0x13, 0x3d, 0x75, 0x14, 0x3e, 0x78, 0x23, 0x49, 0x7d, 0x0e, 0x1f, 0x3d, 0x02, 0x0e, 0x28,
    0x01, 0x0f, 0x29, 0x01, 0x0f, 0x29, 0x01, 0x0f, 0x29, 0x01, 0x0f, 0x29, 0x01, 0x0f, 0x29, 0x02,
    0x10, 0x2a, 0x02, 0x10, 0x2a, 0x02, 0x10, 0x2a, 0x03, 0x10, 0x29, 0x01, 0x0d, 0x27, 0x2d, 0x36,
    0x4a, 0x80, 0x84, 0x93, 0x3d, 0x44, 0x56, 0x55, 0x5b, 0x6c, 0x71, 0x78, 0x8a, 0x16, 0x22, 0x39,
    0x01, 0x0e, 0x26, 0x4e, 0x56, 0x67, 0x51, 0x58, 0x6c, 0x01, 0x0e, 0x27, 0x3b, 0x45, 0x5a, 0x40,
    0x48, 0x5e, 0x53, 0x57, 0x6b, 0x64, 0x6a, 0x7c, 0x02, 0x0d, 0x22, 0x43, 0x4a, 0x5d, 0x80, 0x87,
    0x98, 0x30, 0x3a, 0x4b, 0x66, 0x6b, 0x7b, 0x49, 0x4f, 0x61, 0x00, 0x09, 0x20, 0x42, 0x47, 0x59,
    0x5e, 0x65, 0x76, 0x01, 0x10, 0x29, 0x4f, 0x57, 0x6b, 0x6c, 0x70, 0x80, 0x39, 0x3e, 0x4f, 0x87,
    0x8b, 0x9a, 0x1c, 0x26, 0x3b, 0x00, 0x0b, 0x21, 0x24, 0x2a, 0x3d, 0x8b, 0x8e, 0x9e, 0x5a, 0x5f,
    0x70, 0x02, 0x0f, 0x27, 0x02, 0x11, 0x2b, 0x02, 0x10, 0x2a, 0x02, 0x10, 0x29, 0x02, 0x0e, 0x26,
    0x1f, 0x28, 0x3d, 0x7d, 0x84, 0x97, 0x39, 0x42, 0x58, 0x3f, 0x44, 0x56, 0x73, 0x77, 0x87, 0x10,
    0x19, 0x2f, 0x10, 0x19, 0x2e, 0x6e, 0x74, 0x83, 0x3d, 0x42, 0x54, 0x43, 0x47, 0x59, 0x3b, 0x42,
    0x57, 0x01, 0x0d, 0x25, 0x44, 0x4c, 0x5d, 0x53, 0x5b, 0x6d, 0x02, 0x0d, 0x26, 0x03, 0x0f, 0x2a,
    0x00, 0x0d, 0x27, 0x39, 0x41, 0x53, 0x96, 0x9a, 0xa9, 0x42, 0x4a, 0x5c, 0x01, 0x0d, 0x25, 0x08,
    0x13, 0x2a, 0x66, 0x6d, 0x7e, 0x4b, 0x51, 0x62, 0x3b, 0x41, 0x53, 0x48, 0x4f, 0x63, 0x05, 0x10,
    0x27, 0x23, 0x2a, 0x3f, 0x6e, 0x73, 0x82, 0x07, 0x13, 0x29, 0x02, 0x0f, 0x2a, 0x01, 0x10, 0x2a,
    0x01, 0x10, 0x29, 0x02, 0x10, 0x29, 0x02, 0x0e, 0x27, 0x29, 0x31, 0x45, 0x6b, 0x70, 0x80, 0x07,
    0x11, 0x29, 0x07, 0x13, 0x29, 0x61, 0x69, 0x7a, 0x4f, 0x55, 0x68, 0x39, 0x3e, 0x51, 0x73, 0x78,
    0x88, 0x15, 0x1e, 0x32, 0x11, 0x19, 0x2d, 0x74, 0x78, 0x89, 0x13, 0x1f, 0x38, 0x01, 0x10, 0x2a,
    0x02, 0x0f, 0x29, 0x03, 0x0f, 0x29, 0x03, 0x0f, 0x29, 0x02, 0x0f, 0x29, 0x01, 0x0b, 0x25, 0x55,
    0x5a, 0x6b, 0x98, 0x9e, 0xab, 0x17, 0x22, 0x38, 0x11, 0x1b, 0x32, 0x92, 0x96, 0xa3, 0x5a, 0x5e,
    0x70, 0x01, 0x0d, 0x24, 0x00, 0x0c, 0x26, 0x42, 0x48, 0x5a, 0x54, 0x5a, 0x6a, 0x00, 0x0b, 0x22,
    0x3f, 0x46, 0x5a, 0x5d, 0x64, 0x77, 0x02, 0x0e, 0x25, 0x56, 0x5c, 0x70, 0x3e, 0x46, 0x58, 0x00,
    0x0a, 0x21, 0x52, 0x5a, 0x6e, 0x5c, 0x61, 0x72, 0x33, 0x38, 0x4b, 0x88, 0x8d, 0x9e, 0x35, 0x3d,
    0x51, 0x01, 0x0c, 0x23, 0x53, 0x5a, 0x6d, 0x5e, 0x65, 0x78, 0x31, 0x38, 0x4c, 0x74, 0x78, 0x89,
    0x27, 0x2f, 0x43, 0x00, 0x0c, 0x22, 0x31, 0x3b, 0x4e, 0x91, 0x95, 0xa4, 0x2b, 0x32, 0x48, 0x5e,
    0x62, 0x74, 0x87, 0x8c, 0x9d, 0x10, 0x1e, 0x35, 0x03, 0x0f, 0x27, 0x3c, 0x44, 0x58, 0x41, 0x48,
    0x5c, 0x54, 0x59, 0x6b, 0x5d, 0x62, 0x74, 0x02, 0x0e, 0x27, 0x02, 0x0f, 0x29, 0x01, 0x0f, 0x29,
    0x02, 0x0f, 0x29, 0x01, 0x0f, 0x29, 0x01, 0x0f, 0x29, 0x02, 0x10, 0x2a, 0x01, 0x0f, 0x29, 0x01,
    0x0f, 0x29, 0x01, 0x0f, 0x29, 0x01, 0x0f, 0x29, 0x01, 0x0f, 0x29, 0x01, 0x0f, 0x29, 0x02, 0x0f,
    0x29, 0x03, 0x0f, 0x29, 0x03, 0x0f, 0x29, 0x01, 0x0f, 0x29, 0x01, 0x0f, 0x29, 0x03, 0x0f, 0x29,
    0x03, 0x0f, 0x29, 0x02, 0x0f, 0x29, 0x01, 0x0f, 0x29, 0x02, 0x10, 0x2a, 0x02, 0x10, 0x2a, 0x03,
    0x0f, 0x29, 0x03, 0x0f, 0x29, 0x03, 0x0f, 0x28, 0x03, 0x0f, 0x29, 0x03, 0x0f, 0x29, 0x03, 0x0f,
    0x29, 0x03, 0x0f, 0x29, 0x03, 0x0f, 0x29, 0x03, 0x0f, 0x29, 0x03, 0x0f, 0x28, 0x03, 0x0f, 0x28,
    0x03, 0x0f, 0x28, 0x03, 0x0f, 0x29, 0x03, 0x0f, 0x29, 0x04, 0x10, 0x2a, 0x01, 0x0f, 0x29, 0x00,
    0x0e, 0x28, 0x1b, 0x2c, 0x49, 0x4b, 0x6e, 0x9b, 0x39, 0x5e, 0x92, 0x37, 0x5b, 0x8e, 0x33, 0x57,
    0x89, 0x30, 0x53, 0x83, 0x2e, 0x50, 0x80, 0x2a, 0x4b, 0x7b, 0x3d, 0x68, 0x9b, 0x4d, 0x91, 0xd6,
    0x44, 0x8a, 0xd4, 0x42, 0x87, 0xd2, 0x3f, 0x85, 0xd0, 0x3c, 0x81, 0xcf, 0x3a, 0x7f, 0xcc, 0x38,
    0x7d, 0xca, 0x36, 0x7b, 0xc8, 0x34, 0x79, 0xc6, 0x33, 0x76, 0xc4, 0x30, 0x73, 0xc2, 0x2e, 0x71,
    0xc0, 0x2c, 0x6f, 0xbe, 0x2a, 0x6d, 0xbd, 0x29, 0x6c, 0xbd, 0x27, 0x6a, 0xbb, 0x25, 0x68, 0xb9,
    0x24, 0x65, 0xb7, 0x22, 0x63, 0xb5, 0x20, 0x61, 0xb3, 0x1f, 0x60, 0xb3, 0x1e, 0x5f, 0xb3, 0x1e,
    0x5d, 0xb2, 0x1d, 0x5b, 0xb0, 0x1b, 0x5a, 0xae, 0x1a, 0x58, 0xad, 0x19, 0x57, 0xad, 0x18, 0x56,
    0xad, 0x17, 0x55, 0xab, 0x15, 0x54, 0xaa, 0x20, 0x5c, 0xaf, 0x18, 0x4f, 0x9e, 0x0f, 0x47, 0x98,
    0x10, 0x48, 0x9a, 0x10, 0x49, 0x9b, 0x11, 0x4a, 0x9d, 0x12, 0x4b, 0x9f, 0x12, 0x4c, 0xa0, 0x13,
    0x4d, 0xa1, 0x12, 0x4f, 0xa2, 0x12, 0x4f, 0xa3, 0x13, 0x50, 0xa4, 0x14, 0x51, 0xa5, 0x15, 0x52,
    0xa8, 0x15, 0x54, 0xaa, 0x15, 0x55, 0xab, 0x16, 0x56, 0xad, 0x16, 0x58, 0xaf, 0x17, 0x5a, 0xb0,
    0x17, 0x5a, 0xb1, 0x18, 0x5c, 0xb3, 0x19, 0x5f, 0xb5, 0x1b, 0x61, 0xb7, 0x1c, 0x62, 0xba, 0x1d,
    0x64, 0xbd, 0x1e, 0x67, 0xbe, 0x20, 0x6a, 0xc1, 0x21, 0x6b, 0xc2, 0x2b, 0x71, 0xc2, 0x1c, 0x48,
    0x84, 0x0c, 0x33, 0x6a, 0x0e, 0x36, 0x6d, 0x10, 0x39, 0x71, 0x12, 0x3c, 0x73, 0x13, 0x3e, 0x77,
    0x14, 0x3f, 0x78, 0x23, 0x49, 0x7d, 0x0e, 0x1f, 0x3d, 0x02, 0x0e, 0x28, 0x02, 0x0f, 0x29, 0x01,
    0x0f, 0x29, 0x01, 0x0f, 0x29, 0x01, 0x0f, 0x29, 0x01, 0x0f, 0x29, 0x01, 0x0f, 0x29, 0x02, 0x10,
    0x2a, 0x02, 0x10, 0x2a, 0x02, 0x10, 0x29, 0x02, 0x0e, 0x28, 0x16, 0x21, 0x38, 0x53, 0x5a, 0x6b,
    0x53, 0x5b, 0x6c, 0x44, 0x4c, 0x5e, 0x18, 0x20, 0x34, 0x03, 0x10, 0x28, 0x02, 0x10, 0x29, 0x26,
    0x31, 0x46, 0x29, 0x32, 0x48, 0x02, 0x10, 0x28, 0x1a, 0x25, 0x3b, 0x4f, 0x58, 0x6d, 0x51, 0x58,
    0x6a, 0x1d, 0x25, 0x3a, 0x00, 0x0a, 0x23, 0x41, 0x47, 0x5b, 0x6e, 0x75, 0x84, 0x5b, 0x61, 0x71,
    0x4f, 0x57, 0x68, 0x0c, 0x18, 0x2e, 0x02, 0x0e, 0x27, 0x21, 0x2b, 0x41, 0x2f, 0x3a, 0x4f, 0x03,
    0x11, 0x2b, 0x17, 0x21, 0x38, 0x54, 0x5b, 0x6e, 0x52, 0x58, 0x69, 0x45, 0x4c, 0x5e, 0x10, 0x1b,
    0x33, 0x02, 0x10, 0x27, 0x0c, 0x16, 0x2a, 0x7e, 0x82, 0x91, 0x2d, 0x35, 0x49, 0x00, 0x0e, 0x27,
    0x02, 0x10, 0x29, 0x02, 0x0f, 0x29, 0x03, 0x0f, 0x29, 0x03, 0x0f, 0x29, 0x05, 0x10, 0x27, 0x2f,
    0x38, 0x4e, 0x5c, 0x63, 0x77, 0x59, 0x5f, 0x6f, 0x25, 0x2c, 0x40, 0x03, 0x0e, 0x27, 0x02, 0x0f,
    0x25, 0x23, 0x2c, 0x42, 0x59, 0x60, 0x71, 0x53, 0x59, 0x6a, 0x1a, 0x24, 0x3a, 0x02, 0x0e, 0x27,
    0x22, 0x2b, 0x42, 0x29, 0x33, 0x49, 0x02, 0x0f, 0x28, 0x04, 0x0f, 0x2a, 0x03, 0x10, 0x29, 0x0f,
    0x1a, 0x33, 0x4d, 0x55, 0x68, 0x12, 0x1e, 0x33, 0x01, 0x0f, 0x26, 0x03, 0x0d, 0x25, 0x17, 0x22,
    0x37, 0x52, 0x5a, 0x6c, 0x55, 0x5d, 0x70, 0x22, 0x2b, 0x3f, 0x03, 0x0e, 0x24, 0x13, 0x1d, 0x33,
    0x38, 0x40, 0x54, 0x04, 0x10, 0x29, 0x02, 0x0f, 0x29, 0x02, 0x10, 0x2a, 0x02, 0x10, 0x29, 0x03,
    0x0f, 0x29, 0x03, 0x0f, 0x28, 0x14, 0x1e, 0x35, 0x32, 0x3c, 0x4f, 0x06, 0x12, 0x2b, 0x04, 0x11,
    0x2a, 0x16, 0x22, 0x39, 0x51, 0x58, 0x6b, 0x58, 0x5d, 0x6e, 0x26, 0x2e, 0x42, 0x03, 0x0e, 0x25,
    0x0a, 0x15, 0x2b, 0x3b, 0x42, 0x57, 0x0a, 0x18, 0x31, 0x02, 0x10, 0x2a, 0x02, 0x0f, 0x29, 0x03,
    0x0f, 0x29, 0x03, 0x0f, 0x29, 0x02, 0x0e, 0x28, 0x01, 0x0d, 0x27, 0x1e, 0x27, 0x3d, 0x41, 0x4a,
    0x5e, 0x06, 0x12, 0x2a, 0x04, 0x0f, 0x26, 0x3c, 0x44, 0x56, 0x22, 0x29, 0x3f, 0x02, 0x0e, 0x26,
    0x01, 0x0e, 0x27, 0x21, 0x2b, 0x41, 0x2a, 0x35, 0x47, 0x01, 0x0d, 0x26, 0x1e, 0x29, 0x40, 0x2c,
    0x37, 0x4d, 0x02, 0x10, 0x28, 0x2a, 0x35, 0x4b, 0x1e, 0x2a, 0x40, 0x02, 0x0e, 0x26, 0x11, 0x1b,
    0x30, 0x4d, 0x53, 0x64, 0x51, 0x55, 0x67, 0x41, 0x47, 0x5a, 0x1b, 0x25, 0x3a, 0x02, 0x0f, 0x28,
    0x0e, 0x1b, 0x31, 0x4b, 0x52, 0x65, 0x5f, 0x64, 0x75, 0x33, 0x3b, 0x4e, 0x04, 0x0f, 0x26, 0x03,
    0x0f, 0x27, 0x0e, 0x1a, 0x32, 0x43, 0x4b, 0x5f, 0x0b, 0x17, 0x31, 0x25, 0x2d, 0x43, 0x3b, 0x43,
    0x58, 0x03, 0x11, 0x2a, 0x03, 0x0e, 0x28, 0x1a, 0x24, 0x3a, 0x50, 0x59, 0x6b, 0x51, 0x58, 0x6c,
    0x1c, 0x24, 0x3c, 0x02, 0x0e, 0x28, 0x01, 0x0f, 0x29, 0x01, 0x0f, 0x29, 0x01, 0x0f, 0x29, 0x01,
    0x0f, 0x29, 0x01, 0x0f, 0x29, 0x02, 0x10, 0x2a, 0x02, 0x10, 0x2a, 0x02, 0x0f, 0x29, 0x02, 0x10,
    0x2a, 0x02, 0x0f, 0x29, 0x02, 0x0f, 0x29, 0x01, 0x0f, 0x29, 0x02, 0x0f, 0x29, 0x03, 0x0f, 0x29,
    0x03, 0x0f, 0x29, 0x02, 0x0f, 0x29, 0x01, 0x0f, 0x29, 0x03, 0x0f, 0x29, 0x03, 0x0f, 0x29, 0x03,
    0x0f, 0x29, 0x03, 0x0f, 0x29, 0x02, 0x10, 0x2a, 0x01, 0x0f, 0x29, 0x02, 0x0f, 0x29, 0x03, 0x0f,
    0x29, 0x04, 0x10, 0x28, 0x03, 0x0f, 0x29, 0x03, 0x0f, 0x28, 0x03, 0x0f, 0x28, 0x03, 0x0f, 0x28,
    0x03, 0x0f, 0x28, 0x03, 0x0f, 0x28, 0x03, 0x0f, 0x27, 0x03, 0x0f, 0x27, 0x03, 0x0f, 0x27, 0x03,
    0x0f, 0x28, 0x03, 0x0f, 0x29, 0x03, 0x0f, 0x2a, 0x02, 0x10, 0x2a, 0x00, 0x0e, 0x28, 0x1b, 0x2c,
    0x49, 0x4b, 0x6e, 0x9a, 0x39, 0x5f, 0x92, 0x36, 0x5b, 0x8d, 0x32, 0x57, 0x89, 0x30, 0x53, 0x84,
    0x2e, 0x50, 0x80, 0x2a, 0x4c, 0x7c, 0x36, 0x61, 0x93, 0x4f, 0x91, 0xd3, 0x43, 0x8a, 0xd4, 0x41,
    0x88, 0xd0, 0x3f, 0x85, 0xd0, 0x3c, 0x81, 0xce, 0x3a, 0x7f, 0xcc, 0x38, 0x7d, 0xca, 0x36, 0x7b,
    0xc8, 0x34, 0x79, 0xc6, 0x33, 0x76, 0xc4, 0x30, 0x74, 0xc2, 0x2e, 0x72, 0xc0, 0x2d, 0x70, 0xbf,
    0x2b, 0x6e, 0xbe, 0x29, 0x6c, 0xbd, 0x28, 0x6b, 0xbc, 0x27, 0x69, 0xba, 0x25, 0x67, 0xb8, 0x23,
    0x64, 0xb7, 0x22, 0x62, 0xb5, 0x20, 0x61, 0xb4, 0x1f, 0x5f, 0xb3, 0x1e, 0x5e, 0xb2, 0x1d, 0x5c,
    0xb0, 0x1b, 0x5a, 0xaf, 0x1a, 0x59, 0xae, 0x19, 0x58, 0xac, 0x18, 0x56, 0xac, 0x17, 0x55, 0xab,
    0x15, 0x54, 0xab, 0x20, 0x5d, 0xb1, 0x18, 0x50, 0xa0, 0x10, 0x48, 0x9a, 0x11, 0x49, 0x9c, 0x11,
    0x4b, 0x9d, 0x12, 0x4c, 0x9f, 0x13, 0x4d, 0xa1, 0x13, 0x4e, 0xa2, 0x13, 0x4f, 0xa3, 0x13, 0x50,
    0xa4, 0x13, 0x50, 0xa6, 0x15, 0x52, 0xa8, 0x16, 0x53, 0xa9, 0x16, 0x54, 0xab, 0x16, 0x55, 0xac,
    0x16, 0x57, 0xae, 0x17, 0x58, 0xb0, 0x18, 0x59, 0xb1, 0x19, 0x5b, 0xb2, 0x19, 0x5c, 0xb4, 0x1a,
    0x5f, 0xb6, 0x1a, 0x60, 0xb7, 0x1c, 0x62, 0xb9, 0x1d, 0x65, 0xbb, 0x1f, 0x66, 0xbd, 0x1f, 0x69,
    0xbf, 0x21, 0x6b, 0xc2, 0x22, 0x6d, 0xc3, 0x2b, 0x72, 0xc2, 0x1c, 0x49, 0x84, 0x0c, 0x33, 0x6b,
    0x0f, 0x37, 0x6f, 0x11, 0x3a, 0x72, 0x13, 0x3d, 0x75, 0x14, 0x3e, 0x78, 0x15, 0x3f, 0x79, 0x24,
    0x49, 0x7e, 0x0f, 0x1f, 0x3e, 0x01, 0x0e, 0x27, 0x02, 0x0f, 0x29, 0x01, 0x0f, 0x29, 0x01, 0x0f,
    0x29, 0x01, 0x0f, 0x29, 0x02, 0x0f, 0x29, 0x02, 0x10, 0x2a, 0x03, 0x10, 0x2a, 0x02, 0x10, 0x29,
    0x02, 0x10, 0x28, 0x02, 0x10, 0x28, 0x02, 0x0f, 0x28, 0x01, 0x0c, 0x24, 0x01, 0x0c, 0x25, 0x01,
    0x0d, 0x24, 0x03, 0x0e, 0x25, 0x03, 0x10, 0x29, 0x02, 0x10, 0x2b, 0x01, 0x10, 0x29, 0x02, 0x10,
    0x2a, 0x02, 0x11, 0x2c, 0x02, 0x0f, 0x29, 0x01, 0x0e, 0x27, 0x01, 0x0d, 0x24, 0x00, 0x0d, 0x24,
    0x00, 0x0c, 0x22, 0x3d, 0x44, 0x57, 0x4f, 0x57, 0x6c, 0x01, 0x0d, 0x27, 0x02, 0x0f, 0x29, 0x02,
    0x11, 0x2a, 0x03, 0x11, 0x2b, 0x02, 0x10, 0x2a, 0x02, 0x10, 0x29, 0x03, 0x12, 0x2b, 0x02, 0x10,
    0x29, 0x02, 0x0e, 0x25, 0x02, 0x0d, 0x26, 0x01, 0x0d, 0x26, 0x03, 0x10, 0x29, 0x08, 0x15, 0x2c,
    0x51, 0x59, 0x6d, 0x6d, 0x72, 0x81, 0x0a, 0x15, 0x2d, 0x02, 0x0f, 0x28, 0x03, 0x0f, 0x28, 0x02,
    0x0f, 0x29, 0x03, 0x0f, 0x29, 0x03, 0x10, 0x2a, 0x02, 0x0f, 0x29, 0x01, 0x0e, 0x27, 0x02, 0x0e,
    0x27, 0x02, 0x0d, 0x28, 0x02, 0x0e, 0x27, 0x04, 0x0f, 0x28, 0x03, 0x0f, 0x29, 0x02, 0x0e, 0x26,
    0x02, 0x0e, 0x24, 0x01, 0x0e, 0x26, 0x03, 0x10, 0x28, 0x05, 0x10, 0x2a, 0x03, 0x0e, 0x29, 0x01,
    0x0e, 0x28, 0x01, 0x10, 0x29, 0x03, 0x10, 0x29, 0x03, 0x10, 0x29, 0x01, 0x0f, 0x2b, 0x01, 0x0e,
    0x26, 0x02, 0x0f, 0x28, 0x02, 0x0f, 0x27, 0x03, 0x0e, 0x27, 0x01, 0x0e, 0x28, 0x01, 0x0e, 0x25,
    0x02, 0x0d, 0x25, 0x02, 0x0e, 0x26, 0x03, 0x0f, 0x28, 0x02, 0x0f, 0x28, 0x03, 0x0e, 0x27, 0x03,
    0x0f, 0x29, 0x02, 0x0f, 0x29, 0x02, 0x0f, 0x29, 0x03, 0x0f, 0x29, 0x03, 0x0f, 0x28, 0x02, 0x0f,
    0x28, 0x02, 0x0f, 0x29, 0x02, 0x0f, 0x27, 0x03, 0x10, 0x2b, 0x04, 0x11, 0x2b, 0x03, 0x10, 0x2a,
    0x02, 0x0f, 0x28, 0x01, 0x0e, 0x26, 0x02, 0x0e, 0x27, 0x04, 0x0f, 0x29, 0x03, 0x10, 0x29, 0x02,
    0x0e, 0x27, 0x03, 0x0f, 0x29, 0x03, 0x0f, 0x29, 0x03, 0x0f, 0x29, 0x03, 0x0f, 0x29, 0x03, 0x0f,
    0x29, 0x03, 0x0f, 0x29, 0x02, 0x0f, 0x28, 0x02, 0x0e, 0x27, 0x02, 0x0d, 0x27, 0x03, 0x0f, 0x28,
    0x02, 0x0e, 0x26, 0x00, 0x0c, 0x25, 0x03, 0x0e, 0x26, 0x03, 0x0f, 0x28, 0x03, 0x10, 0x28, 0x03,
    0x0f, 0x28, 0x02, 0x0f, 0x27, 0x04, 0x0f, 0x29, 0x02, 0x0f, 0x28, 0x01, 0x0f, 0x27, 0x02, 0x11,
    0x2b, 0x02, 0x0f, 0x28, 0x03, 0x0f, 0x28, 0x04, 0x10, 0x2a, 0x02, 0x0f, 0x29, 0x01, 0x0e, 0x26,
    0x02, 0x0d, 0x27, 0x01, 0x0d, 0x26, 0x03, 0x0f, 0x27, 0x04, 0x11, 0x2a, 0x03, 0x10, 0x29, 0x01,
    0x0e, 0x28, 0x02, 0x0f, 0x28, 0x02, 0x0e, 0x27, 0x02, 0x10, 0x28, 0x03, 0x10, 0x2a, 0x03, 0x10,
    0x2a, 0x02, 0x0f, 0x27, 0x02, 0x10, 0x2a, 0x02, 0x0d, 0x27, 0x01, 0x0d, 0x25, 0x02, 0x0f, 0x28,
    0x03, 0x0f, 0x29, 0x01, 0x0f, 0x27, 0x01, 0x0e, 0x27, 0x01, 0x0e, 0x29, 0x01, 0x0f, 0x29, 0x02,
    0x0f, 0x29, 0x01, 0x0f, 0x29, 0x01, 0x0f, 0x29, 0x01, 0x0f, 0x29, 0x01, 0x0f, 0x29, 0x01, 0x0f,
    0x29, 0x01, 0x0f, 0x29, 0x02, 0x0f, 0x29, 0x03, 0x0f, 0x29, 0x03, 0x0f, 0x29, 0x03, 0x0f, 0x29,
    0x02, 0x0f, 0x29, 0x02, 0x0f, 0x29, 0x02, 0x0f, 0x29, 0x02, 0x0f, 0x29, 0x03, 0x0f, 0x29, 0x02,
    0x0f, 0x29, 0x02, 0x0f, 0x29, 0x03, 0x0f, 0x29, 0x03, 0x0f, 0x29, 0x03, 0x0f, 0x29, 0x03, 0x0f,
    0x29, 0x04, 0x10, 0x2a, 0x03, 0x0f, 0x29, 0x02, 0x0f, 0x28, 0x03, 0x0f, 0x28, 0x04, 0x10, 0x28,
    0x03, 0x0f, 0x28, 0x03, 0x0f, 0x28, 0x03, 0x0f, 0x27, 0x03, 0x0f, 0x28, 0x03, 0x0f, 0x28, 0x03,
    0x0f, 0x28, 0x03, 0x0f, 0x28, 0x03, 0x0f, 0x28, 0x03, 0x0f, 0x28, 0x03, 0x0f, 0x28, 0x03, 0x0f,
    0x29, 0x03, 0x0f, 0x29, 0x01, 0x0f, 0x29, 0x00, 0x0e, 0x27, 0x1b, 0x2d, 0x49, 0x4b, 0x6e, 0x9c,
    0x39, 0x5f, 0x92, 0x36, 0x5b, 0x8d, 0x32, 0x57, 0x8a, 0x2f, 0x53, 0x85, 0x2d, 0x51, 0x82, 0x2a,
    0x4e, 0x7e, 0x2a, 0x51, 0x82, 0x4e, 0x86, 0xc1, 0x46, 0x8f, 0xd7, 0x40, 0x87, 0xd1, 0x3e, 0x84,
    0xcf, 0x3c, 0x81, 0xce, 0x3b, 0x7e, 0xcd, 0x39, 0x7d, 0xcb, 0x37, 0x7b, 0xc9, 0x35, 0x79, 0xc6,
    0x33, 0x76, 0xc4, 0x31, 0x74, 0xc2, 0x2f, 0x72, 0xc1, 0x2d, 0x70, 0xbf, 0x2b, 0x6e, 0xbd, 0x2a,
    0x6d, 0xbc, 0x28, 0x6c, 0xbc, 0x27, 0x6b, 0xbb, 0x26, 0x69, 0xb9, 0x24, 0x66, 0xb8, 0x23, 0x64,
    0xb7, 0x21, 0x62, 0xb5, 0x1f, 0x60, 0xb3, 0x1f, 0x5e, 0xb2, 0x1d, 0x5d, 0xb1, 0x1c, 0x5b, 0xaf,
    0x1a, 0x59, 0xad, 0x19, 0x58, 0xac, 0x18, 0x57, 0xab, 0x18, 0x56, 0xab, 0x16, 0x55, 0xab, 0x20,
    0x5e, 0xb2, 0x19, 0x52, 0xa2, 0x12, 0x4b, 0x9d, 0x13, 0x4c, 0x9e, 0x14, 0x4d, 0x9f, 0x14, 0x4e,
    0xa1, 0x14, 0x4f, 0xa2, 0x13, 0x4f, 0xa3, 0x13, 0x50, 0xa4, 0x13, 0x51, 0xa6, 0x14, 0x52, 0xa8,
    0x14, 0x54, 0xaa, 0x16, 0x55, 0xac, 0x16, 0x56, 0xad, 0x16, 0x58, 0xae, 0x17, 0x59, 0xb0, 0x18,
    0x5a, 0xb1, 0x19, 0x5b, 0xb2, 0x1a, 0x5d, 0xb4, 0x1b, 0x5f, 0xb7, 0x1b, 0x61, 0xb9, 0x1c, 0x62,
    0xba, 0x1d, 0x64, 0xbc, 0x1f, 0x67, 0xbd, 0x20, 0x69, 0xbf, 0x21, 0x6b, 0xc1, 0x23, 0x6d, 0xc2,
    0x24, 0x6f, 0xc4, 0x2d, 0x74, 0xc3, 0x1d, 0x4a, 0x85, 0x0d, 0x34, 0x6c, 0x10, 0x38, 0x70, 0x12,
    0x3b, 0x73, 0x14, 0x3d, 0x76, 0x15, 0x3f, 0x79, 0x16, 0x41, 0x7b, 0x25, 0x4a, 0x7f, 0x0e, 0x1f,
    0x3e, 0x00, 0x0f, 0x27, 0x02, 0x0f, 0x29, 0x01, 0x0f, 0x29, 0x01, 0x0f, 0x29, 0x01, 0x0f, 0x29,
    0x01, 0x0f, 0x29, 0x03, 0x10, 0x2a, 0x03, 0x10, 0x2a, 0x03, 0x0f, 0x29, 0x03, 0x10, 0x28, 0x03,
    0x10, 0x27, 0x03, 0x0f, 0x27, 0x03, 0x0f, 0x27, 0x03, 0x0f, 0x27, 0x03, 0x0f, 0x27, 0x03, 0x0f,
    0x28, 0x02, 0x0f, 0x29, 0x01, 0x0f, 0x29, 0x02, 0x10, 0x2a, 0x02, 0x10, 0x2a, 0x02, 0x10, 0x2a,
    0x02, 0x10, 0x2a, 0x01, 0x10, 0x28, 0x02, 0x0f, 0x27, 0x02, 0x0e, 0x26, 0x02, 0x0e, 0x26, 0x0f,
    0x19, 0x2f, 0x13, 0x1e, 0x35, 0x02, 0x10, 0x2a, 0x02, 0x11, 0x2b, 0x02, 0x10, 0x2a, 0x02, 0x10,
    0x2a, 0x02, 0x10, 0x2a, 0x03, 0x10, 0x2a, 0x02, 0x10, 0x2a, 0x02, 0x10, 0x2a, 0x02, 0x0f, 0x29,
    0x03, 0x0f, 0x29, 0x03, 0x0f, 0x28, 0x03, 0x0f, 0x2a, 0x06, 0x12, 0x2a, 0x22, 0x2b, 0x40, 0x13,
    0x1c, 0x32, 0x02, 0x0e, 0x28, 0x03, 0x0f, 0x29, 0x02, 0x0f, 0x29, 0x02, 0x0f, 0x29, 0x03, 0x0f,
    0x29, 0x03, 0x0f, 0x29, 0x03, 0x0f, 0x29, 0x03, 0x0f, 0x29, 0x03, 0x0f, 0x29, 0x03, 0x0f, 0x29,
    0x03, 0x0f, 0x29, 0x03, 0x0f, 0x29, 0x03, 0x0f, 0x28, 0x03, 0x0f, 0x27, 0x03, 0x0f, 0x28, 0x03,
    0x10, 0x28, 0x04, 0x10, 0x28, 0x03, 0x10, 0x29, 0x02, 0x0f, 0x2a, 0x01, 0x10, 0x2a, 0x01, 0x10,
    0x2a, 0x01, 0x10, 0x29, 0x02, 0x0f, 0x29, 0x02, 0x10, 0x29, 0x03, 0x0f, 0x28, 0x03, 0x0f, 0x29,
    0x03, 0x0f, 0x29, 0x03, 0x0f, 0x29, 0x03, 0x0f, 0x28, 0x03, 0x0f, 0x27, 0x03, 0x0f, 0x27, 0x03,
    0x0f, 0x27, 0x03, 0x0f, 0x27, 0x02, 0x10, 0x28, 0x03, 0x10, 0x29, 0x03, 0x0f, 0x29, 0x02, 0x0f,
    0x29, 0x01, 0x0f, 0x29, 0x03, 0x0f, 0x29, 0x03, 0x0f, 0x29, 0x02, 0x0f, 0x29, 0x02, 0x0f, 0x29,
    0x03, 0x10, 0x2a, 0x04, 0x10, 0x2a, 0x03, 0x0f, 0x29, 0x03, 0x0f, 0x29, 0x03, 0x0f, 0x29, 0x03,
    0x0f, 0x29, 0x03, 0x0f, 0x29, 0x03, 0x0f, 0x29, 0x03, 0x0f, 0x29, 0x03, 0x0f, 0x2a, 0x03, 0x0f,
    0x29, 0x03, 0x0f, 0x29, 0x03, 0x0f, 0x29, 0x03, 0x0f, 0x29, 0x03, 0x0f, 0x29, 0x03, 0x0f, 0x29,
    0x03, 0x0f, 0x29, 0x03, 0x0f, 0x29, 0x03, 0x0f, 0x29, 0x03, 0x0f, 0x29, 0x02, 0x0e, 0x28, 0x03,
    0x0f, 0x29, 0x03, 0x0f, 0x29, 0x03, 0x0f, 0x28, 0x03, 0x0f, 0x27, 0x03, 0x0f, 0x28, 0x03, 0x0f,
    0x29, 0x03, 0x0f, 0x29, 0x03, 0x0f, 0x29, 0x03, 0x10, 0x29, 0x02, 0x10, 0x2a, 0x02, 0x10, 0x2a,
    0x03, 0x10, 0x2a, 0x03, 0x0f, 0x29, 0x03, 0x0f, 0x2a, 0x03, 0x0f, 0x2a, 0x03, 0x0f, 0x29, 0x03,
    0x0f, 0x29, 0x02, 0x0f, 0x29, 0x03, 0x0f, 0x29, 0x03, 0x0f, 0x29, 0x03, 0x0f, 0x29, 0x03, 0x0f,
    0x28, 0x03, 0x0f, 0x28, 0x02, 0x10, 0x28, 0x02, 0x10, 0x29, 0x02, 0x10, 0x2a, 0x02, 0x10, 0x29,
    0x02, 0x10, 0x29, 0x03, 0x0f, 0x29, 0x02, 0x0e, 0x28, 0x03, 0x0e, 0x28, 0x02, 0x0f, 0x29, 0x02,
    0x10, 0x29, 0x02, 0x0f, 0x29, 0x02, 0x0f, 0x29, 0x02, 0x0f, 0x29, 0x01, 0x0f, 0x29, 0x01, 0x0f,
    0x29, 0x01, 0x0f, 0x29, 0x01, 0x0f, 0x29, 0x01, 0x0f, 0x29, 0x02, 0x0f, 0x29, 0x02, 0x0f, 0x29,
    0x02, 0x0f, 0x29, 0x03, 0x0f, 0x29, 0x03, 0x0f, 0x29, 0x03, 0x0f, 0x29, 0x03, 0x0f, 0x29, 0x03,
    0x0f, 0x29, 0x01, 0x0f, 0x29, 0x01, 0x0e, 0x28, 0x02, 0x0e, 0x28, 0x03, 0x0e, 0x28, 0x03, 0x0f,
    0x29, 0x03, 0x0f, 0x29, 0x03, 0x0f, 0x29, 0x03, 0x0f, 0x29, 0x03, 0x0f, 0x29, 0x03, 0x0f, 0x29,
    0x03, 0x0f, 0x29, 0x03, 0x0f, 0x28, 0x03, 0x0f, 0x27, 0x04, 0x10, 0x28, 0x02, 0x10, 0x27, 0x02,
    0x10, 0x28, 0x02, 0x0f, 0x29, 0x02, 0x0f, 0x29, 0x02, 0x0f, 0x29, 0x03, 0x0f, 0x29, 0x03, 0x0f,
    0x29, 0x03, 0x0f, 0x29, 0x03, 0x0f, 0x29, 0x03, 0x0f, 0x29, 0x03, 0x0f, 0x28, 0x03, 0x0f, 0x27,
    0x02, 0x10, 0x2a, 0x00, 0x0e, 0x28, 0x1a, 0x2b, 0x47, 0x4b, 0x6d, 0x9b, 0x39, 0x5e, 0x93, 0x36,
    0x5b, 0x8d, 0x33, 0x57, 0x8a, 0x2f, 0x54, 0x86, 0x2c, 0x50, 0x82, 0x2a, 0x4e, 0x7f, 0x27, 0x4b,
    0x7b, 0x30, 0x59, 0x8a, 0x48, 0x83, 0xbe, 0x46, 0x8b, 0xd0, 0x41, 0x88, 0xcd, 0x41, 0x85, 0xcd,
    0x3f, 0x83, 0xcc, 0x3d, 0x81, 0xca, 0x3c, 0x7f, 0xc8, 0x3b, 0x7d, 0xc7, 0x39, 0x7b, 0xc6, 0x37,
    0x79, 0xc4, 0x35, 0x77, 0xc3, 0x34, 0x75, 0xc1, 0x32, 0x73, 0xbf, 0x30, 0x71, 0xbd, 0x2f, 0x70,
    0xbd, 0x2d, 0x6f, 0xbc, 0x2b, 0x6d, 0xbb, 0x2a, 0x6b, 0xba, 0x28, 0x69, 0xb8, 0x27, 0x67, 0xb7,
    0x25, 0x65, 0xb5, 0x24, 0x63, 0xb3, 0x22, 0x62, 0xb2, 0x21, 0x60, 0xb1, 0x1f, 0x5e, 0xb0, 0x1d,
    0x5c, 0xae, 0x1c, 0x5b, 0xad, 0x1b, 0x5b, 0xad, 0x19, 0x5a, 0xab, 0x23, 0x61, 0xb1, 0x19, 0x55,
    0xa5, 0x14, 0x4d, 0x9f, 0x15, 0x4e, 0xa1, 0x16, 0x50, 0xa3, 0x16, 0x50, 0xa4, 0x15, 0x51, 0xa4,
    0x14, 0x50, 0xa5, 0x14, 0x51, 0xa6, 0x14, 0x52, 0xa8, 0x14, 0x53, 0xaa, 0x14, 0x55, 0xac, 0x15,
    0x57, 0xad, 0x16, 0x58, 0xaf, 0x17, 0x59, 0xb0, 0x18, 0x5a, 0xb1, 0x19, 0x5c, 0xb3, 0x19, 0x5d,
    0xb4, 0x1a, 0x5f, 0xb6, 0x1b, 0x61, 0xb8, 0x1c, 0x62, 0xba, 0x1d, 0x63, 0xbb, 0x1e, 0x66, 0xbe,
    0x1f, 0x68, 0xbf, 0x20, 0x6a, 0xc1, 0x22, 0x6c, 0xc3, 0x24, 0x6e, 0xc5, 0x25, 0x70, 0xc6, 0x2d,
    0x76, 0xc4, 0x1d, 0x4c, 0x86, 0x0d, 0x36, 0x6d, 0x11, 0x39, 0x71, 0x13, 0x3c, 0x74, 0x15, 0x3d,
    0x78, 0x16, 0x40, 0x7a, 0x17, 0x42, 0x7d, 0x25, 0x4b, 0x7f, 0x0d, 0x1e, 0x3d, 0x00, 0x0f, 0x28,
    0x01, 0x0f, 0x29, 0x01, 0x0f, 0x29, 0x01, 0x0f, 0x29, 0x01, 0x0f, 0x29, 0x01, 0x0f, 0x29, 0x01,
    0x0f, 0x29, 0x01, 0x0f, 0x29, 0x01, 0x0f, 0x29, 0x02, 0x0f, 0x29, 0x03, 0x0f, 0x28, 0x03, 0x0f,
    0x27, 0x03, 0x0f, 0x27, 0x03, 0x0f, 0x27, 0x03, 0x0f, 0x27, 0x03, 0x0f, 0x28, 0x01, 0x0f, 0x29,
    0x01, 0x0f, 0x29, 0x01, 0x0f, 0x29, 0x01, 0x0f, 0x29, 0x01, 0x0f, 0x29, 0x01, 0x0f, 0x29, 0x01,
    0x10, 0x29, 0x02, 0x0f, 0x28, 0x03, 0x0e, 0x28, 0x03, 0x0f, 0x28, 0x02, 0x0f, 0x27, 0x01, 0x0f,
    0x28, 0x01, 0x10, 0x2a, 0x02, 0x10, 0x2a, 0x02, 0x10, 0x29, 0x03, 0x10, 0x28, 0x03, 0x0f, 0x28,
    0x03, 0x0f, 0x28, 0x03, 0x0f, 0x28, 0x03, 0x0f, 0x29, 0x03, 0x0f, 0x29, 0x03, 0x0f, 0x29, 0x03,
    0x0f, 0x28, 0x03, 0x0f, 0x28, 0x02, 0x0f, 0x28, 0x01, 0x0e, 0x26, 0x01, 0x0e, 0x28, 0x03, 0x0f,
    0x29, 0x03, 0x0f, 0x29, 0x01, 0x0f, 0x29, 0x02, 0x0f, 0x29, 0x03, 0x0f, 0x29, 0x03, 0x0f, 0x29,
    0x03, 0x0f, 0x29, 0x03, 0x0f, 0x29, 0x03, 0x0f, 0x29, 0x03, 0x0f, 0x29, 0x02, 0x0e, 0x29, 0x03,
    0x0f, 0x29, 0x03, 0x0f, 0x28, 0x03, 0x0f, 0x28, 0x03, 0x0f, 0x29, 0x03, 0x0f, 0x29, 0x02, 0x10,
    0x28, 0x01, 0x10, 0x29, 0x01, 0x0f, 0x2a, 0x01, 0x10, 0x2a, 0x01, 0x0f, 0x29, 0x01, 0x0f, 0x29,
    0x02, 0x0f, 0x29, 0x03, 0x0f, 0x28, 0x03, 0x0f, 0x28, 0x03, 0x0f, 0x29, 0x03, 0x0f, 0x29, 0x03,
    0x0f, 0x29, 0x03, 0x0f, 0x28, 0x03, 0x0f, 0x27, 0x03, 0x0f, 0x27, 0x03, 0x0f, 0x27, 0x02, 0x0f,
    0x27, 0x01, 0x10, 0x27, 0x03, 0x0f, 0x29, 0x03, 0x0f, 0x29, 0x02, 0x0f, 0x29, 0x01, 0x0f, 0x29,
    0x03, 0x0f, 0x29, 0x03, 0x0f, 0x29, 0x03, 0x0f, 0x29, 0x01, 0x0f, 0x29, 0x03, 0x0f, 0x29, 0x03,
    0x0f, 0x29, 0x03, 0x0f, 0x29, 0x03, 0x0f, 0x29, 0x02, 0x0e, 0x28, 0x02, 0x0e, 0x28, 0x03, 0x0f,
    0x29, 0x03, 0x0f, 0x29, 0x03, 0x0f, 0x29, 0x03, 0x0f, 0x29, 0x03, 0x0f, 0x29, 0x02, 0x0e, 0x28,
    0x02, 0x0f, 0x29, 0x02, 0x0f, 0x29, 0x02, 0x0f, 0x29, 0x02, 0x0f, 0x29, 0x03, 0x0f, 0x29, 0x03,
    0x0f, 0x29, 0x03, 0x0f, 0x29, 0x03, 0x0e, 0x28, 0x03, 0x0f, 0x29, 0x03, 0x0f, 0x29, 0x03, 0x0f,
    0x29, 0x03, 0x0f, 0x28, 0x03, 0x0f, 0x27, 0x03, 0x0f, 0x27, 0x03, 0x0f, 0x29, 0x03, 0x0f, 0x29,
    0x03, 0x0f, 0x29, 0x03, 0x0f, 0x29, 0x03, 0x0f, 0x29, 0x03, 0x0f, 0x29, 0x03, 0x0f, 0x29, 0x03,
    0x0f, 0x29, 0x03, 0x0f, 0x29, 0x03, 0x0f, 0x29, 0x02, 0x0f, 0x29, 0x01, 0x0f, 0x29, 0x01, 0x0f,
    0x29, 0x03, 0x0f, 0x29, 0x03, 0x0f, 0x29, 0x02, 0x0e, 0x28, 0x02, 0x0e, 0x28, 0x03, 0x0f, 0x28,
    0x02, 0x0f, 0x29, 0x01, 0x10, 0x2a, 0x02, 0x0f, 0x29, 0x02, 0x0f, 0x29, 0x02, 0x0f, 0x29, 0x02,
    0x0f, 0x29, 0x02, 0x0f, 0x29, 0x02, 0x0f, 0x29, 0x02, 0x0f, 0x28, 0x03, 0x0f, 0x27, 0x03, 0x0f,
    0x28, 0x03, 0x0f, 0x27, 0x02, 0x0f, 0x28, 0x01, 0x0f, 0x29, 0x01, 0x0f, 0x29, 0x02, 0x0f, 0x29,
    0x02, 0x0f, 0x29, 0x03, 0x0f, 0x29, 0x03, 0x0f, 0x29, 0x03, 0x0f, 0x29, 0x03, 0x0f, 0x29, 0x03,
    0x0f, 0x29, 0x03, 0x0f, 0x29, 0x03, 0x0f, 0x29, 0x03, 0x0f, 0x29, 0x03, 0x0f, 0x29, 0x01, 0x0f,
    0x29, 0x01, 0x0f, 0x29, 0x02, 0x0f, 0x29, 0x03, 0x0f, 0x29, 0x02, 0x0e, 0x28, 0x02, 0x0e, 0x28,
    0x03, 0x0f, 0x29, 0x03, 0x0f, 0x29, 0x03, 0x0f, 0x29, 0x03, 0x0f, 0x29, 0x03, 0x0f, 0x29, 0x03,
    0x0f, 0x28, 0x03, 0x0f, 0x27, 0x03, 0x0f, 0x28, 0x02, 0x10, 0x28, 0x01, 0x10, 0x29, 0x01, 0x0f,
    0x29, 0x01, 0x0f, 0x29, 0x01, 0x0f, 0x29, 0x02, 0x10, 0x2a, 0x03, 0x0f, 0x29, 0x03, 0x0f, 0x29,
    0x03, 0x0f, 0x29, 0x03, 0x0f, 0x29, 0x03, 0x0f, 0x28, 0x03, 0x0f, 0x27, 0x02, 0x10, 0x2a, 0x01,
    0x0f, 0x29, 0x13, 0x23, 0x3e, 0x4a, 0x6a, 0x96, 0x39, 0x5f, 0x93, 0x36, 0x5b, 0x8e, 0x33, 0x57,
    0x8a, 0x2f, 0x55, 0x86, 0x2d, 0x51, 0x83, 0x2b, 0x4f, 0x80, 0x29, 0x4c, 0x7e, 0x24, 0x48, 0x79,
    0x26, 0x4c, 0x7c, 0x30, 0x59, 0x8d, 0x2e, 0x5c, 0x92, 0x2c, 0x59, 0x90, 0x2b, 0x57, 0x8e, 0x2a,
    0x56, 0x8d, 0x28, 0x54, 0x8b, 0x27, 0x52, 0x88, 0x26, 0x51, 0x87, 0x25, 0x50, 0x87, 0x24, 0x4e,
    0x86, 0x22, 0x4e, 0x84, 0x21, 0x4c, 0x83, 0x20, 0x4b, 0x81, 0x1f, 0x4a, 0x81, 0x1d, 0x49, 0x7f,
    0x1c, 0x47, 0x7e, 0x1b, 0x47, 0x7e, 0x1b, 0x46, 0x7d, 0x1a, 0x45, 0x7d, 0x18, 0x44, 0x7b, 0x18,
    0x42, 0x7a, 0x17, 0x41, 0x7a, 0x16, 0x40, 0x79, 0x15, 0x3f, 0x78, 0x14, 0x3e, 0x77, 0x13, 0x3e,
    0x76, 0x13, 0x3d, 0x76, 0x11, 0x3a, 0x73, 0x1c, 0x4b, 0x8c, 0x1c, 0x57, 0xa7, 0x15, 0x50, 0xa4,
    0x16, 0x51, 0xa4, 0x16, 0x51, 0xa5, 0x15, 0x52, 0xa6, 0x15, 0x52, 0xa7, 0x14, 0x52, 0xa7, 0x14,
    0x53, 0xa9, 0x14, 0x54, 0xab, 0x14, 0x55, 0xac, 0x15, 0x56, 0xad, 0x16, 0x58, 0xaf, 0x17, 0x59,
    0xb0, 0x18, 0x5a, 0xb1, 0x18, 0x5b, 0xb2, 0x1a, 0x5d, 0xb4, 0x1a, 0x5f, 0xb7, 0x1a, 0x61, 0xb9,
    0x1b, 0x62, 0xba, 0x1d, 0x63, 0xbb, 0x1e, 0x65, 0xbd, 0x1e, 0x67, 0xbf, 0x1f, 0x69, 0xc0, 0x21,
    0x6b, 0xc2, 0x23, 0x6d, 0xc4, 0x25, 0x70, 0xc6, 0x26, 0x72, 0xc7, 0x2e, 0x76, 0xc5, 0x1e, 0x4c,
    0x87, 0x0e, 0x38, 0x6e, 0x11, 0x3a, 0x72, 0x13, 0x3c, 0x75, 0x15, 0x3e, 0x79, 0x17, 0x42, 0x7c,
    0x18, 0x44, 0x7f, 0x25, 0x4b, 0x7d, 0x0b, 0x1b, 0x39, 0x01, 0x0e, 0x29, 0x01, 0x0f, 0x29, 0x01,
    0x0f, 0x29, 0x01, 0x0f, 0x29, 0x01, 0x0f, 0x29, 0x01, 0x0f, 0x29, 0x02, 0x10, 0x29, 0x02, 0x0f,
    0x29, 0x02, 0x0f, 0x29, 0x02, 0x0f, 0x29, 0x03, 0x0f, 0x29, 0x03, 0x0f, 0x29, 0x03, 0x0f, 0x29,
    0x03, 0x0f, 0x29, 0x02, 0x0f, 0x28, 0x02, 0x0f, 0x28, 0x01, 0x0f, 0x29, 0x01, 0x0f, 0x29, 0x01,
    0x0f, 0x29, 0x01, 0x0f, 0x29, 0x01, 0x0f, 0x29, 0x01, 0x0f, 0x29, 0x01, 0x0f, 0x29, 0x02, 0x0f,
    0x29, 0x03, 0x0f, 0x29, 0x03, 0x0f, 0x29, 0x03, 0x0f, 0x29, 0x03, 0x10, 0x29, 0x03, 0x10, 0x29,
    0x03, 0x10, 0x2a, 0x03, 0x10, 0x29, 0x03, 0x0f, 0x29, 0x03, 0x0f, 0x28, 0x03, 0x0f, 0x28, 0x03,
    0x0f, 0x28, 0x03, 0x0f, 0x28, 0x03, 0x0f, 0x29, 0x02, 0x0f, 0x29, 0x02, 0x0f, 0x28, 0x02, 0x10,
    0x27, 0x03, 0x0f, 0x28, 0x04, 0x0f, 0x27, 0x04, 0x0e, 0x29, 0x03, 0x0e, 0x29, 0x02, 0x0f, 0x29,
    0x01, 0x0f, 0x29, 0x01, 0x0f, 0x29, 0x03, 0x0f, 0x29, 0x03, 0x0f, 0x29, 0x03, 0x0f, 0x29, 0x03,
    0x0f, 0x29, 0x03, 0x0f, 0x29, 0x03, 0x0f, 0x29, 0x03, 0x0f, 0x29, 0x03, 0x0f, 0x29, 0x03, 0x0f,
    0x29, 0x03, 0x0f, 0x29, 0x03, 0x0f, 0x29, 0x03, 0x0f, 0x29, 0x02, 0x0f, 0x28, 0x01, 0x0f, 0x28,
    0x01, 0x0f, 0x29, 0x02, 0x10, 0x2a, 0x02, 0x0f, 0x29, 0x02, 0x0f, 0x29, 0x03, 0x0f, 0x29, 0x03,
    0x0f, 0x28, 0x03, 0x0f, 0x28, 0x03, 0x0f, 0x29, 0x03, 0x0f, 0x29, 0x03, 0x0f, 0x29, 0x03, 0x0f,
    0x29, 0x03, 0x0f, 0x29, 0x03, 0x0f, 0x29, 0x03, 0x0f, 0x29, 0x02, 0x0f, 0x28, 0x01, 0x0f, 0x27,
    0x03, 0x0f, 0x29, 0x03, 0x0f, 0x29, 0x03, 0x0f, 0x29, 0x02, 0x0f, 0x29, 0x03, 0x0f, 0x29, 0x03,
    0x0f, 0x29, 0x03, 0x0f, 0x29, 0x01, 0x0f, 0x29, 0x02, 0x0f, 0x29, 0x03, 0x0f, 0x29, 0x03, 0x0f,
    0x29, 0x03, 0x0f, 0x29, 0x02, 0x0e, 0x29, 0x03, 0x0f, 0x29, 0x02, 0x0e, 0x28, 0x03, 0x0f, 0x29,
    0x03, 0x0f, 0x29, 0x03, 0x0f, 0x29, 0x03, 0x0f, 0x29, 0x01, 0x0f, 0x29, 0x00, 0x0e, 0x28, 0x01,
    0x0f, 0x29, 0x01, 0x0f, 0x29, 0x02, 0x0f, 0x29, 0x02, 0x0f, 0x29, 0x02, 0x0f, 0x29, 0x02, 0x0f,
    0x29, 0x02, 0x0f, 0x29, 0x03, 0x0f, 0x29, 0x03, 0x0f, 0x29, 0x03, 0x0f, 0x29, 0x03, 0x0f, 0x28,
    0x03, 0x0f, 0x27, 0x03, 0x0f, 0x27, 0x03, 0x0f, 0x29, 0x03, 0x0f, 0x29, 0x01, 0x0f, 0x29, 0x02,
    0x0f, 0x29, 0x03, 0x10, 0x2a, 0x03, 0x0f, 0x29, 0x02, 0x0f, 0x29, 0x01, 0x0f, 0x29, 0x01, 0x0f,
    0x29, 0x01, 0x0f, 0x29, 0x01, 0x0f, 0x29, 0x01, 0x0f, 0x29, 0x02, 0x0f, 0x29, 0x03, 0x0f, 0x29,
    0x03, 0x0f, 0x29, 0x02, 0x0e, 0x28, 0x02, 0x0e, 0x28, 0x03, 0x0f, 0x29, 0x02, 0x0f, 0x29, 0x01,
    0x10, 0x29, 0x02, 0x10, 0x28, 0x03, 0x0f, 0x29, 0x01, 0x0f, 0x29, 0x00, 0x0e, 0x28, 0x01, 0x0f,
    0x29, 0x01, 0x0f, 0x29, 0x02, 0x0f, 0x29, 0x02, 0x0f, 0x28, 0x03, 0x0f, 0x29, 0x02, 0x0f, 0x28,
    0x02, 0x0f, 0x28, 0x03, 0x0f, 0x28, 0x03, 0x0f, 0x28, 0x03, 0x0f, 0x29, 0x03, 0x0f, 0x28, 0x02,
    0x0f, 0x29, 0x02, 0x0f, 0x29, 0x02, 0x0f, 0x29, 0x02, 0x0f, 0x29, 0x03, 0x0f, 0x29, 0x03, 0x0f,
    0x29, 0x03, 0x0f, 0x29, 0x03, 0x0f, 0x29, 0x03, 0x0f, 0x29, 0x02, 0x0f, 0x29, 0x01, 0x0f, 0x29,
    0x02, 0x0f, 0x29, 0x03, 0x0e, 0x28, 0x02, 0x0e, 0x28, 0x02, 0x0e, 0x28, 0x03, 0x0f, 0x29, 0x03,
    0x0f, 0x29, 0x03, 0x0f, 0x29, 0x04, 0x10, 0x2a, 0x03, 0x0f, 0x29, 0x03, 0x0f, 0x29, 0x03, 0x0f,
    0x29, 0x03, 0x0f, 0x29, 0x02, 0x0f, 0x29, 0x01, 0x0f, 0x29, 0x02, 0x0f, 0x29, 0x02, 0x0f, 0x29,
    0x01, 0x0f, 0x29, 0x03, 0x0f, 0x29, 0x03, 0x0f, 0x29, 0x03, 0x0f, 0x29, 0x03, 0x0f, 0x29, 0x03,
    0x0f, 0x29, 0x03, 0x0f, 0x28, 0x03, 0x0f, 0x27, 0x02, 0x10, 0x2a, 0x01, 0x0f, 0x29, 0x0a, 0x19,
    0x33, 0x45, 0x64, 0x8d, 0x39, 0x60, 0x94, 0x35, 0x5b, 0x8e, 0x32, 0x58, 0x8a, 0x30, 0x55, 0x87,
    0x2d, 0x52, 0x84, 0x2b, 0x4f, 0x82, 0x29, 0x4c, 0x7e, 0x26, 0x49, 0x7b, 0x23, 0x46, 0x78, 0x20,
    0x44, 0x74, 0x1e, 0x41, 0x72, 0x1d, 0x3f, 0x70, 0x1b, 0x3e, 0x6e, 0x1a, 0x3c, 0x6d, 0x19, 0x3a,
    0x6b, 0x18, 0x39, 0x6a, 0x17, 0x37, 0x69, 0x16, 0x36, 0x69, 0x15, 0x36, 0x68, 0x13, 0x35, 0x66,
    0x12, 0x34, 0x65, 0x11, 0x33, 0x64, 0x10, 0x32, 0x62, 0x10, 0x31, 0x61, 0x10, 0x31, 0x60, 0x0f,
    0x30, 0x60, 0x0e, 0x2f, 0x5f, 0x0d, 0x2e, 0x5f, 0x0c, 0x2e, 0x5d, 0x0b, 0x2c, 0x5c, 0x0b, 0x2c,
    0x5c, 0x0b, 0x2b, 0x5c, 0x0b, 0x2b, 0x5b, 0x0b, 0x2b, 0x5b, 0x0b, 0x2b, 0x5b, 0x0b, 0x2c, 0x5c,
    0x09, 0x2a, 0x58, 0x19, 0x41, 0x7a, 0x1f, 0x59, 0xa9, 0x17, 0x51, 0xa4, 0x17, 0x53, 0xa6, 0x17,
    0x53, 0xa7, 0x17, 0x53, 0xa8, 0x17, 0x53, 0xa9, 0x16, 0x54, 0xaa, 0x16, 0x55, 0xac, 0x16, 0x56,
    0xad, 0x16, 0x56, 0xae, 0x16, 0x58, 0xaf, 0x17, 0x5a, 0xb1, 0x19, 0x5b, 0xb2, 0x19, 0x5c, 0xb4,
    0x1a, 0x5d, 0xb4, 0x1b, 0x5f, 0xb6, 0x1c, 0x61, 0xb9, 0x1c, 0x62, 0xbb, 0x1c, 0x64, 0xbc, 0x1e,
    0x65, 0xbd, 0x1e, 0x68, 0xbf, 0x1f, 0x6a, 0xc0, 0x22, 0x6b, 0xc3, 0x23, 0x6d, 0xc4, 0x24, 0x6f,
    0xc5, 0x26, 0x72, 0xc8, 0x27, 0x73, 0xc9, 0x31, 0x78, 0xc6, 0x1c, 0x4a, 0x84, 0x0f, 0x39, 0x70,
    0x12, 0x3b, 0x73, 0x14, 0x3e, 0x77, 0x16, 0x40, 0x7b, 0x18, 0x43, 0x7e, 0x19, 0x46, 0x82, 0x24,
    0x47, 0x78, 0x08, 0x15, 0x31, 0x02, 0x0f, 0x29, 0x02, 0x10, 0x29, 0x01, 0x0f, 0x29, 0x01, 0x0f,
    0x29, 0x01, 0x0f, 0x29, 0x01, 0x0f, 0x28, 0x03, 0x0f, 0x28, 0x03, 0x0f, 0x29, 0x03, 0x0f, 0x29,
    0x03, 0x0f, 0x29, 0x03, 0x0f, 0x29, 0x03, 0x0f, 0x28, 0x03, 0x0f, 0x29, 0x02, 0x0e, 0x28, 0x01,
    0x0f, 0x29, 0x01, 0x0f, 0x29, 0x02, 0x0f, 0x29, 0x03, 0x0f, 0x29, 0x01, 0x0f, 0x29, 0x01, 0x0f,
    0x29, 0x01, 0x0f, 0x29, 0x01, 0x0f, 0x29, 0x01, 0x0f, 0x29, 0x02, 0x0f, 0x29, 0x03, 0x0f, 0x29,
    0x03, 0x0f, 0x29, 0x02, 0x0f, 0x29, 0x02, 0x0f, 0x29, 0x03, 0x10, 0x29, 0x02, 0x10, 0x2a, 0x02,
    0x10, 0x2a, 0x01, 0x0f, 0x29, 0x01, 0x0f, 0x29, 0x02, 0x0f, 0x29, 0x02, 0x0e, 0x28, 0x03, 0x0f,
    0x28, 0x03, 0x0f, 0x29, 0x01, 0x0f, 0x29, 0x02, 0x0f, 0x29, 0x03, 0x0e, 0x28, 0x03, 0x0f, 0x28,
    0x02, 0x0f, 0x27, 0x02, 0x0f, 0x29, 0x02, 0x0f, 0x29, 0x02, 0x0f, 0x29, 0x02, 0x0f, 0x29, 0x02,
    0x0f, 0x29, 0x03, 0x0f, 0x29, 0x02, 0x0f, 0x29, 0x02, 0x0f, 0x29, 0x02, 0x0f, 0x29, 0x02, 0x0f,
    0x29, 0x02, 0x0f, 0x29, 0x02, 0x0f, 0x29, 0x02, 0x0f, 0x29, 0x02, 0x0f, 0x29, 0x03, 0x0f, 0x29,
    0x03, 0x0f, 0x29, 0x03, 0x0f, 0x29, 0x02, 0x0f, 0x28, 0x01, 0x0f, 0x28, 0x02, 0x0f, 0x29, 0x03,
    0x0f, 0x29, 0x03, 0x0f, 0x29, 0x02, 0x0f, 0x29, 0x03, 0x0f, 0x29, 0x03, 0x0f, 0x28, 0x03, 0x0f,
    0x28, 0x03, 0x0f, 0x29, 0x03, 0x0f, 0x29, 0x03, 0x0f, 0x29, 0x03, 0x0f, 0x29, 0x02, 0x0e, 0x28,
    0x02, 0x0e, 0x28, 0x03, 0x0e, 0x29, 0x02, 0x0f, 0x28, 0x01, 0x0f, 0x27, 0x03, 0x0f, 0x29, 0x03,
    0x0f, 0x29, 0x03, 0x0f, 0x29, 0x02, 0x0f, 0x29, 0x03, 0x0f, 0x29, 0x03, 0x0f, 0x29, 0x02, 0x0f,
    0x28, 0x01, 0x0f, 0x29, 0x02, 0x0f, 0x29, 0x03, 0x0f, 0x29, 0x03, 0x0f, 0x29, 0x03, 0x0f, 0x29,
    0x03, 0x0f, 0x29, 0x03, 0x0f, 0x28, 0x03, 0x0f, 0x29, 0x03, 0x0f, 0x28, 0x02, 0x0e, 0x28, 0x03,
    0x0f, 0x29, 0x03, 0x0f, 0x29, 0x01, 0x0f, 0x29, 0x01, 0x0f, 0x29, 0x01, 0x0f, 0x29, 0x01, 0x0f,
    0x29, 0x01, 0x0f, 0x29, 0x01, 0x0f, 0x29, 0x01, 0x0f, 0x29, 0x01, 0x0f, 0x29, 0x02, 0x0f, 0x29,
    0x03, 0x0f, 0x28, 0x03, 0x0f, 0x28, 0x02, 0x0e, 0x28, 0x03, 0x0f, 0x28, 0x03, 0x0f, 0x27, 0x03,
    0x0f, 0x28, 0x03, 0x0f, 0x29, 0x03, 0x0f, 0x29, 0x02, 0x0f, 0x29, 0x02, 0x0f, 0x29, 0x03, 0x0f,
    0x29, 0x03, 0x0f, 0x29, 0x01, 0x0f, 0x29, 0x01, 0x0f, 0x29, 0x01, 0x0f, 0x29, 0x01, 0x0f, 0x29,
    0x02, 0x0f, 0x29, 0x02, 0x0f, 0x29, 0x02, 0x0f, 0x29, 0x02, 0x0f, 0x29, 0x03, 0x0f, 0x29, 0x02,
    0x0e, 0x28, 0x02, 0x0e, 0x28, 0x02, 0x0e, 0x28, 0x02, 0x0f, 0x29, 0x02, 0x0f, 0x28, 0x03, 0x0f,
    0x28, 0x03, 0x0f, 0x28, 0x02, 0x0f, 0x29, 0x01, 0x0e, 0x28, 0x01, 0x0f, 0x29, 0x01, 0x0e, 0x28,
    0x01, 0x0f, 0x29, 0x02, 0x0f, 0x29, 0x02, 0x0f, 0x29, 0x01, 0x0f, 0x29, 0x02, 0x0f, 0x29, 0x03,
    0x0f, 0x27, 0x03, 0x0f, 0x28, 0x03, 0x0f, 0x27, 0x02, 0x0f, 0x28, 0x01, 0x0f, 0x29, 0x01, 0x0f,
    0x29, 0x02, 0x0f, 0x29, 0x02, 0x0f, 0x29, 0x03, 0x0f, 0x29, 0x03, 0x0f, 0x29, 0x03, 0x0f, 0x29,
    0x03, 0x0f, 0x29, 0x03, 0x0f, 0x29, 0x02, 0x0f, 0x29, 0x02, 0x0f, 0x29, 0x03, 0x0f, 0x29, 0x02,
    0x0f, 0x29, 0x02, 0x0e, 0x28, 0x02, 0x0f, 0x29, 0x03, 0x0f, 0x29, 0x03, 0x0f, 0x29, 0x03, 0x0f,
    0x29, 0x03, 0x0f, 0x29, 0x03, 0x0f, 0x29, 0x03, 0x0f, 0x29, 0x03, 0x0f, 0x29, 0x03, 0x0f, 0x29,
    0x02, 0x0f, 0x29, 0x02, 0x0f, 0x29, 0x03, 0x0f, 0x29, 0x03, 0x0f, 0x29, 0x03, 0x0f, 0x29, 0x03,
    0x0f, 0x29, 0x03, 0x0f, 0x29, 0x03, 0x0f, 0x29, 0x03, 0x0f, 0x29, 0x03, 0x0f, 0x29, 0x03, 0x0f,
    0x28, 0x03, 0x0f, 0x27, 0x02, 0x10, 0x2a, 0x01, 0x0f, 0x29, 0x03, 0x11, 0x2a, 0x3a, 0x55, 0x7b,
    0x3c, 0x64, 0x96, 0x35, 0x5b, 0x8d, 0x33, 0x58, 0x8a, 0x30, 0x55, 0x88, 0x2d, 0x52, 0x86, 0x2b,
    0x4f, 0x83, 0x28, 0x4c, 0x80, 0x26, 0x4a, 0x7c, 0x23, 0x47, 0x7a, 0x21, 0x46, 0x78, 0x20, 0x44,
    0x76, 0x1f, 0x43, 0x74, 0x1e, 0x41, 0x73, 0x1d, 0x3f, 0x71, 0x1c, 0x3d, 0x70, 0x1a, 0x3c, 0x6f,
    0x19, 0x3b, 0x6d, 0x18, 0x3a, 0x6d, 0x17, 0x39, 0x6c, 0x17, 0x38, 0x6a, 0x16, 0x38, 0x68, 0x14,
    0x36, 0x67, 0x13, 0x35, 0x66, 0x12, 0x34, 0x65, 0x12, 0x34, 0x64, 0x11, 0x33, 0x64, 0x11, 0x32,
    0x63, 0x0f, 0x31, 0x63, 0x0e, 0x30, 0x61, 0x0e, 0x30, 0x60, 0x0d, 0x2f, 0x60, 0x0c, 0x2e, 0x5f,
    0x0c, 0x2e, 0x5e, 0x0c, 0x2e, 0x5e, 0x0c, 0x2e, 0x5e, 0x0c, 0x2e, 0x5e, 0x0b, 0x2d, 0x5c, 0x12,
    0x37, 0x6b, 0x22, 0x5b, 0xa4, 0x17, 0x54, 0xa6, 0x18, 0x54, 0xa7, 0x17, 0x54, 0xa9, 0x17, 0x55,
    0xaa, 0x18, 0x56, 0xab, 0x17, 0x57, 0xac, 0x18, 0x57, 0xad, 0x17, 0x58, 0xae, 0x18, 0x59, 0xaf,
    0x18, 0x5a, 0xb1, 0x19, 0x5c, 0xb2, 0x19, 0x5d, 0xb5, 0x1a, 0x5e, 0xb6, 0x1b, 0x60, 0xb6, 0x1c,
    0x61, 0xb8, 0x1d, 0x63, 0xba, 0x1e, 0x64, 0xbb, 0x1e, 0x66, 0xbd, 0x1f, 0x68, 0xbe, 0x20, 0x6a,
    0xc0, 0x22, 0x6c, 0xc2, 0x25, 0x6e, 0xc4, 0x25, 0x70, 0xc5, 0x26, 0x72, 0xc8, 0x27, 0x73, 0xcb,
    0x2c, 0x78, 0xcc, 0x35, 0x71, 0xb5, 0x14, 0x3e, 0x77, 0x11, 0x3b, 0x72, 0x13, 0x3d, 0x76, 0x15,
    0x3f, 0x7a, 0x17, 0x41, 0x7d, 0x18, 0x44, 0x7f, 0x1c, 0x49, 0x84, 0x20, 0x3c, 0x68, 0x03, 0x10,
    0x2a, 0x03, 0x0f, 0x2a, 0x02, 0x10, 0x29, 0x01, 0x0f, 0x29, 0x01, 0x0f, 0x29, 0x01, 0x0f, 0x29,
    0x01, 0x0f, 0x29, 0x01, 0x0f, 0x29, 0x01, 0x0f, 0x29, 0x03, 0x0f, 0x29, 0x03, 0x10, 0x29, 0x03,
    0x10, 0x28, 0x03, 0x0f, 0x27, 0x03, 0x0f, 0x29, 0x02, 0x0f, 0x29, 0x01, 0x0f, 0x29, 0x01, 0x0f,
    0x29, 0x02, 0x0f, 0x29, 0x03, 0x0f, 0x29, 0x01, 0x0f, 0x29, 0x01, 0x0f, 0x29, 0x01, 0x0f, 0x29,
    0x01, 0x0f, 0x29, 0x02, 0x0f, 0x29, 0x03, 0x0f, 0x29, 0x03, 0x0f, 0x29, 0x03, 0x0f, 0x29, 0x03,
    0x0f, 0x29, 0x03, 0x0f, 0x29, 0x03, 0x0f, 0x29, 0x03, 0x10, 0x29, 0x02, 0x0f, 0x29, 0x01, 0x0f,
    0x29, 0x01, 0x0f, 0x29, 0x01, 0x0f, 0x29, 0x02, 0x0f, 0x29, 0x03, 0x0f, 0x29, 0x03, 0x0f, 0x29,
    0x03, 0x0f, 0x29, 0x03, 0x0f, 0x29, 0x03, 0x0f, 0x27, 0x03, 0x0f, 0x28, 0x03, 0x0f, 0x29, 0x03,
    0x0f, 0x29, 0x03, 0x0f, 0x29, 0x03, 0x0f, 0x29, 0x03, 0x0f, 0x29, 0x03, 0x0f, 0x29, 0x01, 0x0f,
    0x29, 0x01, 0x0f, 0x29, 0x01, 0x0f, 0x29, 0x01, 0x0f, 0x29, 0x01, 0x0f, 0x29, 0x01, 0x0f, 0x29,
    0x01, 0x0f, 0x29, 0x01, 0x0f, 0x29, 0x02, 0x0f, 0x29, 0x03, 0x0f, 0x29, 0x03, 0x0f, 0x29, 0x03,
    0x0f, 0x29, 0x03, 0x0f, 0x29, 0x03, 0x0f, 0x29, 0x03, 0x0f, 0x29, 0x03, 0x0f, 0x29, 0x03, 0x0f,
    0x29, 0x03, 0x0f, 0x29, 0x03, 0x0f, 0x29, 0x03, 0x0f, 0x29, 0x03, 0x0f, 0x29, 0x03, 0x0f, 0x29,
    0x03, 0x0f, 0x28, 0x03, 0x0f, 0x28, 0x02, 0x0f, 0x29, 0x01, 0x0e, 0x28, 0x03, 0x0f, 0x29, 0x03,
    0x0f, 0x29, 0x03, 0x0f, 0x29, 0x03, 0x0f, 0x29, 0x03, 0x0f, 0x29, 0x03, 0x0f, 0x29, 0x03, 0x0f,
    0x29, 0x03, 0x0f, 0x29, 0x03, 0x0f, 0x29, 0x03, 0x0f, 0x29, 0x03, 0x0f, 0x28, 0x03, 0x0f, 0x28,
    0x03, 0x0f, 0x29, 0x03, 0x0f, 0x29, 0x03, 0x0f, 0x29, 0x03, 0x0f, 0x29, 0x03, 0x0f, 0x29, 0x03,
    0x0f, 0x28, 0x03, 0x0f, 0x29, 0x03, 0x0f, 0x28, 0x03, 0x0f, 0x28, 0x03, 0x0f, 0x29, 0x03, 0x0f,
    0x29, 0x01, 0x0f, 0x29, 0x01, 0x0f, 0x29, 0x01, 0x0f, 0x29, 0x01, 0x0f, 0x29, 0x01, 0x0f, 0x29,
    0x01, 0x0f, 0x29, 0x01, 0x0f, 0x29, 0x01, 0x0f, 0x29, 0x02, 0x0f, 0x28, 0x03, 0x0f, 0x27, 0x03,
    0x0f, 0x27, 0x03, 0x0f, 0x28, 0x03, 0x0f, 0x28, 0x03, 0x0f, 0x29, 0x03, 0x0f, 0x29, 0x03, 0x0f,
    0x29, 0x03, 0x0f, 0x29, 0x03, 0x0f, 0x29, 0x03, 0x0f, 0x29, 0x03, 0x0f, 0x29, 0x03, 0x0f, 0x28,
    0x01, 0x0f, 0x29, 0x02, 0x0f, 0x29, 0x02, 0x0f, 0x29, 0x01, 0x0f, 0x29, 0x03, 0x0f, 0x29, 0x03,
    0x0f, 0x29, 0x03, 0x0f, 0x29, 0x02, 0x0f, 0x29, 0x03, 0x0f, 0x29, 0x03, 0x0f, 0x29, 0x03, 0x0f,
    0x29, 0x03, 0x0f, 0x29, 0x03, 0x0f, 0x29, 0x03, 0x0f, 0x29, 0x03, 0x0f, 0x29, 0x02, 0x0e, 0x28,
    0x03, 0x0f, 0x29, 0x03, 0x0f, 0x29, 0x03, 0x0f, 0x29, 0x03, 0x0f, 0x29, 0x03, 0x0f, 0x28, 0x03,
    0x0f, 0x28, 0x03, 0x0f, 0x29, 0x02, 0x0f, 0x29, 0x02, 0x0f, 0x29, 0x03, 0x0f, 0x29, 0x03, 0x0f,
    0x29, 0x03, 0x0f, 0x29, 0x02, 0x0f, 0x29, 0x01, 0x0f, 0x29, 0x02, 0x0f, 0x29, 0x03, 0x0f, 0x29,
    0x03, 0x0f, 0x29, 0x02, 0x0f, 0x29, 0x02, 0x0f, 0x29, 0x01, 0x0f, 0x29, 0x03, 0x0f, 0x29, 0x03,
    0x0f, 0x29, 0x03, 0x0f, 0x29, 0x03, 0x0f, 0x29, 0x03, 0x0f, 0x29, 0x01, 0x0f, 0x29, 0x01, 0x0f,
    0x29, 0x02, 0x0f, 0x29, 0x03, 0x0f, 0x29, 0x03, 0x0f, 0x29, 0x03, 0x0f, 0x29, 0x03, 0x0f, 0x29,
    0x03, 0x0f, 0x29, 0x02, 0x0f, 0x29, 0x01, 0x0f, 0x29, 0x02, 0x0f, 0x29, 0x04, 0x10, 0x2a, 0x03,
    0x0f, 0x28, 0x03, 0x0f, 0x28, 0x03, 0x10, 0x2a, 0x01, 0x0f, 0x29, 0x02, 0x0f, 0x29, 0x03, 0x0f,
    0x29, 0x03, 0x0f, 0x29, 0x03, 0x0f, 0x29, 0x03, 0x0f, 0x29, 0x03, 0x0f, 0x29, 0x03, 0x0f, 0x29,
    0x01, 0x0f, 0x29, 0x01, 0x0f, 0x29, 0x01, 0x0d, 0x27, 0x25, 0x38, 0x57, 0x43, 0x68, 0x98, 0x35,
    0x5b, 0x8d, 0x33, 0x58, 0x8b, 0x30, 0x55, 0x89, 0x2d, 0x52, 0x86, 0x2b, 0x50, 0x84, 0x28, 0x4d,
    0x81, 0x27, 0x4b, 0x7d, 0x25, 0x49, 0x7b, 0x23, 0x47, 0x79, 0x22, 0x46, 0x78, 0x21, 0x45, 0x77,
    0x1f, 0x43, 0x75, 0x1e, 0x41, 0x73, 0x1c, 0x40, 0x72, 0x1b, 0x3e, 0x70, 0x19, 0x3d, 0x6f, 0x18,
    0x3c, 0x6e, 0x17, 0x3b, 0x6d, 0x17, 0x3a, 0x6c, 0x16, 0x39, 0x6a, 0x15, 0x38, 0x69, 0x14, 0x37,
    0x69, 0x13, 0x36, 0x68, 0x12, 0x35, 0x67, 0x11, 0x34, 0x66, 0x10, 0x33, 0x66, 0x0f, 0x32, 0x65,
    0x0f, 0x32, 0x64, 0x0e, 0x31, 0x62, 0x0d, 0x30, 0x63, 0x0d, 0x30, 0x62, 0x0d, 0x2f, 0x61, 0x0d,
    0x2f, 0x61, 0x0d, 0x2f, 0x61, 0x0c, 0x2f, 0x60, 0x0c, 0x2e, 0x60, 0x0b, 0x2c, 0x5d, 0x1c, 0x48,
    0x81, 0x23, 0x5e, 0xa8, 0x1c, 0x5a, 0xab, 0x1b, 0x5a, 0xad, 0x1b, 0x5b, 0xaf, 0x1c, 0x5c, 0xb0,
    0x1c, 0x5c, 0xb1, 0x1c, 0x5c, 0xb1, 0x1d, 0x5d, 0xb2, 0x1d, 0x5f, 0xb4, 0x1e, 0x60, 0xb5, 0x1e,
    0x61, 0xb7, 0x1f, 0x62, 0xb8, 0x20, 0x64, 0xba, 0x21, 0x66, 0xbb, 0x23, 0x68, 0xbd, 0x23, 0x6a,
    0xbe, 0x24, 0x6b, 0xbe, 0x24, 0x6c, 0xc0, 0x25, 0x6d, 0xc2, 0x26, 0x6f, 0xc4, 0x28, 0x72, 0xc6,
    0x29, 0x75, 0xc7, 0x2b, 0x77, 0xc9, 0x2e, 0x78, 0xcb, 0x33, 0x7c, 0xca, 0x37, 0x79, 0xbd, 0x21,
    0x4e, 0x88, 0x12, 0x39, 0x73, 0x13, 0x3b, 0x76, 0x13, 0x3f, 0x79, 0x16, 0x41, 0x7c, 0x17, 0x44,
    0x7e, 0x18, 0x45, 0x81, 0x22, 0x4b, 0x84, 0x14, 0x29, 0x4c, 0x00, 0x0f, 0x29, 0x03, 0x10, 0x28,
    0x02, 0x10, 0x29, 0x01, 0x10, 0x2a, 0x02, 0x10, 0x2a, 0x02, 0x10, 0x2a, 0x01, 0x0f, 0x29, 0x01,
    0x0f, 0x28, 0x01, 0x0f, 0x28, 0x03, 0x0f, 0x29, 0x03, 0x10, 0x29, 0x03, 0x10, 0x27, 0x03, 0x0f,
    0x27, 0x03, 0x0f, 0x29, 0x02, 0x0f, 0x29, 0x01, 0x0f, 0x29, 0x01, 0x0f, 0x29, 0x02, 0x0f, 0x29,
    0x03, 0x0f, 0x29, 0x01, 0x0f, 0x29, 0x01, 0x0f, 0x29, 0x01, 0x0f, 0x29, 0x01, 0x0f, 0x29, 0x02,
    0x0f, 0x29, 0x03, 0x0f, 0x29, 0x03, 0x0f, 0x29, 0x03, 0x0f, 0x29, 0x03, 0x0f, 0x29, 0x03, 0x0f,
    0x29, 0x04, 0x10, 0x2a, 0x04, 0x10, 0x2a, 0x02, 0x0f, 0x29, 0x01, 0x0f, 0x29, 0x01, 0x0f, 0x29,
    0x01, 0x0f, 0x29, 0x02, 0x0f, 0x29, 0x03, 0x0f, 0x29, 0x04, 0x10, 0x2a, 0x03, 0x0f, 0x29, 0x03,
    0x0f, 0x28, 0x03, 0x0f, 0x27, 0x03, 0x0f, 0x28, 0x03, 0x0f, 0x29, 0x03, 0x0f, 0x29, 0x03, 0x0f,
    0x29, 0x03, 0x0f, 0x29, 0x03, 0x0f, 0x29, 0x03, 0x0f, 0x29, 0x02, 0x0f, 0x29, 0x01, 0x0f, 0x29,
    0x01, 0x0f, 0x29, 0x01, 0x0f, 0x29, 0x01, 0x0f, 0x29, 0x01, 0x0f, 0x29, 0x01, 0x0f, 0x29, 0x01,
    0x0f, 0x29, 0x02, 0x0f, 0x29, 0x03, 0x0f, 0x29, 0x03, 0x0f, 0x29, 0x03, 0x0f, 0x29, 0x03, 0x0f,
    0x29, 0x03, 0x0f, 0x29, 0x04, 0x10, 0x2a, 0x03, 0x0f, 0x29, 0x03, 0x0f, 0x29, 0x03, 0x0f, 0x29,
    0x03, 0x0f, 0x29, 0x03, 0x0f, 0x29, 0x03, 0x0f, 0x29, 0x03, 0x0f, 0x29, 0x03, 0x0f, 0x28, 0x03,
    0x0f, 0x29, 0x03, 0x0f, 0x29, 0x02, 0x0f, 0x29, 0x03, 0x0f, 0x29, 0x03, 0x0f, 0x29, 0x03, 0x0f,
    0x29, 0x03, 0x0f, 0x29, 0x03, 0x0f, 0x29, 0x03, 0x0f, 0x29, 0x03, 0x0f, 0x29, 0x02, 0x10, 0x2a,
    0x01, 0x0f, 0x29, 0x01, 0x0f, 0x29, 0x02, 0x0f, 0x29, 0x03, 0x0f, 0x29, 0x03, 0x0f, 0x29, 0x03,
    0x0f, 0x29, 0x03, 0x0f, 0x29, 0x03, 0x0f, 0x29, 0x04, 0x10, 0x29, 0x03, 0x0f, 0x28, 0x03, 0x0f,
    0x29, 0x03, 0x0f, 0x28, 0x03, 0x0f, 0x28, 0x03, 0x0f, 0x29, 0x03, 0x0f, 0x29, 0x02, 0x0f, 0x29,
    0x01, 0x0f, 0x29, 0x01, 0x0f, 0x29, 0x01, 0x0f, 0x29, 0x02, 0x0f, 0x29, 0x03, 0x0f, 0x29, 0x03,
    0x0f, 0x29, 0x03, 0x0f, 0x29, 0x03, 0x0f, 0x29, 0x03, 0x0f, 0x29, 0x03, 0x0f, 0x29, 0x03, 0x0f,
    0x29, 0x03, 0x0f, 0x29, 0x03, 0x0f, 0x29, 0x03, 0x0f, 0x29, 0x03, 0x0f, 0x29, 0x03, 0x0f, 0x29,
    0x03, 0x0f, 0x29, 0x03, 0x0f, 0x29, 0x03, 0x0f, 0x29, 0x03, 0x0f, 0x29, 0x01, 0x0f, 0x29, 0x02,
    0x0f, 0x29, 0x02, 0x0f, 0x29, 0x01, 0x0f, 0x29, 0x01, 0x0f, 0x29, 0x01, 0x0f, 0x29, 0x01, 0x0f,
    0x29, 0x01, 0x0f, 0x29, 0x03, 0x0f, 0x29, 0x03, 0x0f, 0x29, 0x03, 0x0f, 0x29, 0x03, 0x0f, 0x29,
    0x02, 0x0f, 0x29, 0x02, 0x0f, 0x29, 0x03, 0x0f, 0x29, 0x02, 0x0f, 0x29, 0x03, 0x0f, 0x29, 0x03,
    0x0f, 0x29, 0x03, 0x0f, 0x29, 0x03, 0x0f, 0x29, 0x03, 0x0f, 0x28, 0x03, 0x0f, 0x28, 0x03, 0x0f,
    0x29, 0x02, 0x0f, 0x29, 0x02, 0x0f, 0x29, 0x03, 0x0f, 0x27, 0x03, 0x0f, 0x27, 0x04, 0x10, 0x28,
    0x03, 0x10, 0x28, 0x01, 0x0f, 0x29, 0x02, 0x0f, 0x29, 0x03, 0x0f, 0x29, 0x03, 0x0f, 0x29, 0x01,
    0x0f, 0x29, 0x01, 0x0f, 0x29, 0x01, 0x0f, 0x29, 0x02, 0x0f, 0x29, 0x03, 0x10, 0x2a, 0x04, 0x10,
    0x2a, 0x03, 0x0f, 0x29, 0x03, 0x0f, 0x29, 0x01, 0x0f, 0x29, 0x01, 0x0f, 0x29, 0x02, 0x0f, 0x29,
    0x03, 0x0f, 0x29, 0x03, 0x0f, 0x29, 0x03, 0x0f, 0x29, 0x04, 0x10, 0x2a, 0x03, 0x0f, 0x29, 0x02,
    0x0f, 0x29, 0x01, 0x0f, 0x29, 0x03, 0x0f, 0x29, 0x03, 0x0f, 0x29, 0x03, 0x10, 0x28, 0x03, 0x10,
    0x28, 0x02, 0x0f, 0x2a, 0x01, 0x0f, 0x29, 0x02, 0x0f, 0x29, 0x03, 0x0f, 0x29, 0x03, 0x0f, 0x29,
    0x03, 0x0f, 0x29, 0x03, 0x0f, 0x29, 0x03, 0x0f, 0x29, 0x03, 0x0f, 0x29, 0x01, 0x0f, 0x29, 0x02,
    0x10, 0x2a, 0x02, 0x0e, 0x28, 0x0d, 0x19, 0x35, 0x41, 0x5f, 0x87, 0x37, 0x5d, 0x8f, 0x33, 0x58,
    0x8c, 0x31, 0x55, 0x89, 0x2e, 0x53, 0x87, 0x2b, 0x51, 0x85, 0x29, 0x4f, 0x82, 0x27, 0x4d, 0x80,
    0x26, 0x4b, 0x7e, 0x24, 0x49, 0x7c, 0x23, 0x48, 0x7b, 0x22, 0x46, 0x79, 0x21, 0x45, 0x78, 0x1f,
    0x43, 0x76, 0x1d, 0x41, 0x75, 0x1c, 0x40, 0x73, 0x1b, 0x3f, 0x72, 0x1a, 0x3e, 0x71, 0x18, 0x3d,
    0x70, 0x18, 0x3c, 0x6f, 0x17, 0x3b, 0x6d, 0x16, 0x3a, 0x6c, 0x14, 0x38, 0x6c, 0x13, 0x37, 0x6b,
    0x13, 0x37, 0x6a, 0x12, 0x36, 0x69, 0x11, 0x35, 0x68, 0x10, 0x34, 0x68, 0x0f, 0x33, 0x67, 0x0f,
    0x33, 0x66, 0x0e, 0x32, 0x66, 0x0e, 0x32, 0x65, 0x0d, 0x31, 0x64, 0x0d, 0x31, 0x64, 0x0c, 0x30,
    0x64, 0x0d, 0x2f, 0x63, 0x0d, 0x2f, 0x61, 0x0c, 0x2f, 0x61, 0x0d, 0x2e, 0x60, 0x15, 0x3e, 0x74,
    0x1c, 0x4b, 0x86, 0x1d, 0x4d, 0x8a, 0x1d, 0x4c, 0x8b, 0x1e, 0x4c, 0x8b, 0x1e, 0x4d, 0x8c, 0x1e,
    0x4e, 0x8d, 0x1f, 0x4f, 0x8e, 0x20, 0x4f, 0x8f, 0x1f, 0x50, 0x8f, 0x20, 0x51, 0x90, 0x21, 0x52,
    0x91, 0x21, 0x53, 0x92, 0x23, 0x54, 0x93, 0x23, 0x55, 0x94, 0x23, 0x56, 0x95, 0x23, 0x57, 0x95,
    0x23, 0x57, 0x97, 0x24, 0x58, 0x98, 0x25, 0x5a, 0x9a, 0x26, 0x5c, 0x9b, 0x27, 0x5c, 0x9b, 0x29,
    0x5e, 0x9e, 0x2d, 0x60, 0xa0, 0x29, 0x5a, 0x97, 0x1a, 0x45, 0x7e, 0x11, 0x3b, 0x75, 0x14, 0x3d,
    0x75, 0x15, 0x3e, 0x79, 0x15, 0x40, 0x7c, 0x17, 0x42, 0x7b, 0x18, 0x45, 0x80, 0x1b, 0x47, 0x84,
    0x25, 0x45, 0x78, 0x07, 0x16, 0x33, 0x01, 0x0f, 0x29, 0x03, 0x10, 0x29, 0x02, 0x10, 0x29, 0x02,
    0x10, 0x2a, 0x01, 0x0f, 0x29, 0x01, 0x10, 0x2a, 0x01, 0x10, 0x29, 0x01, 0x10, 0x27, 0x01, 0x10,
    0x27, 0x03, 0x0f, 0x27, 0x03, 0x10, 0x28, 0x03, 0x10, 0x27, 0x04, 0x0f, 0x28, 0x03, 0x0f, 0x29,
    0x03, 0x0f, 0x29, 0x01, 0x0f, 0x29, 0x01, 0x0f, 0x29, 0x02, 0x0f, 0x29, 0x03, 0x0f, 0x29, 0x02,
    0x0f, 0x29, 0x01, 0x0f, 0x29, 0x02, 0x10, 0x2a, 0x01, 0x0f, 0x29, 0x02, 0x0f, 0x29, 0x03, 0x0f,
    0x29, 0x03, 0x0f, 0x29, 0x03, 0x0f, 0x29, 0x03, 0x0f, 0x29, 0x04, 0x10, 0x2a, 0x03, 0x0f, 0x2a,
    0x03, 0x0f, 0x29, 0x02, 0x0f, 0x29, 0x01, 0x0f, 0x29, 0x01, 0x0f, 0x29, 0x01, 0x0f, 0x29, 0x02,
    0x0f, 0x29, 0x03, 0x0f, 0x29, 0x03, 0x0f, 0x29, 0x03, 0x0f, 0x29, 0x03, 0x0f, 0x29, 0x03, 0x0f,
    0x27, 0x03, 0x0f, 0x28, 0x03, 0x0f, 0x29, 0x04, 0x10, 0x2a, 0x04, 0x10, 0x2a, 0x03, 0x0f, 0x29,
    0x03, 0x0f, 0x29, 0x03, 0x0f, 0x29, 0x03, 0x0f, 0x29, 0x03, 0x0f, 0x29, 0x03, 0x0f, 0x29, 0x03,
    0x0f, 0x29, 0x02, 0x0f, 0x29, 0x02, 0x10, 0x2a, 0x02, 0x10, 0x2a, 0x01, 0x0f, 0x29, 0x02, 0x0f,
    0x29, 0x03, 0x0f, 0x29, 0x03, 0x0f, 0x29, 0x03, 0x0f, 0x29, 0x03, 0x0f, 0x29, 0x04, 0x10, 0x2a,
    0x04, 0x10, 0x2a, 0x04, 0x10, 0x2a, 0x03, 0x0f, 0x2a, 0x03, 0x0f, 0x29, 0x03, 0x0f, 0x29, 0x03,
    0x0f, 0x29, 0x03, 0x0f, 0x29, 0x03, 0x0f, 0x29, 0x03, 0x0f, 0x27, 0x03, 0x0f, 0x29, 0x02, 0x0f,
    0x29, 0x02, 0x0f, 0x29, 0x04, 0x10, 0x2a, 0x03, 0x0f, 0x29, 0x03, 0x0f, 0x29, 0x03, 0x0f, 0x29,
    0x03, 0x0f, 0x29, 0x03, 0x0f, 0x29, 0x03, 0x0f, 0x29, 0x02, 0x0f, 0x29, 0x02, 0x0f, 0x29, 0x02,
    0x0f, 0x29, 0x02, 0x0f, 0x29, 0x03, 0x0f, 0x29, 0x03, 0x0f, 0x29, 0x03, 0x0f, 0x29, 0x04, 0x10,
    0x2a, 0x04, 0x10, 0x2a, 0x04, 0x10, 0x29, 0x04, 0x10, 0x28, 0x03, 0x0f, 0x29, 0x03, 0x0f, 0x28,
    0x03, 0x0f, 0x28, 0x03, 0x0f, 0x29, 0x03, 0x0f, 0x29, 0x03, 0x0f, 0x29, 0x02, 0x0f, 0x29, 0x02,
    0x0f, 0x29, 0x02, 0x0f, 0x29, 0x03, 0x0f, 0x29, 0x04, 0x10, 0x2a, 0x03, 0x0f, 0x29, 0x03, 0x0f,
    0x29, 0x03, 0x0f, 0x29, 0x03, 0x0f, 0x29, 0x03, 0x0f, 0x29, 0x03, 0x0f, 0x29, 0x03, 0x0f, 0x29,
    0x03, 0x0f, 0x29, 0x03, 0x0f, 0x29, 0x03, 0x0f, 0x29, 0x03, 0x0f, 0x29, 0x03, 0x0f, 0x29, 0x03,
    0x0f, 0x29, 0x03, 0x0f, 0x29, 0x03, 0x0f, 0x29, 0x02, 0x0f, 0x29, 0x02, 0x0f, 0x29, 0x02, 0x0f,
    0x29, 0x01, 0x0f, 0x29, 0x01, 0x0f, 0x29, 0x01, 0x0f, 0x29, 0x01, 0x0f, 0x29, 0x02, 0x0f, 0x29,
    0x03, 0x0f, 0x29, 0x03, 0x0f, 0x29, 0x03, 0x0f, 0x29, 0x03, 0x0f, 0x29, 0x02, 0x0f, 0x29, 0x01,
    0x0f, 0x29, 0x01, 0x0f, 0x29, 0x01, 0x0f, 0x29, 0x02, 0x0f, 0x29, 0x03, 0x0f, 0x29, 0x03, 0x0f,
    0x29, 0x03, 0x0f, 0x29, 0x03, 0x0f, 0x28, 0x03, 0x0f, 0x28, 0x03, 0x0f, 0x29, 0x02, 0x0f, 0x29,
    0x02, 0x0f, 0x28, 0x03, 0x0f, 0x27, 0x03, 0x0f, 0x28, 0x04, 0x0f, 0x28, 0x03, 0x0f, 0x28, 0x01,
    0x0f, 0x29, 0x02, 0x0f, 0x29, 0x03, 0x0f, 0x29, 0x03, 0x0f, 0x29, 0x02, 0x10, 0x2a, 0x02, 0x10,
    0x2a, 0x01, 0x0f, 0x29, 0x02, 0x0f, 0x29, 0x03, 0x0f, 0x29, 0x04, 0x0f, 0x29, 0x03, 0x0f, 0x29,
    0x03, 0x0f, 0x29, 0x01, 0x0f, 0x29, 0x01, 0x0f, 0x29, 0x02, 0x0f, 0x29, 0x03, 0x0f, 0x29, 0x03,
    0x0f, 0x29, 0x03, 0x0f, 0x29, 0x03, 0x0f, 0x29, 0x03, 0x0f, 0x29, 0x02, 0x0f, 0x29, 0x02, 0x0f,
    0x29, 0x03, 0x0f, 0x29, 0x03, 0x0f, 0x29, 0x02, 0x10, 0x28, 0x01, 0x10, 0x28, 0x03, 0x10, 0x2a,
    0x03, 0x0f, 0x29, 0x03, 0x0f, 0x29, 0x03, 0x0f, 0x29, 0x03, 0x0f, 0x29, 0x03, 0x0f, 0x29, 0x03,
    0x0f, 0x29, 0x03, 0x0f, 0x29, 0x03, 0x0f, 0x2a, 0x02, 0x10, 0x2a, 0x01, 0x0f, 0x29, 0x03, 0x0f,
    0x28, 0x01, 0x0e, 0x28, 0x28, 0x3b, 0x5a, 0x3f, 0x64, 0x94, 0x33, 0x58, 0x8c, 0x31, 0x56, 0x8a,
    0x2f, 0x54, 0x88, 0x2c, 0x52, 0x86, 0x29, 0x51, 0x84, 0x28, 0x4e, 0x82, 0x27, 0x4c, 0x80, 0x25,
    0x4a, 0x7e, 0x24, 0x49, 0x7d, 0x23, 0x47, 0x7b, 0x21, 0x46, 0x7a, 0x20, 0x45, 0x79, 0x1e, 0x43,
    0x77, 0x1d, 0x42, 0x76, 0x1c, 0x41, 0x75, 0x1a, 0x3f, 0x73, 0x19, 0x3e, 0x72, 0x19, 0x3d, 0x71,
    0x18, 0x3c, 0x70, 0x16, 0x3b, 0x6f, 0x16, 0x3a, 0x6e, 0x15, 0x39, 0x6d, 0x14, 0x39, 0x6d, 0x13,
    0x37, 0x6b, 0x13, 0x37, 0x6b, 0x12, 0x36, 0x6a, 0x11, 0x35, 0x69, 0x10, 0x35, 0x69, 0x10, 0x34,
    0x68, 0x10, 0x34, 0x68, 0x0f, 0x33, 0x68, 0x0f, 0x33, 0x67, 0x0e, 0x33, 0x67, 0x0d, 0x32, 0x66,
    0x0e, 0x31, 0x64, 0x0d, 0x31, 0x66, 0x0d, 0x30, 0x63, 0x0b, 0x30, 0x63, 0x0b, 0x2f, 0x63, 0x0a,
    0x2f, 0x62, 0x0b, 0x2e, 0x63, 0x0a, 0x2e, 0x62, 0x0a, 0x2f, 0x63, 0x0a, 0x2f, 0x63, 0x0a, 0x2f,
    0x63, 0x0a, 0x2f, 0x63, 0x0a, 0x2e, 0x63, 0x0a, 0x2f, 0x63, 0x0a, 0x2f, 0x64, 0x0b, 0x30, 0x65,
    0x0c, 0x31, 0x65, 0x0c, 0x31, 0x65, 0x0b, 0x31, 0x67, 0x0b, 0x31, 0x68, 0x0b, 0x32, 0x69, 0x0b,
    0x33, 0x6a, 0x0c, 0x34, 0x6c, 0x0d, 0x36, 0x6d, 0x0d, 0x36, 0x6e, 0x0e, 0x37, 0x6e, 0x0f, 0x38,
    0x6f, 0x10, 0x39, 0x71, 0x12, 0x3b, 0x74, 0x14, 0x3d, 0x77, 0x16, 0x3f, 0x7a, 0x16, 0x41, 0x7c,
    0x17, 0x42, 0x7e, 0x19, 0x43, 0x7f, 0x19, 0x45, 0x83, 0x22, 0x4c, 0x85, 0x17, 0x2e, 0x53, 0x01,
    0x0f, 0x28, 0x02, 0x0f, 0x28, 0x02, 0x0f, 0x2a, 0x02, 0x10, 0x29, 0x02, 0x0f, 0x29, 0x02, 0x10,
    0x2a, 0x02, 0x0f, 0x29, 0x02, 0x10, 0x29, 0x02, 0x10, 0x28, 0x02, 0x10, 0x27, 0x03, 0x0f, 0x27,
    0x03, 0x0f, 0x28, 0x03, 0x10, 0x28, 0x03, 0x0f, 0x28, 0x04, 0x0f, 0x29, 0x02, 0x0f, 0x29, 0x01,
    0x0f, 0x29, 0x01, 0x0f, 0x28, 0x02, 0x0f, 0x28, 0x03, 0x0f, 0x29, 0x02, 0x0f, 0x29, 0x01, 0x0f,
    0x29, 0x01, 0x0f, 0x29, 0x01, 0x0f, 0x29, 0x02, 0x0f, 0x29, 0x02, 0x0f, 0x29, 0x03, 0x0f, 0x29,
    0x03, 0x0f, 0x29, 0x03, 0x0f, 0x29, 0x03, 0x0f, 0x29, 0x03, 0x0f, 0x29, 0x03, 0x0f, 0x29, 0x02,
    0x0f, 0x29, 0x01, 0x0f, 0x29, 0x01, 0x0f, 0x29, 0x01, 0x0f, 0x29, 0x02, 0x0f, 0x29, 0x03, 0x0f,
    0x29, 0x03, 0x0f, 0x29, 0x03, 0x0f, 0x29, 0x03, 0x0f, 0x28, 0x03, 0x0f, 0x27, 0x03, 0x0f, 0x28,
    0x03, 0x0f, 0x29, 0x03, 0x10, 0x29, 0x04, 0x10, 0x2a, 0x04, 0x10, 0x2a, 0x04, 0x10, 0x2a, 0x04,
    0x10, 0x2a, 0x03, 0x0f, 0x29, 0x03, 0x0f, 0x28, 0x03, 0x0f, 0x29, 0x03, 0x0f, 0x29, 0x02, 0x10,
    0x2a, 0x01, 0x0f, 0x29, 0x01, 0x0f, 0x29, 0x02, 0x0f, 0x29, 0x02, 0x0f, 0x28, 0x03, 0x0f, 0x28,
    0x03, 0x0f, 0x29, 0x03, 0x0f, 0x29, 0x03, 0x0f, 0x29, 0x03, 0x0f, 0x29, 0x04, 0x10, 0x29, 0x04,
    0x10, 0x29, 0x03, 0x0f, 0x29, 0x03, 0x0f, 0x28, 0x03, 0x0f, 0x29, 0x03, 0x0f, 0x29, 0x03, 0x0f,
    0x29, 0x03, 0x0f, 0x29, 0x03, 0x0f, 0x28, 0x03, 0x0f, 0x28, 0x02, 0x0f, 0x29, 0x02, 0x0f, 0x29,
    0x03, 0x0f, 0x29, 0x03, 0x0f, 0x29, 0x03, 0x0f, 0x29, 0x03, 0x0f, 0x29, 0x03, 0x0f, 0x29, 0x03,
    0x0f, 0x29, 0x03, 0x0f, 0x29, 0x03, 0x0f, 0x28, 0x03, 0x0f, 0x29, 0x03, 0x0f, 0x29, 0x03, 0x0f,
    0x29, 0x03, 0x0f, 0x29, 0x03, 0x0f, 0x29, 0x04, 0x10, 0x2a, 0x04, 0x10, 0x2a, 0x04, 0x10, 0x2a,
    0x04, 0x10, 0x29, 0x03, 0x0f, 0x28, 0x03, 0x0f, 0x29, 0x03, 0x0f, 0x27, 0x03, 0x0f, 0x28, 0x03,
    0x0f, 0x29, 0x03, 0x0f, 0x29, 0x03, 0x0f, 0x28, 0x03, 0x0f, 0x28, 0x03, 0x0f, 0x28, 0x03, 0x0f,
    0x27, 0x03, 0x0f, 0x28, 0x03, 0x0f, 0x29, 0x03, 0x0f, 0x29, 0x03, 0x0f, 0x29, 0x03, 0x0f, 0x28,
    0x03, 0x0f, 0x28, 0x03, 0x0f, 0x28, 0x03, 0x0f, 0x29, 0x03, 0x0f, 0x29, 0x03, 0x0f, 0x29, 0x03,
    0x0f, 0x29, 0x03, 0x0f, 0x29, 0x03, 0x0f, 0x29, 0x03, 0x0f, 0x28, 0x03, 0x0f, 0x29, 0x03, 0x0f,
    0x29, 0x03, 0x0f, 0x29, 0x01, 0x0f, 0x29, 0x02, 0x0f, 0x29, 0x02, 0x0f, 0x29, 0x01, 0x0f, 0x29,
    0x02, 0x0f, 0x29, 0x02, 0x0e, 0x28, 0x03, 0x0f, 0x29, 0x03, 0x0f, 0x29, 0x03, 0x0f, 0x29, 0x03,
    0x0f, 0x29, 0x03, 0x0f, 0x29, 0x03, 0x0f, 0x29, 0x02, 0x0f, 0x29, 0x01, 0x0f, 0x29, 0x01, 0x0f,
    0x29, 0x01, 0x0f, 0x29, 0x02, 0x0f, 0x29, 0x03, 0x0f, 0x29, 0x03, 0x0f, 0x29, 0x03, 0x0f, 0x29,
    0x03, 0x0f, 0x28, 0x03, 0x0f, 0x28, 0x03, 0x0f, 0x29, 0x02, 0x0f, 0x29, 0x02, 0x0f, 0x29, 0x03,
    0x0f, 0x29, 0x03, 0x0f, 0x28, 0x03, 0x0f, 0x28, 0x03, 0x0f, 0x29, 0x02, 0x0f, 0x29, 0x02, 0x10,
    0x2a, 0x03, 0x0f, 0x29, 0x03, 0x0f, 0x29, 0x03, 0x0f, 0x29, 0x02, 0x10, 0x2a, 0x02, 0x0f, 0x29,
    0x03, 0x0f, 0x29, 0x03, 0x0f, 0x29, 0x02, 0x0f, 0x29, 0x02, 0x0f, 0x29, 0x03, 0x0f, 0x29, 0x01,
    0x0f, 0x29, 0x01, 0x0f, 0x29, 0x02, 0x0f, 0x29, 0x03, 0x0f, 0x29, 0x03, 0x0f, 0x29, 0x04, 0x10,
    0x2a, 0x03, 0x0f, 0x29, 0x03, 0x0f, 0x29, 0x03, 0x0f, 0x29, 0x03, 0x0e, 0x28, 0x03, 0x0f, 0x29,
    0x03, 0x0f, 0x29, 0x02, 0x0f, 0x28, 0x01, 0x10, 0x28, 0x02, 0x10, 0x2a, 0x03, 0x0f, 0x29, 0x03,
    0x0f, 0x29, 0x03, 0x0f, 0x29, 0x03, 0x0f, 0x29, 0x03, 0x0f, 0x29, 0x03, 0x0f, 0x29, 0x03, 0x0f,
    0x29, 0x03, 0x0f, 0x29, 0x02, 0x10, 0x2a, 0x01, 0x0f, 0x29, 0x02, 0x0f, 0x29, 0x02, 0x0f, 0x28,
    0x08, 0x17, 0x30, 0x39, 0x55, 0x7c, 0x39, 0x5d, 0x90, 0x32, 0x58, 0x8a, 0x31, 0x56, 0x89, 0x2f,
    0x54, 0x89, 0x2c, 0x52, 0x85, 0x2a, 0x4f, 0x83, 0x29, 0x4e, 0x82, 0x27, 0x4c, 0x80, 0x25, 0x4a,
    0x7e, 0x24, 0x49, 0x7d, 0x22, 0x47, 0x7b, 0x21, 0x46, 0x7a, 0x20, 0x45, 0x79, 0x1f, 0x44, 0x78,
    0x1d, 0x42, 0x76, 0x1c, 0x41, 0x75, 0x1a, 0x3f, 0x73, 0x19, 0x3e, 0x72, 0x18, 0x3d, 0x71, 0x17,
    0x3c, 0x70, 0x17, 0x3c, 0x70, 0x17, 0x3b, 0x70, 0x16, 0x3b, 0x70, 0x15, 0x3a, 0x6f, 0x15, 0x39,
    0x6e, 0x14, 0x39, 0x6d, 0x13, 0x38, 0x6c, 0x12, 0x37, 0x6c, 0x12, 0x37, 0x6b, 0x11, 0x36, 0x6b,
    0x11, 0x35, 0x6a, 0x11, 0x35, 0x6a, 0x10, 0x35, 0x6a, 0x0f, 0x35, 0x69, 0x0f, 0x34, 0x68, 0x0f,
    0x34, 0x68, 0x0e, 0x33, 0x67, 0x0e, 0x33, 0x67, 0x0d, 0x33, 0x67, 0x0d, 0x32, 0x66, 0x0d, 0x32,
    0x67, 0x0c, 0x32, 0x66, 0x0d, 0x32, 0x66, 0x0d, 0x32, 0x67, 0x0c, 0x33, 0x67, 0x0b, 0x32, 0x67,
    0x0c, 0x32, 0x67, 0x0c, 0x32, 0x67, 0x0d, 0x32, 0x68, 0x0d, 0x33, 0x68, 0x0d, 0x34, 0x69, 0x0d,
    0x34, 0x69, 0x0c, 0x34, 0x6a, 0x0d, 0x35, 0x6c, 0x0d, 0x36, 0x6d, 0x0e, 0x37, 0x6e, 0x0f, 0x38,
    0x70, 0x10, 0x38, 0x71, 0x10, 0x39, 0x72, 0x11, 0x3a, 0x73, 0x11, 0x3b, 0x74, 0x12, 0x3c, 0x76,
    0x14, 0x3e, 0x78, 0x16, 0x3f, 0x7a, 0x16, 0x41, 0x7d, 0x17, 0x43, 0x7e, 0x18, 0x44, 0x80, 0x1a,
    0x45, 0x82, 0x1f, 0x4a, 0x88, 0x23, 0x43, 0x70, 0x05, 0x14, 0x2f, 0x00, 0x0e, 0x28, 0x01, 0x0f,
    0x28, 0x01, 0x0f, 0x29, 0x02, 0x10, 0x28, 0x02, 0x0f, 0x29, 0x02, 0x10, 0x2a, 0x02, 0x0f, 0x29,
    0x02, 0x0f, 0x29, 0x02, 0x0f, 0x29, 0x02, 0x0f, 0x28, 0x02, 0x0f, 0x28, 0x01, 0x0f, 0x29, 0x03,
    0x0f, 0x29, 0x03, 0x0f, 0x29, 0x03, 0x0f, 0x29, 0x03, 0x0f, 0x29, 0x03, 0x0f, 0x29, 0x03, 0x0f,
    0x27, 0x03, 0x0f, 0x27, 0x03, 0x0f, 0x28, 0x03, 0x0f, 0x29, 0x02, 0x0f, 0x29, 0x02, 0x10, 0x2a,
    0x03, 0x0f, 0x29, 0x02, 0x0f, 0x29, 0x01, 0x0f, 0x29, 0x03, 0x0f, 0x29, 0x03, 0x0f, 0x29, 0x02,
    0x10, 0x28, 0x02, 0x10, 0x27, 0x03, 0x0f, 0x27, 0x03, 0x0f, 0x27, 0x03, 0x0f, 0x28, 0x03, 0x0f,
    0x28, 0x03, 0x0f, 0x28, 0x03, 0x0f, 0x29, 0x03, 0x0f, 0x29, 0x03, 0x0f, 0x29, 0x03, 0x0f, 0x29,
    0x01, 0x0f, 0x29, 0x02, 0x0f, 0x29, 0x02, 0x0f, 0x28, 0x02, 0x0f, 0x29, 0x01, 0x10, 0x29, 0x02,
    0x10, 0x29, 0x03, 0x10, 0x2a, 0x04, 0x10, 0x2a, 0x04, 0x10, 0x2a, 0x04, 0x10, 0x29, 0x03, 0x0f,
    0x27, 0x03, 0x0f, 0x27, 0x03, 0x0f, 0x29, 0x03, 0x0f, 0x29, 0x03, 0x0f, 0x29, 0x02, 0x0f, 0x29,
    0x01, 0x0f, 0x29, 0x02, 0x0f, 0x27, 0x03, 0x0f, 0x27, 0x03, 0x0f, 0x27, 0x03, 0x0f, 0x29, 0x03,
    0x0f, 0x29, 0x03, 0x0f, 0x28, 0x03, 0x0f, 0x27, 0x03, 0x0f, 0x27, 0x03, 0x0f, 0x27, 0x03, 0x0f,
    0x27, 0x03, 0x0f, 0x27, 0x03, 0x0f, 0x28, 0x03, 0x0f, 0x29, 0x03, 0x0f, 0x28, 0x03, 0x0f, 0x28,
    0x03, 0x0f, 0x29, 0x03, 0x0f, 0x29, 0x02, 0x10, 0x28, 0x02, 0x0f, 0x29, 0x03, 0x0f, 0x29, 0x03,
    0x0f, 0x29, 0x03, 0x0f, 0x29, 0x01, 0x0f, 0x29, 0x01, 0x0f, 0x29, 0x02, 0x0f, 0x29, 0x03, 0x0f,
    0x29, 0x03, 0x0f, 0x29, 0x03, 0x0f, 0x29, 0x03, 0x0f, 0x29, 0x03, 0x0f, 0x29, 0x03, 0x0f, 0x29,
    0x03, 0x0f, 0x29, 0x03, 0x0f, 0x29, 0x03, 0x0f, 0x29, 0x03, 0x0f, 0x29, 0x03, 0x0f, 0x29, 0x03,
    0x0f, 0x29, 0x03, 0x0f, 0x29, 0x03, 0x0f, 0x29, 0x03, 0x0f, 0x28, 0x03, 0x0f, 0x29, 0x03, 0x0f,
    0x28, 0x03, 0x0f, 0x29, 0x03, 0x0f, 0x29, 0x03, 0x0f, 0x29, 0x03, 0x0f, 0x29, 0x03, 0x0f, 0x28,
    0x03, 0x0f, 0x27, 0x03, 0x0f, 0x27, 0x03, 0x0f, 0x27, 0x03, 0x0f, 0x27, 0x03, 0x0f, 0x28, 0x03,
    0x0f, 0x28, 0x02, 0x0f, 0x28, 0x03, 0x0f, 0x28, 0x03, 0x0f, 0x29, 0x03, 0x0f, 0x29, 0x03, 0x0f,
    0x29, 0x03, 0x0f, 0x29, 0x03, 0x0f, 0x29, 0x03, 0x0f, 0x29, 0x03, 0x0f, 0x29, 0x03, 0x0f, 0x29,
    0x02, 0x0f, 0x27, 0x03, 0x0f, 0x27, 0x03, 0x0f, 0x28, 0x02, 0x0f, 0x28, 0x01, 0x0f, 0x29, 0x02,
    0x0f, 0x28, 0x02, 0x0f, 0x28, 0x01, 0x0f, 0x29, 0x03, 0x0f, 0x29, 0x03, 0x0f, 0x29, 0x04, 0x10,
    0x2a, 0x03, 0x0f, 0x29, 0x02, 0x0f, 0x29, 0x01, 0x0f, 0x29, 0x01, 0x0f, 0x29, 0x01, 0x0f, 0x29,
    0x02, 0x0f, 0x29, 0x03, 0x0f, 0x29, 0x03, 0x0f, 0x28, 0x03, 0x0f, 0x29, 0x03, 0x0f, 0x29, 0x02,
    0x0e, 0x28, 0x02, 0x0e, 0x28, 0x03, 0x0f, 0x29, 0x03, 0x0f, 0x29, 0x03, 0x0f, 0x29, 0x03, 0x0f,
    0x28, 0x03, 0x0f, 0x27, 0x03, 0x0f, 0x28, 0x03, 0x0f, 0x29, 0x03, 0x0f, 0x29, 0x03, 0x0f, 0x29,
    0x03, 0x0f, 0x29, 0x03, 0x0f, 0x29, 0x03, 0x0f, 0x29, 0x03, 0x0f, 0x29, 0x03, 0x0f, 0x29, 0x02,
    0x0f, 0x29, 0x02, 0x0f, 0x29, 0x01, 0x0f, 0x29, 0x02, 0x0f, 0x29, 0x01, 0x0f, 0x29, 0x01, 0x0f,
    0x29, 0x01, 0x0f, 0x29, 0x01, 0x0f, 0x29, 0x03, 0x0f, 0x29, 0x03, 0x0f, 0x29, 0x04, 0x10, 0x2a,
    0x03, 0x0f, 0x29, 0x03, 0x0f, 0x29, 0x03, 0x0f, 0x29, 0x03, 0x0f, 0x29, 0x03, 0x0f, 0x29, 0x02,
    0x0f, 0x29, 0x01, 0x0f, 0x29, 0x02, 0x0f, 0x29, 0x02, 0x0f, 0x29, 0x03, 0x10, 0x2a, 0x03, 0x0f,
    0x29, 0x03, 0x0f, 0x29, 0x03, 0x0f, 0x29, 0x03, 0x10, 0x29, 0x02, 0x10, 0x27, 0x03, 0x0f, 0x28,
    0x02, 0x10, 0x2a, 0x01, 0x0f, 0x29, 0x02, 0x0f, 0x29, 0x03, 0x10, 0x28, 0x01, 0x0f, 0x28, 0x13,
    0x23, 0x3e, 0x3f, 0x5e, 0x88, 0x37, 0x5d, 0x90, 0x32, 0x58, 0x8a, 0x2f, 0x57, 0x88, 0x2e, 0x53,
    0x87, 0x2c, 0x50, 0x85, 0x2a, 0x4f, 0x83, 0x28, 0x4d, 0x82, 0x27, 0x4c, 0x80, 0x25, 0x4a, 0x7f,
    0x24, 0x49, 0x7d, 0x22, 0x48, 0x7c, 0x21, 0x47, 0x7b, 0x20, 0x45, 0x7a, 0x1f, 0x44, 0x78, 0x1d,
    0x42, 0x77, 0x1c, 0x41, 0x75, 0x1b, 0x40, 0x74, 0x1a, 0x3f, 0x74, 0x19, 0x3e, 0x73, 0x18, 0x3e,
    0x72, 0x18, 0x3d, 0x72, 0x17, 0x3c, 0x72, 0x17, 0x3c, 0x71, 0x16, 0x3b, 0x70, 0x16, 0x3a, 0x70,
    0x15, 0x3a, 0x6f, 0x14, 0x39, 0x6e, 0x13, 0x38, 0x6e, 0x13, 0x38, 0x6d, 0x12, 0x37, 0x6c, 0x12,
    0x36, 0x6b, 0x12, 0x36, 0x6b, 0x11, 0x37, 0x6c, 0x11, 0x36, 0x6b, 0x11, 0x36, 0x6b, 0x10, 0x36,
    0x6b, 0x10, 0x35, 0x6a, 0x0f, 0x35, 0x6a, 0x0f, 0x34, 0x69, 0x0e, 0x34, 0x6a, 0x0e, 0x34, 0x6a,
    0x0e, 0x34, 0x6a, 0x0e, 0x35, 0x6b, 0x0d, 0x35, 0x6b, 0x0d, 0x34, 0x6b, 0x0c, 0x34, 0x6b, 0x0d,
    0x34, 0x6b, 0x0d, 0x35, 0x6b, 0x0d, 0x35, 0x6c, 0x0e, 0x36, 0x6d, 0x0e, 0x36, 0x6e, 0x0e, 0x37,
    0x6e, 0x0e, 0x38, 0x70, 0x0f, 0x39, 0x71, 0x10, 0x3a, 0x72, 0x11, 0x3a, 0x73, 0x11, 0x3b, 0x75,
    0x12, 0x3b, 0x75, 0x12, 0x3c, 0x76, 0x13, 0x3d, 0x78, 0x14, 0x3f, 0x7a, 0x16, 0x40, 0x7a, 0x17,
    0x42, 0x7d, 0x17, 0x43, 0x80, 0x18, 0x44, 0x81, 0x19, 0x46, 0x83, 0x1d, 0x4a, 0x87, 0x27, 0x4b,
    0x7c, 0x0d, 0x1d, 0x3b, 0x01, 0x0e, 0x27, 0x01, 0x0f, 0x29, 0x01, 0x0f, 0x29, 0x01, 0x0f, 0x28,
    0x02, 0x10, 0x28, 0x02, 0x10, 0x2a, 0x02, 0x10, 0x2a, 0x02, 0x10, 0x2a, 0x02, 0x10, 0x2a, 0x02,
    0x0f, 0x29, 0x03, 0x0f, 0x29, 0x02, 0x0f, 0x29, 0x01, 0x0f, 0x29, 0x02, 0x0f, 0x29, 0x03, 0x0f,
    0x29, 0x03, 0x0f, 0x29, 0x03, 0x0f, 0x29, 0x03, 0x0f, 0x29, 0x03, 0x0f, 0x28, 0x03, 0x0f, 0x27,
    0x03, 0x0f, 0x28, 0x03, 0x0f, 0x29, 0x02, 0x0f, 0x29, 0x01, 0x0f, 0x29, 0x03, 0x0f, 0x29, 0x02,
    0x0f, 0x29, 0x01, 0x0f, 0x29, 0x03, 0x0f, 0x29, 0x04, 0x0f, 0x29, 0x02, 0x10, 0x28, 0x02, 0x10,
    0x27, 0x03, 0x0f, 0x27, 0x03, 0x0f, 0x27, 0x04, 0x10, 0x28, 0x04, 0x10, 0x28, 0x04, 0x10, 0x29,
    0x04, 0x10, 0x2a, 0x03, 0x0f, 0x29, 0x03, 0x0f, 0x29, 0x03, 0x10, 0x2a, 0x02, 0x0f, 0x29, 0x02,
    0x10, 0x2a, 0x02, 0x0f, 0x2a, 0x02, 0x10, 0x2a, 0x02, 0x10, 0x2a, 0x02, 0x10, 0x2a, 0x03, 0x10,
    0x2a, 0x04, 0x10, 0x2a, 0x03, 0x0f, 0x29, 0x03, 0x0f, 0x29, 0x03, 0x0f, 0x27, 0x03, 0x0f, 0x27,
    0x03, 0x0f, 0x28, 0x03, 0x0f, 0x29, 0x03, 0x0f, 0x29, 0x02, 0x0f, 0x29, 0x02, 0x10, 0x29, 0x03,
    0x0f, 0x28, 0x03, 0x0f, 0x27, 0x03, 0x0f, 0x27, 0x03, 0x0f, 0x29, 0x03, 0x0f, 0x29, 0x03, 0x0f,
    0x28, 0x03, 0x0f, 0x27, 0x03, 0x0f, 0x27, 0x03, 0x0f, 0x27, 0x03, 0x0f, 0x27, 0x03, 0x0f, 0x27,
    0x04, 0x10, 0x29, 0x03, 0x0f, 0x29, 0x03, 0x0f, 0x29, 0x04, 0x0f, 0x29, 0x03, 0x10, 0x2a, 0x02,
    0x10, 0x2a, 0x02, 0x10, 0x29, 0x02, 0x10, 0x29, 0x03, 0x0f, 0x29, 0x03, 0x0f, 0x29, 0x03, 0x0f,
    0x29, 0x02, 0x0f, 0x29, 0x01, 0x0f, 0x29, 0x02, 0x10, 0x2a, 0x02, 0x0f, 0x29, 0x03, 0x0f, 0x29,
    0x03, 0x0f, 0x29, 0x03, 0x0f, 0x29, 0x03, 0x0f, 0x29, 0x02, 0x0f, 0x29, 0x03, 0x0f, 0x29, 0x03,
    0x0f, 0x29, 0x03, 0x0f, 0x29, 0x03, 0x0f, 0x29, 0x03, 0x0f, 0x29, 0x03, 0x0f, 0x29, 0x03, 0x0f,
    0x29, 0x03, 0x0f, 0x29, 0x03, 0x0f, 0x29, 0x03, 0x0f, 0x29, 0x03, 0x0f, 0x29, 0x03, 0x0f, 0x29,
    0x03, 0x0f, 0x29, 0x03, 0x0f, 0x29, 0x03, 0x0f, 0x29, 0x03, 0x0f, 0x28, 0x03, 0x0f, 0x27, 0x03,
    0x0f, 0x27, 0x03, 0x0f, 0x27, 0x02, 0x0f, 0x28, 0x01, 0x0f, 0x29, 0x01, 0x0f, 0x29, 0x01, 0x0f,
    0x29, 0x02, 0x0f, 0x29, 0x03, 0x0f, 0x29, 0x03, 0x0f, 0x29, 0x03, 0x0f, 0x29, 0x03, 0x0f, 0x29,
    0x02, 0x0f, 0x29, 0x01, 0x0f, 0x29, 0x01, 0x0f, 0x29, 0x01, 0x0f, 0x29, 0x01, 0x0f, 0x29, 0x01,
    0x0f, 0x29, 0x01, 0x0f, 0x29, 0x01, 0x0f, 0x29, 0x01, 0x0f, 0x29, 0x02, 0x0f, 0x28, 0x02, 0x0f,
    0x28, 0x01, 0x0f, 0x29, 0x03, 0x10, 0x2a, 0x04, 0x10, 0x2a, 0x04, 0x10, 0x2a, 0x03, 0x0f, 0x29,
    0x02, 0x10, 0x2a, 0x01, 0x0f, 0x29, 0x01, 0x0f, 0x29, 0x01, 0x0f, 0x29, 0x02, 0x0f, 0x29, 0x03,
    0x0f, 0x29, 0x03, 0x0f, 0x27, 0x03, 0x0f, 0x29, 0x03, 0x0f, 0x29, 0x02, 0x0e, 0x28, 0x02, 0x0e,
    0x28, 0x03, 0x0f, 0x29, 0x02, 0x0e, 0x28, 0x02, 0x0e, 0x28, 0x03, 0x0f, 0x28, 0x03, 0x0f, 0x27,
    0x03, 0x0f, 0x28, 0x03, 0x0f, 0x29, 0x03, 0x0f, 0x29, 0x03, 0x0f, 0x29, 0x03, 0x0f, 0x29, 0x04,
    0x10, 0x2a, 0x03, 0x0f, 0x29, 0x03, 0x0f, 0x29, 0x03, 0x0f, 0x29, 0x03, 0x0f, 0x29, 0x03, 0x0f,
    0x29, 0x03, 0x0f, 0x29, 0x03, 0x0f, 0x29, 0x02, 0x0f, 0x29, 0x01, 0x0f, 0x29, 0x01, 0x0f, 0x29,
    0x01, 0x0f, 0x29, 0x02, 0x0f, 0x29, 0x03, 0x0f, 0x29, 0x03, 0x0f, 0x29, 0x03, 0x0f, 0x29, 0x03,
    0x0f, 0x29, 0x03, 0x0f, 0x29, 0x03, 0x0f, 0x29, 0x03, 0x0f, 0x29, 0x03, 0x0f, 0x29, 0x03, 0x0f,
    0x29, 0x03, 0x0f, 0x29, 0x04, 0x10, 0x2a, 0x03, 0x10, 0x29, 0x04, 0x10, 0x2a, 0x03, 0x0f, 0x29,
    0x03, 0x0f, 0x29, 0x03, 0x10, 0x29, 0x02, 0x10, 0x28, 0x03, 0x0f, 0x28, 0x01, 0x0f, 0x29, 0x01,
    0x0f, 0x29, 0x01, 0x10, 0x2a, 0x03, 0x0f, 0x29, 0x02, 0x10, 0x27, 0x02, 0x0f, 0x29, 0x19, 0x2a,
    0x47, 0x40, 0x5f, 0x8a, 0x37, 0x5e, 0x94, 0x30, 0x58, 0x8b, 0x2e, 0x55, 0x89, 0x2d, 0x52, 0x87,
    0x2b, 0x51, 0x85, 0x2a, 0x4f, 0x84, 0x28, 0x4d, 0x82, 0x27, 0x4c, 0x81, 0x26, 0x4b, 0x80, 0x23,
    0x4a, 0x7e, 0x21, 0x49, 0x7d, 0x21, 0x47, 0x7d, 0x20, 0x45, 0x7b, 0x1f, 0x44, 0x7a, 0x1e, 0x43,
    0x79, 0x1c, 0x42, 0x78, 0x1a, 0x41, 0x77, 0x19, 0x41, 0x76, 0x18, 0x40, 0x75, 0x18, 0x3f, 0x75,
    0x18, 0x3e, 0x75, 0x17, 0x3d, 0x74, 0x17, 0x3d, 0x73, 0x16, 0x3c, 0x73, 0x16, 0x3c, 0x73, 0x15,
    0x3b, 0x72, 0x14, 0x3a, 0x71, 0x14, 0x3a, 0x70, 0x13, 0x39, 0x6f, 0x13, 0x38, 0x6e, 0x13, 0x38,
    0x6e, 0x12, 0x38, 0x6f, 0x12, 0x39, 0x70, 0x11, 0x38, 0x6f, 0x11, 0x38, 0x6f, 0x10, 0x37, 0x6e,
    0x10, 0x37, 0x6e, 0x10, 0x37, 0x6e, 0x0f, 0x36, 0x6e, 0x0f, 0x36, 0x6e, 0x0f, 0x37, 0x6e, 0x0f,
    0x37, 0x6f, 0x0f, 0x37, 0x70, 0x0f, 0x37, 0x70, 0x0e, 0x38, 0x71, 0x0e, 0x38, 0x71, 0x0e, 0x38,
    0x71, 0x0f, 0x38, 0x71, 0x0f, 0x38, 0x71, 0x0f, 0x39, 0x72, 0x10, 0x39, 0x74, 0x10, 0x3a, 0x75,
    0x11, 0x3c, 0x76, 0x12, 0x3c, 0x77, 0x12, 0x3d, 0x78, 0x13, 0x3d, 0x79, 0x14, 0x3e, 0x79, 0x14,
    0x3f, 0x7a, 0x15, 0x40, 0x7c, 0x15, 0x42, 0x7d, 0x16, 0x43, 0x7e, 0x17, 0x44, 0x80, 0x19, 0x45,
    0x82, 0x1a, 0x47, 0x84, 0x1e, 0x4b, 0x88, 0x28, 0x4c, 0x7e, 0x11, 0x23, 0x42, 0x00, 0x0f, 0x29,
    0x02, 0x0f, 0x29, 0x01, 0x0f, 0x29, 0x01, 0x0f, 0x29, 0x01, 0x0f, 0x28, 0x01, 0x10, 0x28, 0x01,
    0x10, 0x29, 0x02, 0x10, 0x29, 0x02, 0x10, 0x29, 0x01, 0x10, 0x29, 0x02, 0x0f, 0x29, 0x03, 0x0f,
    0x29, 0x03, 0x0f, 0x29, 0x01, 0x0f, 0x29, 0x01, 0x0f, 0x29, 0x02, 0x0f, 0x29, 0x03, 0x0f, 0x29,
    0x02, 0x0e, 0x28, 0x03, 0x0f, 0x29, 0x03, 0x0f, 0x28, 0x04, 0x10, 0x28, 0x03, 0x0f, 0x29, 0x03,
    0x0f, 0x28, 0x02, 0x0f, 0x29, 0x01, 0x0f, 0x29, 0x03, 0x0f, 0x28, 0x02, 0x10, 0x29, 0x02, 0x10,
    0x29, 0x03, 0x10, 0x29, 0x04, 0x0f, 0x29, 0x02, 0x10, 0x28, 0x02, 0x10, 0x27, 0x03, 0x0f, 0x27,
    0x03, 0x0f, 0x27, 0x04, 0x10, 0x28, 0x04, 0x10, 0x29, 0x04, 0x10, 0x2a, 0x04, 0x10, 0x2a, 0x03,
    0x10, 0x2a, 0x02, 0x0f, 0x29, 0x02, 0x0f, 0x29, 0x03, 0x10, 0x2a, 0x03, 0x10, 0x2a, 0x02, 0x0f,
    0x29, 0x02, 0x0f, 0x29, 0x01, 0x0f, 0x29, 0x02, 0x10, 0x2a, 0x03, 0x10, 0x2a, 0x03, 0x0f, 0x29,
    0x03, 0x0f, 0x29, 0x03, 0x0f, 0x29, 0x03, 0x0f, 0x27, 0x03, 0x0f, 0x27, 0x03, 0x0f, 0x28, 0x03,
    0x0f, 0x29, 0x03, 0x0f, 0x29, 0x02, 0x10, 0x2a, 0x02, 0x10, 0x2a, 0x03, 0x10, 0x28, 0x03, 0x0f,
    0x27, 0x03, 0x0f, 0x27, 0x03, 0x0f, 0x29, 0x03, 0x0f, 0x29, 0x03, 0x0f, 0x29, 0x02, 0x0f, 0x28,
    0x02, 0x0f, 0x28, 0x02, 0x0f, 0x28, 0x03, 0x0f, 0x28, 0x03, 0x0f, 0x28, 0x03, 0x0f, 0x28, 0x03,
    0x0f, 0x29, 0x03, 0x0f, 0x29, 0x03, 0x0f, 0x29, 0x02, 0x10, 0x29, 0x02, 0x10, 0x29, 0x02, 0x10,
    0x2a, 0x02, 0x0f, 0x2a, 0x04, 0x10, 0x2a, 0x04, 0x10, 0x2a, 0x03, 0x0f, 0x29, 0x02, 0x0f, 0x29,
    0x01, 0x0f, 0x29, 0x01, 0x0f, 0x29, 0x02, 0x10, 0x2a, 0x03, 0x0f, 0x29, 0x03, 0x0f, 0x29, 0x03,
    0x0f, 0x29, 0x03, 0x0f, 0x29, 0x02, 0x0f, 0x29, 0x03, 0x0f, 0x29, 0x03, 0x0f, 0x29, 0x03, 0x0f,
    0x29, 0x03, 0x0f, 0x29, 0x03, 0x0f, 0x29, 0x03, 0x0f, 0x29, 0x03, 0x0f, 0x29, 0x03, 0x0f, 0x29,
    0x03, 0x0f, 0x29, 0x03, 0x0f, 0x29, 0x03, 0x0f, 0x29, 0x03, 0x0f, 0x29, 0x03, 0x0f, 0x29, 0x03,
    0x0f, 0x29, 0x03, 0x0f, 0x29, 0x03, 0x0f, 0x28, 0x03, 0x0f, 0x28, 0x03, 0x0f, 0x29, 0x03, 0x0f,
    0x29, 0x02, 0x0f, 0x29, 0x01, 0x0f, 0x29, 0x02, 0x0f, 0x29, 0x01, 0x0f, 0x29, 0x02, 0x0f, 0x29,
    0x03, 0x0f, 0x29, 0x03, 0x0f, 0x29, 0x03, 0x0f, 0x29, 0x03, 0x0f, 0x29, 0x02, 0x0f, 0x29, 0x01,
    0x0f, 0x29, 0x01, 0x0f, 0x29, 0x01, 0x0f, 0x29, 0x01, 0x0f, 0x29, 0x01, 0x0f, 0x29, 0x01, 0x0f,
    0x29, 0x01, 0x0f, 0x29, 0x01, 0x0f, 0x29, 0x02, 0x0f, 0x28, 0x03, 0x0f, 0x28, 0x02, 0x0f, 0x29,
    0x03, 0x0f, 0x29, 0x04, 0x10, 0x2a, 0x03, 0x0f, 0x29, 0x03, 0x0f, 0x29, 0x02, 0x0f, 0x29, 0x01,
    0x0f, 0x29, 0x01, 0x0f, 0x29, 0x02, 0x0f, 0x29, 0x03, 0x0f, 0x29, 0x03, 0x0f, 0x29, 0x03, 0x0f,
    0x27, 0x03, 0x0f, 0x29, 0x03, 0x0f, 0x29, 0x02, 0x0f, 0x29, 0x03, 0x0f, 0x29, 0x03, 0x0f, 0x29,
    0x02, 0x0e, 0x28, 0x02, 0x0e, 0x26, 0x02, 0x0e, 0x27, 0x02, 0x0e, 0x28, 0x03, 0x0f, 0x28, 0x03,
    0x0f, 0x29, 0x03, 0x0f, 0x29, 0x03, 0x0f, 0x29, 0x03, 0x0f, 0x29, 0x04, 0x10, 0x2a, 0x03, 0x0f,
    0x29, 0x03, 0x0f, 0x29, 0x03, 0x0f, 0x29, 0x03, 0x0f, 0x29, 0x03, 0x0f, 0x29, 0x03, 0x0f, 0x29,
    0x02, 0x0f, 0x29, 0x01, 0x0f, 0x29, 0x01, 0x0f, 0x29, 0x01, 0x0f, 0x29, 0x01, 0x0f, 0x29, 0x03,
    0x0f, 0x29, 0x03, 0x0f, 0x29, 0x03, 0x0f, 0x29, 0x03, 0x0f, 0x29, 0x03, 0x0f, 0x29, 0x03, 0x0f,
    0x29, 0x03, 0x0f, 0x29, 0x03, 0x0f, 0x29, 0x03, 0x0f, 0x28, 0x03, 0x0f, 0x27, 0x04, 0x10, 0x28,
    0x04, 0x10, 0x28, 0x04, 0x10, 0x29, 0x03, 0x0f, 0x29, 0x03, 0x0f, 0x29, 0x03, 0x0f, 0x29, 0x03,
    0x10, 0x2a, 0x02, 0x10, 0x29, 0x04, 0x10, 0x29, 0x01, 0x0f, 0x29, 0x01, 0x0f, 0x2a, 0x02, 0x10,
    0x28, 0x01, 0x10, 0x2a, 0x02, 0x10, 0x2a, 0x02, 0x10, 0x29, 0x03, 0x0f, 0x29, 0x16, 0x27, 0x44,
    0x39, 0x57, 0x80, 0x3a, 0x60, 0x95, 0x32, 0x58, 0x8d, 0x2e, 0x55, 0x8a, 0x2c, 0x54, 0x88, 0x2b,
    0x52, 0x86, 0x2a, 0x51, 0x85, 0x29, 0x4e, 0x84, 0x27, 0x4d, 0x82, 0x25, 0x4c, 0x81, 0x23, 0x4b,
    0x7f, 0x22, 0x49, 0x7f, 0x20, 0x47, 0x7e, 0x20, 0x47, 0x7e, 0x1f, 0x46, 0x7d, 0x1d, 0x45, 0x7c,
    0x1c, 0x44, 0x7b, 0x1c, 0x43, 0x7a, 0x1a, 0x42, 0x79, 0x19, 0x41, 0x78, 0x18, 0x41, 0x78, 0x18,
    0x40, 0x78, 0x17, 0x40, 0x77, 0x17, 0x3f, 0x77, 0x16, 0x3f, 0x76, 0x16, 0x3e, 0x76, 0x15, 0x3d,
    0x75, 0x15, 0x3d, 0x74, 0x14, 0x3c, 0x74, 0x14, 0x3b, 0x73, 0x14, 0x3b, 0x73, 0x13, 0x3c, 0x73,
    0x13, 0x3c, 0x73, 0x13, 0x3c, 0x74, 0x13, 0x3b, 0x73, 0x12, 0x3b, 0x73, 0x11, 0x3a, 0x72, 0x11,
    0x3a, 0x72, 0x11, 0x3a, 0x72, 0x11, 0x3a, 0x72, 0x11, 0x3a, 0x73, 0x11, 0x3a, 0x74, 0x11, 0x3a,
    0x74, 0x11, 0x3a, 0x75, 0x10, 0x3a, 0x75, 0x11, 0x3b, 0x75, 0x11, 0x3b, 0x75, 0x11, 0x3b, 0x75,
    0x12, 0x3b, 0x76, 0x11, 0x3b, 0x77, 0x12, 0x3c, 0x78, 0x13, 0x3d, 0x79, 0x13, 0x3f, 0x7a, 0x13,
    0x40, 0x7b, 0x14, 0x40, 0x7c, 0x14, 0x40, 0x7d, 0x14, 0x40, 0x7c, 0x15, 0x42, 0x7d, 0x16, 0x43,
    0x7f, 0x17, 0x43, 0x80, 0x18, 0x45, 0x81, 0x18, 0x46, 0x82, 0x1a, 0x49, 0x85, 0x21, 0x4e, 0x88,
    0x24, 0x48, 0x78, 0x0f, 0x21, 0x40, 0x01, 0x0e, 0x27, 0x02, 0x0f, 0x28, 0x02, 0x0f, 0x28, 0x02,
    0x0f, 0x29, 0x03, 0x0f, 0x29, 0x03, 0x0f, 0x29, 0x03, 0x10, 0x28, 0x02, 0x10, 0x28, 0x02, 0x10,
    0x28, 0x02, 0x10, 0x28, 0x02, 0x10, 0x28, 0x02, 0x0f, 0x29, 0x03, 0x0f, 0x29, 0x03, 0x0f, 0x29,
    0x02, 0x0f, 0x29, 0x02, 0x0f, 0x29, 0x02, 0x0f, 0x29, 0x03, 0x0f, 0x29, 0x03, 0x0f, 0x29, 0x03,
    0x0f, 0x29, 0x03, 0x0f, 0x28, 0x04, 0x10, 0x28, 0x04, 0x10, 0x29, 0x03, 0x10, 0x28, 0x02, 0x10,
    0x29, 0x02, 0x10, 0x2a, 0x03, 0x10, 0x28, 0x02, 0x10, 0x28, 0x02, 0x11, 0x28, 0x03, 0x10, 0x28,
    0x04, 0x0f, 0x28, 0x02, 0x10, 0x28, 0x03, 0x10, 0x27, 0x03, 0x0f, 0x27, 0x03, 0x0f, 0x27, 0x03,
    0x0f, 0x28, 0x04, 0x10, 0x29, 0x04, 0x10, 0x2a, 0x04, 0x10, 0x29, 0x03, 0x10, 0x29, 0x02, 0x10,
    0x2a, 0x02, 0x10, 0x2a, 0x03, 0x0f, 0x2a, 0x03, 0x0f, 0x29, 0x03, 0x0f, 0x28, 0x02, 0x0f, 0x28,
    0x02, 0x10, 0x29, 0x02, 0x10, 0x29, 0x03, 0x10, 0x29, 0x03, 0x0f, 0x29, 0x03, 0x0f, 0x29, 0x03,
    0x0f, 0x29, 0x03, 0x0f, 0x27, 0x03, 0x0f, 0x27, 0x03, 0x0f, 0x29, 0x03, 0x0f, 0x29, 0x03, 0x10,
    0x29, 0x02, 0x10, 0x2a, 0x02, 0x10, 0x2a, 0x03, 0x10, 0x28, 0x03, 0x0f, 0x27, 0x03, 0x0f, 0x27,
    0x03, 0x0f, 0x28, 0x03, 0x0f, 0x29, 0x02, 0x0f, 0x29, 0x01, 0x0f, 0x29, 0x01, 0x0f, 0x29, 0x01,
    0x0f, 0x29, 0x03, 0x0f, 0x29, 0x04, 0x0f, 0x29, 0x03, 0x0f, 0x28, 0x03, 0x0f, 0x27, 0x03, 0x0f,
    0x28, 0x02, 0x10, 0x29, 0x02, 0x10, 0x28, 0x02, 0x10, 0x29, 0x02, 0x10, 0x2a, 0x02, 0x10, 0x29,
    0x03, 0x10, 0x29, 0x03, 0x10, 0x29, 0x04, 0x10, 0x29, 0x03, 0x0f, 0x29, 0x02, 0x0f, 0x29, 0x02,
    0x0f, 0x29, 0x02, 0x10, 0x2a, 0x01, 0x0f, 0x29, 0x02, 0x0f, 0x29, 0x02, 0x0f, 0x29, 0x02, 0x0f,
    0x29, 0x02, 0x0f, 0x29, 0x03, 0x0f, 0x29, 0x03, 0x0f, 0x29, 0x03, 0x0f, 0x29, 0x03, 0x0f, 0x29,
    0x03, 0x0f, 0x29, 0x03, 0x0f, 0x29, 0x03, 0x0f, 0x29, 0x03, 0x0f, 0x29, 0x03, 0x0f, 0x29, 0x03,
    0x0f, 0x29, 0x03, 0x0f, 0x29, 0x03, 0x0f, 0x29, 0x03, 0x0f, 0x29, 0x03, 0x0f, 0x29, 0x02, 0x0f,
    0x29, 0x02, 0x0f, 0x29, 0x03, 0x0f, 0x29, 0x03, 0x0f, 0x29, 0x03, 0x0f, 0x29, 0x03, 0x0f, 0x29,
    0x03, 0x10, 0x29, 0x03, 0x0f, 0x29, 0x03, 0x0f, 0x28, 0x03, 0x0f, 0x29, 0x03, 0x0f, 0x29, 0x03,
    0x0f, 0x29, 0x03, 0x0f, 0x29, 0x03, 0x0f, 0x29, 0x02, 0x0f, 0x29, 0x02, 0x10, 0x2a, 0x02, 0x0f,
    0x29, 0x01, 0x0f, 0x29, 0x01, 0x0f, 0x29, 0x01, 0x0f, 0x29, 0x01, 0x0f, 0x29, 0x01, 0x0f, 0x29,
    0x01, 0x0f, 0x29, 0x02, 0x0f, 0x28, 0x02, 0x0f, 0x28, 0x02, 0x10, 0x2a, 0x03, 0x10, 0x2a, 0x03,
    0x0f, 0x29, 0x03, 0x0f, 0x29, 0x03, 0x0f, 0x29, 0x03, 0x0f, 0x29, 0x03, 0x0f, 0x29, 0x03, 0x0f,
    0x29, 0x03, 0x0f, 0x29, 0x03, 0x0f, 0x29, 0x03, 0x0f, 0x28, 0x03, 0x0f, 0x27, 0x03, 0x0f, 0x29,
    0x02, 0x0f, 0x29, 0x01, 0x0f, 0x29, 0x02, 0x0f, 0x29, 0x03, 0x0f, 0x29, 0x03, 0x0f, 0x28, 0x03,
    0x0f, 0x27, 0x03, 0x0f, 0x27, 0x02, 0x0e, 0x28, 0x03, 0x0f, 0x29, 0x03, 0x0f, 0x29, 0x03, 0x0f,
    0x29, 0x03, 0x0f, 0x29, 0x03, 0x0f, 0x29, 0x03, 0x0f, 0x29, 0x03, 0x0f, 0x29, 0x03, 0x0f, 0x29,
    0x03, 0x0f, 0x29, 0x02, 0x0f, 0x29, 0x01, 0x0f, 0x29, 0x01, 0x0f, 0x29, 0x02, 0x0f, 0x29, 0x02,
    0x0f, 0x29, 0x03, 0x0f, 0x29, 0x03, 0x0f, 0x29, 0x03, 0x0f, 0x29, 0x03, 0x0f, 0x29, 0x03, 0x0f,
    0x29, 0x03, 0x0f, 0x29, 0x03, 0x0f, 0x29, 0x03, 0x0f, 0x29, 0x03, 0x0f, 0x29, 0x03, 0x0f, 0x29,
    0x03, 0x0f, 0x29, 0x03, 0x0f, 0x28, 0x03, 0x0f, 0x27, 0x03, 0x0f, 0x27, 0x03, 0x0f, 0x28, 0x03,
    0x0f, 0x28, 0x03, 0x0f, 0x29, 0x03, 0x0f, 0x29, 0x03, 0x0f, 0x29, 0x03, 0x0f, 0x29, 0x02, 0x0f,
    0x29, 0x03, 0x0f, 0x29, 0x02, 0x10, 0x2a, 0x01, 0x0f, 0x29, 0x02, 0x0f, 0x29, 0x01, 0x10, 0x2a,
    0x02, 0x0f, 0x2a, 0x02, 0x10, 0x29, 0x02, 0x10, 0x2a, 0x02, 0x10, 0x28, 0x0b, 0x1a, 0x34, 0x2a,
    0x41, 0x67, 0x3e, 0x5e, 0x8e, 0x38, 0x5e, 0x93, 0x30, 0x59, 0x8f, 0x2c, 0x55, 0x8d, 0x2c, 0x54,
    0x8a, 0x2a, 0x52, 0x88, 0x29, 0x50, 0x87, 0x27, 0x4f, 0x85, 0x25, 0x4d, 0x83, 0x24, 0x4c, 0x81,
    0x23, 0x4b, 0x81, 0x22, 0x4a, 0x81, 0x21, 0x49, 0x80, 0x1f, 0x48, 0x7e, 0x1e, 0x47, 0x7d, 0x1e,
    0x47, 0x7e, 0x1d, 0x46, 0x7e, 0x1b, 0x45, 0x7d, 0x1b, 0x44, 0x7c, 0x1a, 0x44, 0x7c, 0x19, 0x43,
    0x7b, 0x19, 0x43, 0x7a, 0x18, 0x42, 0x79, 0x17, 0x41, 0x79, 0x17, 0x41, 0x78, 0x17, 0x40, 0x78,
    0x17, 0x40, 0x78, 0x17, 0x40, 0x78, 0x16, 0x3f, 0x77, 0x16, 0x3f, 0x77, 0x15, 0x3f, 0x76, 0x15,
    0x3f, 0x76, 0x15, 0x3f, 0x77, 0x14, 0x3e, 0x77, 0x14, 0x3e, 0x78, 0x14, 0x3e, 0x77, 0x13, 0x3d,
    0x77, 0x13, 0x3d, 0x77, 0x13, 0x3d, 0x77, 0x13, 0x3d, 0x78, 0x14, 0x3e, 0x79, 0x14, 0x3e, 0x7a,
    0x13, 0x3e, 0x7a, 0x12, 0x3e, 0x79, 0x13, 0x3e, 0x7a, 0x13, 0x3f, 0x7a, 0x13, 0x3f, 0x7b, 0x13,
    0x3f, 0x7b, 0x13, 0x40, 0x7b, 0x14, 0x40, 0x7c, 0x15, 0x41, 0x7e, 0x15, 0x42, 0x7e, 0x16, 0x43,
    0x7f, 0x16, 0x43, 0x80, 0x16, 0x44, 0x80, 0x17, 0x44, 0x81, 0x17, 0x45, 0x82, 0x18, 0x46, 0x84,
    0x1c, 0x49, 0x85, 0x1f, 0x4d, 0x89, 0x23, 0x4c, 0x81, 0x1c, 0x37, 0x5f, 0x07, 0x18, 0x36, 0x00,
    0x0e, 0x28, 0x01, 0x0f, 0x29, 0x01, 0x0f, 0x29, 0x01, 0x0f, 0x29, 0x02, 0x0f, 0x29, 0x03, 0x0f,
    0x29, 0x03, 0x0f, 0x29, 0x03, 0x0f, 0x29, 0x03, 0x0f, 0x28, 0x02, 0x0f, 0x29, 0x02, 0x10, 0x29,
    0x02, 0x10, 0x2a, 0x03, 0x10, 0x29, 0x04, 0x10, 0x28, 0x03, 0x0f, 0x28, 0x03, 0x10, 0x29, 0x03,
    0x0f, 0x28, 0x03, 0x0f, 0x28, 0x03, 0x0f, 0x29, 0x03, 0x0f, 0x29, 0x03, 0x0f, 0x28, 0x03, 0x0f,
    0x27, 0x03, 0x0f, 0x29, 0x02, 0x0f, 0x29, 0x03, 0x10, 0x29, 0x02, 0x10, 0x2a, 0x02, 0x10, 0x2a,
    0x03, 0x10, 0x29, 0x02, 0x10, 0x29, 0x03, 0x10, 0x29, 0x04, 0x10, 0x29, 0x04, 0x10, 0x29, 0x03,
    0x0f, 0x28, 0x03, 0x10, 0x27, 0x03, 0x0f, 0x27, 0x03, 0x0f, 0x27, 0x04, 0x10, 0x28, 0x04, 0x10,
    0x28, 0x03, 0x0f, 0x28, 0x03, 0x0f, 0x28, 0x03, 0x10, 0x28, 0x02, 0x10, 0x2a, 0x02, 0x10, 0x2a,
    0x02, 0x0f, 0x29, 0x01, 0x0f, 0x29, 0x02, 0x0f, 0x29, 0x03, 0x0f, 0x28, 0x03, 0x0f, 0x29, 0x02,
    0x0f, 0x29, 0x03, 0x10, 0x28, 0x03, 0x0f, 0x28, 0x03, 0x0f, 0x27, 0x03, 0x0f, 0x27, 0x03, 0x0f,
    0x27, 0x03, 0x0f, 0x27, 0x03, 0x0f, 0x29, 0x03, 0x0f, 0x29, 0x04, 0x10, 0x28, 0x03, 0x10, 0x28,
    0x03, 0x10, 0x29, 0x03, 0x0f, 0x29, 0x03, 0x0f, 0x28, 0x03, 0x0f, 0x28, 0x03, 0x0f, 0x28, 0x03,
    0x0f, 0x27, 0x02, 0x0f, 0x28, 0x03, 0x0f, 0x29, 0x03, 0x0f, 0x29, 0x03, 0x0f, 0x29, 0x04, 0x0f,
    0x29, 0x03, 0x0f, 0x28, 0x03, 0x0f, 0x28, 0x03, 0x0f, 0x28, 0x03, 0x0f, 0x28, 0x02, 0x0f, 0x29,
    0x02, 0x10, 0x29, 0x02, 0x10, 0x29, 0x02, 0x10, 0x29, 0x02, 0x10, 0x28, 0x02, 0x10, 0x28, 0x02,
    0x10, 0x28, 0x03, 0x0f, 0x28, 0x03, 0x0f, 0x29, 0x03, 0x0f, 0x29, 0x03, 0x10, 0x2a, 0x02, 0x0f,
    0x29, 0x01, 0x0f, 0x29, 0x01, 0x0f, 0x29, 0x03, 0x0f, 0x29, 0x03, 0x10, 0x29, 0x03, 0x0f, 0x28,
    0x03, 0x0f, 0x29, 0x03, 0x0f, 0x29, 0x03, 0x0f, 0x29, 0x03, 0x0f, 0x29, 0x03, 0x0f, 0x2a, 0x03,
    0x0f, 0x29, 0x03, 0x0f, 0x29, 0x03, 0x0f, 0x29, 0x03, 0x0f, 0x29, 0x04, 0x10, 0x29, 0x03, 0x0f,
    0x29, 0x03, 0x0f, 0x28, 0x03, 0x0f, 0x27, 0x03, 0x0f, 0x28, 0x02, 0x0f, 0x29, 0x02, 0x0f, 0x29,
    0x03, 0x0f, 0x29, 0x03, 0x0f, 0x29, 0x03, 0x0f, 0x29, 0x03, 0x0f, 0x29, 0x03, 0x0f, 0x29, 0x03,
    0x0f, 0x29, 0x03, 0x0f, 0x28, 0x03, 0x0f, 0x28, 0x03, 0x0f, 0x29, 0x03, 0x0f, 0x29, 0x02, 0x0f,
    0x29, 0x02, 0x10, 0x2a, 0x02, 0x10, 0x2a, 0x03, 0x10, 0x2a, 0x03, 0x0f, 0x29, 0x01, 0x0f, 0x29,
    0x01, 0x0f, 0x29, 0x01, 0x0f, 0x29, 0x02, 0x0f, 0x29, 0x03, 0x0f, 0x29, 0x02, 0x0f, 0x27, 0x03,
    0x0f, 0x28, 0x03, 0x0f, 0x28, 0x03, 0x0f, 0x29, 0x03, 0x0f, 0x29, 0x03, 0x0f, 0x29, 0x03, 0x0f,
    0x29, 0x03, 0x0f, 0x29, 0x03, 0x0f, 0x28, 0x02, 0x10, 0x28, 0x02, 0x10, 0x28, 0x03, 0x10, 0x28,
    0x03, 0x0f, 0x28, 0x03, 0x0f, 0x27, 0x03, 0x0f, 0x28, 0x03, 0x0f, 0x29, 0x03, 0x0f, 0x29, 0x03,
    0x0f, 0x29, 0x03, 0x0f, 0x29, 0x03, 0x0f, 0x29, 0x03, 0x0f, 0x29, 0x03, 0x0f, 0x29, 0x03, 0x0f,
    0x29, 0x03, 0x0f, 0x29, 0x03, 0x0f, 0x29, 0x03, 0x0f, 0x29, 0x03, 0x0f, 0x28, 0x03, 0x0f, 0x28,
    0x02, 0x0f, 0x29, 0x03, 0x0f, 0x29, 0x03, 0x0f, 0x29, 0x03, 0x0f, 0x29, 0x04, 0x10, 0x2a, 0x03,
    0x0f, 0x29, 0x03, 0x0f, 0x29, 0x03, 0x0f, 0x29, 0x03, 0x0f, 0x29, 0x03, 0x0f, 0x29, 0x04, 0x0f,
    0x29, 0x04, 0x10, 0x29, 0x03, 0x0f, 0x29, 0x03, 0x0f, 0x29, 0x03, 0x0f, 0x29, 0x03, 0x0f, 0x29,
    0x03, 0x0f, 0x29, 0x03, 0x0f, 0x29, 0x03, 0x0f, 0x29, 0x03, 0x0f, 0x28, 0x03, 0x0f, 0x29, 0x02,
    0x0f, 0x29, 0x02, 0x0f, 0x29, 0x03, 0x0f, 0x29, 0x03, 0x0f, 0x29, 0x03, 0x0f, 0x29, 0x03, 0x0f,
    0x29, 0x03, 0x0f, 0x29, 0x03, 0x0f, 0x29, 0x03, 0x0f, 0x28, 0x03, 0x0f, 0x27, 0x03, 0x0f, 0x28,
    0x01, 0x0f, 0x29, 0x01, 0x0f, 0x29, 0x01, 0x0f, 0x29, 0x01, 0x0f, 0x29, 0x01, 0x0f, 0x29, 0x01,
    0x0f, 0x29, 0x02, 0x10, 0x2a, 0x02, 0x10, 0x29, 0x02, 0x10, 0x28, 0x03, 0x10, 0x2b, 0x11, 0x21,
    0x3e, 0x29, 0x40, 0x62, 0x37, 0x54, 0x80, 0x38, 0x5c, 0x8f, 0x36, 0x5d, 0x90, 0x34, 0x5c, 0x8f,
    0x31, 0x59, 0x8d, 0x30, 0x58, 0x8b, 0x2e, 0x57, 0x8a, 0x2d, 0x55, 0x88, 0x2c, 0x54, 0x88, 0x2c,
    0x53, 0x88, 0x2a, 0x52, 0x87, 0x29, 0x50, 0x86, 0x28, 0x50, 0x85, 0x28, 0x4f, 0x86, 0x27, 0x4e,
    0x86, 0x26, 0x4d, 0x85, 0x25, 0x4d, 0x84, 0x25, 0x4c, 0x83, 0x24, 0x4b, 0x83, 0x23, 0x4b, 0x82,
    0x21, 0x4b, 0x81, 0x21, 0x4a, 0x81, 0x21, 0x4a, 0x80, 0x1f, 0x49, 0x80, 0x1f, 0x49, 0x80, 0x1e,
    0x49, 0x80, 0x1e, 0x48, 0x80, 0x1e, 0x48, 0x7f, 0x1d, 0x48, 0x7f, 0x1d, 0x48, 0x7f, 0x1d, 0x48,
    0x7f, 0x1d, 0x48, 0x7f, 0x1d, 0x47, 0x80, 0x1c, 0x47, 0x7f, 0x1c, 0x46, 0x7f, 0x1b, 0x46, 0x7e,
    0x1a, 0x46, 0x7e, 0x1b, 0x46, 0x7e, 0x1a, 0x46, 0x7f, 0x1a, 0x46, 0x7f, 0x1a, 0x46, 0x80, 0x1a,
    0x46, 0x80, 0x1b, 0x46, 0x80, 0x1a, 0x46, 0x80, 0x1b, 0x47, 0x80, 0x1b, 0x47, 0x80, 0x1c, 0x48,
    0x80, 0x1d, 0x48, 0x82, 0x1d, 0x49, 0x83, 0x1e, 0x4a, 0x84, 0x1f, 0x4c, 0x85, 0x20, 0x4d, 0x87,
    0x21, 0x4f, 0x89, 0x22, 0x4f, 0x89, 0x23, 0x4e, 0x86, 0x24, 0x4d, 0x83, 0x23, 0x47, 0x77, 0x1b,
    0x36, 0x5c, 0x0c, 0x1e, 0x3b, 0x02, 0x10, 0x29, 0x01, 0x0f, 0x28, 0x01, 0x0f, 0x29, 0x01, 0x0f,
    0x29, 0x01, 0x0f, 0x29, 0x01, 0x0f, 0x29, 0x02, 0x0f, 0x29, 0x03, 0x0f, 0x29, 0x03, 0x0f, 0x29,
    0x03, 0x0f, 0x28, 0x03, 0x0f, 0x28, 0x01, 0x0f, 0x29, 0x01, 0x0f, 0x29, 0x02, 0x10, 0x2a, 0x03,
    0x10, 0x29, 0x03, 0x0f, 0x27, 0x03, 0x0f, 0x27, 0x04, 0x0f, 0x29, 0x04, 0x0f, 0x28, 0x04, 0x0f,
    0x28, 0x04, 0x10, 0x29, 0x03, 0x0f, 0x29, 0x02, 0x10, 0x27, 0x03, 0x10, 0x28, 0x02, 0x0f, 0x29,
    0x01, 0x0f, 0x29, 0x03, 0x0f, 0x29, 0x02, 0x0f, 0x29, 0x02, 0x10, 0x2a, 0x03, 0x10, 0x2a, 0x02,
    0x0f, 0x29, 0x03, 0x0f, 0x2a, 0x04, 0x10, 0x2a, 0x03, 0x0f, 0x2a, 0x03, 0x0f, 0x28, 0x03, 0x0f,
    0x27, 0x03, 0x0f, 0x27, 0x03, 0x0f, 0x27, 0x03, 0x0f, 0x27, 0x03, 0x0f, 0x27, 0x03, 0x0f, 0x27,
    0x03, 0x0f, 0x27, 0x03, 0x0f, 0x28, 0x03, 0x0f, 0x29, 0x03, 0x0f, 0x29, 0x03, 0x0f, 0x29, 0x02,
    0x0f, 0x29, 0x02, 0x0f, 0x29, 0x03, 0x0f, 0x29, 0x03, 0x0f, 0x29, 0x02, 0x0f, 0x29, 0x03, 0x0f,
    0x27, 0x03, 0x0f, 0x27, 0x03, 0x0f, 0x27, 0x03, 0x0f, 0x27, 0x03, 0x0f, 0x27, 0x04, 0x10, 0x28,
    0x04, 0x10, 0x29, 0x04, 0x10, 0x29, 0x04, 0x10, 0x28, 0x04, 0x10, 0x28, 0x04, 0x10, 0x29, 0x03,
    0x0f, 0x29, 0x03, 0x0f, 0x29, 0x03, 0x10, 0x29, 0x02, 0x0f, 0x29, 0x02, 0x0f, 0x29, 0x03, 0x0f,
    0x29, 0x03, 0x0f, 0x29, 0x03, 0x0f, 0x29, 0x03, 0x0f, 0x29, 0x03, 0x0f, 0x29, 0x03, 0x0f, 0x29,
    0x03, 0x0f, 0x29, 0x04, 0x10, 0x29, 0x03, 0x0f, 0x29, 0x03, 0x0f, 0x29, 0x03, 0x0f, 0x29, 0x03,
    0x0f, 0x2a, 0x03, 0x10, 0x29, 0x02, 0x10, 0x27, 0x03, 0x10, 0x28, 0x03, 0x0f, 0x27, 0x03, 0x0f,
    0x28, 0x03, 0x0f, 0x29, 0x03, 0x0f, 0x29, 0x04, 0x10, 0x2a, 0x03, 0x0f, 0x29, 0x01, 0x0f, 0x29,
    0x02, 0x0f, 0x29, 0x03, 0x0f, 0x29, 0x03, 0x0f, 0x29, 0x04, 0x10, 0x29, 0x04, 0x10, 0x29, 0x03,
    0x0f, 0x29, 0x03, 0x0f, 0x29, 0x03, 0x0f, 0x29, 0x04, 0x10, 0x29, 0x04, 0x10, 0x29, 0x03, 0x0f,
    0x29, 0x03, 0x0f, 0x29, 0x03, 0x0f, 0x29, 0x03, 0x0f, 0x29, 0x04, 0x10, 0x2a, 0x03, 0x0f, 0x28,
    0x03, 0x0f, 0x28, 0x03, 0x0f, 0x28, 0x03, 0x0f, 0x29, 0x03, 0x0f, 0x29, 0x03, 0x0f, 0x29, 0x03,
    0x0f, 0x29, 0x03, 0x0f, 0x29, 0x03, 0x0f, 0x28, 0x03, 0x0f, 0x28, 0x03, 0x0f, 0x29, 0x03, 0x0f,
    0x28, 0x03, 0x0f, 0x28, 0x03, 0x0f, 0x29, 0x03, 0x0f, 0x29, 0x02, 0x0f, 0x29, 0x01, 0x10, 0x2a,
    0x02, 0x10, 0x2a, 0x04, 0x10, 0x2a, 0x03, 0x10, 0x2a, 0x01, 0x0f, 0x29, 0x01, 0x0f, 0x29, 0x01,
    0x0f, 0x29, 0x03, 0x0f, 0x29, 0x03, 0x0f, 0x29, 0x03, 0x0f, 0x29, 0x03, 0x0f, 0x29, 0x03, 0x0f,
    0x29, 0x03, 0x0f, 0x29, 0x03, 0x0f, 0x29, 0x03, 0x0f, 0x29, 0x03, 0x0f, 0x29, 0x03, 0x0f, 0x29,
    0x03, 0x0f, 0x29, 0x02, 0x0f, 0x29, 0x01, 0x10, 0x29, 0x02, 0x10, 0x29, 0x03, 0x0f, 0x28, 0x03,
    0x0f, 0x27, 0x03, 0x0f, 0x29, 0x03, 0x0f, 0x29, 0x03, 0x0f, 0x29, 0x03, 0x0f, 0x29, 0x04, 0x0f,
    0x29, 0x03, 0x0f, 0x29, 0x03, 0x0f, 0x29, 0x03, 0x0f, 0x29, 0x03, 0x0f, 0x29, 0x03, 0x0f, 0x29,
    0x03, 0x0f, 0x29, 0x02, 0x0e, 0x28, 0x03, 0x0f, 0x27, 0x03, 0x0f, 0x29, 0x02, 0x0f, 0x29, 0x03,
    0x0f, 0x29, 0x03, 0x0f, 0x29, 0x03, 0x0f, 0x29, 0x03, 0x0f, 0x29, 0x03, 0x0f, 0x29, 0x03, 0x0f,
    0x29, 0x03, 0x0f, 0x29, 0x03, 0x0f, 0x29, 0x03, 0x0f, 0x28, 0x04, 0x10, 0x28, 0x03, 0x0f, 0x28,
    0x03, 0x0f, 0x27, 0x02, 0x0f, 0x29, 0x01, 0x0f, 0x29, 0x01, 0x0f, 0x29, 0x01, 0x0f, 0x29, 0x02,
    0x0f, 0x29, 0x03, 0x0f, 0x29, 0x03, 0x0f, 0x28, 0x03, 0x0f, 0x28, 0x02, 0x0f, 0x29, 0x02, 0x0f,
    0x29, 0x03, 0x0f, 0x29, 0x03, 0x0f, 0x29, 0x03, 0x0f, 0x29, 0x03, 0x0f, 0x29, 0x03, 0x0f, 0x29,
    0x03, 0x0f, 0x29, 0x03, 0x0f, 0x28, 0x03, 0x0f, 0x28, 0x03, 0x0f, 0x29, 0x01, 0x0f, 0x29, 0x01,
    0x0f, 0x29, 0x01, 0x0f, 0x29, 0x01, 0x0f, 0x29, 0x01, 0x0f, 0x29, 0x01, 0x0f, 0x29, 0x02, 0x10,
    0x29, 0x03, 0x10, 0x29, 0x01, 0x10, 0x2a, 0x02, 0x11, 0x2a, 0x03, 0x0f, 0x29, 0x02, 0x0f, 0x2a,
    0x07, 0x16, 0x31, 0x11, 0x23, 0x40, 0x1a, 0x2e, 0x4d, 0x1e, 0x34, 0x56, 0x20, 0x36, 0x58, 0x20,
    0x36, 0x58, 0x20, 0x36, 0x58, 0x1f, 0x35, 0x57, 0x1f, 0x36, 0x58, 0x1f, 0x36, 0x58, 0x1e, 0x35,
    0x58, 0x1d, 0x34, 0x57, 0x1d, 0x34, 0x57, 0x1d, 0x33, 0x57, 0x1c, 0x33, 0x57, 0x1c, 0x33, 0x57,
    0x1c, 0x32, 0x56, 0x1b, 0x32, 0x56, 0x1b, 0x31, 0x55, 0x1b, 0x31, 0x55, 0x1b, 0x31, 0x55, 0x1a,
    0x31, 0x55, 0x1b, 0x31, 0x54, 0x19, 0x31, 0x55, 0x18, 0x30, 0x56, 0x18, 0x30, 0x55, 0x18, 0x30,
    0x55, 0x18, 0x2f, 0x55, 0x17, 0x2f, 0x54, 0x17, 0x2f, 0x54, 0x18, 0x2f, 0x55, 0x18, 0x30, 0x55,
    0x18, 0x30, 0x55, 0x17, 0x2f, 0x55, 0x17, 0x2f, 0x55, 0x17, 0x2e, 0x54, 0x16, 0x2e, 0x54, 0x16,
    0x2e, 0x53, 0x16, 0x2e, 0x53, 0x16, 0x2e, 0x53, 0x16, 0x2e, 0x53, 0x16, 0x2e, 0x54, 0x16, 0x2e,
    0x54, 0x16, 0x2e, 0x54, 0x16, 0x2e, 0x53, 0x16, 0x2e, 0x52, 0x17, 0x2e, 0x53, 0x17, 0x2e, 0x54,
    0x17, 0x2f, 0x54, 0x17, 0x30, 0x54, 0x18, 0x31, 0x56, 0x18, 0x31, 0x57, 0x19, 0x32, 0x56, 0x17,
    0x2f, 0x52, 0x13, 0x28, 0x49, 0x0c, 0x1f, 0x3d, 0x06, 0x15, 0x31, 0x02, 0x0f, 0x29, 0x03, 0x0f,
    0x27, 0x02, 0x10, 0x29, 0x01, 0x10, 0x29, 0x01, 0x0f, 0x29, 0x01, 0x0f, 0x29, 0x01, 0x0f, 0x29,
    0x01, 0x10, 0x29, 0x02, 0x10, 0x28, 0x03, 0x0f, 0x28, 0x03, 0x0f, 0x27, 0x03, 0x0f, 0x27, 0x03,
    0x10, 0x28, 0x01, 0x0f, 0x29, 0x01, 0x0f, 0x29, 0x02, 0x0f, 0x2a, 0x03, 0x10, 0x29, 0x03, 0x0f,
    0x27, 0x03, 0x0f, 0x28, 0x04, 0x10, 0x29, 0x04, 0x10, 0x28, 0x04, 0x10, 0x28, 0x04, 0x10, 0x29,
    0x03, 0x10, 0x29, 0x02, 0x10, 0x28, 0x03, 0x0f, 0x27, 0x02, 0x0f, 0x29, 0x01, 0x0f, 0x29, 0x01,
    0x0f, 0x29, 0x03, 0x0f, 0x29, 0x03, 0x0f, 0x29, 0x02, 0x10, 0x2a, 0x02, 0x10, 0x2a, 0x03, 0x10,
    0x2a, 0x04, 0x10, 0x2a, 0x03, 0x0f, 0x29, 0x03, 0x0f, 0x28, 0x03, 0x0f, 0x27, 0x03, 0x0f, 0x27,
    0x03, 0x0f, 0x27, 0x03, 0x0f, 0x28, 0x03, 0x0f, 0x29, 0x03, 0x0f, 0x28, 0x03, 0x0f, 0x28, 0x03,
    0x0f, 0x29, 0x03, 0x0f, 0x29, 0x03, 0x0f, 0x29, 0x03, 0x0f, 0x29, 0x02, 0x0f, 0x29, 0x02, 0x0f,
    0x29, 0x03, 0x0f, 0x29, 0x03, 0x0f, 0x29, 0x02, 0x0f, 0x29, 0x02, 0x0f, 0x28, 0x03, 0x0f, 0x28,
    0x03, 0x0f, 0x29, 0x03, 0x0f, 0x28, 0x03, 0x0f, 0x27, 0x04, 0x10, 0x28, 0x04, 0x10, 0x29, 0x04,
    0x10, 0x2a, 0x04, 0x10, 0x29, 0x04, 0x10, 0x29, 0x03, 0x0f, 0x28, 0x03, 0x0f, 0x27, 0x02, 0x0f,
    0x29, 0x02, 0x0f, 0x29, 0x02, 0x0f, 0x29, 0x02, 0x0f, 0x29, 0x03, 0x0f, 0x29, 0x03, 0x0f, 0x29,
    0x03, 0x0f, 0x29, 0x03, 0x0f, 0x29, 0x03, 0x0f, 0x29, 0x03, 0x0f, 0x29, 0x04, 0x10, 0x2a, 0x04,
    0x10, 0x2a, 0x03, 0x0f, 0x29, 0x03, 0x0f, 0x29, 0x03, 0x0f, 0x29, 0x03, 0x0f, 0x29, 0x03, 0x0f,
    0x29, 0x02, 0x0f, 0x29, 0x03, 0x0f, 0x29, 0x03, 0x0f, 0x29, 0x03, 0x0f, 0x29, 0x03, 0x0f, 0x29,
    0x03, 0x0f, 0x29, 0x03, 0x0f, 0x29, 0x03, 0x0f, 0x29, 0x03, 0x0f, 0x29, 0x02, 0x0f, 0x29, 0x01,
    0x0f, 0x29, 0x02, 0x0f, 0x29, 0x03, 0x10, 0x2a, 0x04, 0x10, 0x2a, 0x03, 0x0f, 0x29, 0x04, 0x10,
    0x29, 0x03, 0x0f, 0x28, 0x03, 0x0f, 0x28, 0x03, 0x0f, 0x28, 0x03, 0x0f, 0x28, 0x03, 0x0f, 0x29,
    0x03, 0x0f, 0x29, 0x03, 0x0f, 0x29, 0x03, 0x0f, 0x29, 0x03, 0x0f, 0x29, 0x03, 0x0f, 0x29, 0x03,
    0x0f, 0x28, 0x03, 0x0f, 0x27, 0x03, 0x0f, 0x28, 0x03, 0x0f, 0x29, 0x03, 0x0f, 0x29, 0x03, 0x0f,
    0x29, 0x03, 0x0f, 0x28, 0x03, 0x0f, 0x28, 0x02, 0x0f, 0x29, 0x02, 0x0f, 0x29, 0x02, 0x0f, 0x28,
    0x03, 0x0f, 0x29, 0x03, 0x0f, 0x29, 0x02, 0x0f, 0x29, 0x02, 0x10, 0x2a, 0x02, 0x0f, 0x29, 0x03,
    0x10, 0x2a, 0x03, 0x10, 0x2a, 0x01, 0x0f, 0x29, 0x01, 0x0f, 0x29, 0x02, 0x0f, 0x29, 0x03, 0x0f,
    0x29, 0x03, 0x0f, 0x29, 0x03, 0x0f, 0x29, 0x03, 0x0f, 0x29, 0x03, 0x0f, 0x29, 0x03, 0x0f, 0x29,
    0x03, 0x0f, 0x29, 0x03, 0x0f, 0x29, 0x03, 0x0f, 0x29, 0x03, 0x0f, 0x29, 0x02, 0x0f, 0x29, 0x02,
    0x10, 0x2a, 0x01, 0x0f, 0x2a, 0x02, 0x10, 0x2a, 0x03, 0x0f, 0x29, 0x03, 0x0f, 0x29, 0x03, 0x0f,
    0x29, 0x04, 0x10, 0x2a, 0x03, 0x0f, 0x29, 0x03, 0x0f, 0x29, 0x03, 0x0f, 0x29, 0x03, 0x0f, 0x29,
    0x03, 0x0f, 0x29, 0x03, 0x0f, 0x29, 0x03, 0x0f, 0x29, 0x03, 0x0f, 0x29, 0x03, 0x0f, 0x29, 0x03,
    0x0f, 0x29, 0x03, 0x0f, 0x27, 0x03, 0x0f, 0x29, 0x02, 0x0f, 0x29, 0x02, 0x0f, 0x29, 0x01, 0x0f,
    0x29, 0x01, 0x0f, 0x29, 0x02, 0x0f, 0x29, 0x03, 0x0f, 0x29, 0x03, 0x0f, 0x29, 0x03, 0x0f, 0x29,
    0x04, 0x10, 0x29, 0x04, 0x10, 0x28, 0x03, 0x0f, 0x27, 0x03, 0x0f, 0x27, 0x03, 0x0f, 0x27, 0x01,
    0x0f, 0x28, 0x01, 0x0f, 0x29, 0x01, 0x0f, 0x29, 0x00, 0x0e, 0x28, 0x01, 0x0f, 0x29, 0x02, 0x0f,
    0x28, 0x03, 0x0f, 0x27, 0x03, 0x0f, 0x28, 0x02, 0x0f, 0x29, 0x02, 0x0f, 0x29, 0x03, 0x0f, 0x29,
    0x03, 0x0f, 0x29, 0x03, 0x0f, 0x29, 0x03, 0x0f, 0x29, 0x03, 0x0f, 0x29, 0x02, 0x0f, 0x29, 0x02,
    0x0f, 0x29, 0x02, 0x0f, 0x29, 0x03, 0x0f, 0x29, 0x01, 0x0f, 0x29, 0x01, 0x0f, 0x29, 0x01, 0x0f,
    0x29, 0x02, 0x0f, 0x29, 0x03, 0x0f, 0x29, 0x03, 0x0f, 0x29, 0x02, 0x10, 0x29, 0x02, 0x10, 0x29,
    0x02, 0x10, 0x2a, 0x02, 0x10, 0x2a, 0x02, 0x10, 0x2a, 0x02, 0x10, 0x2a, 0x02, 0x0f, 0x29, 0x01,
    0x0f, 0x28, 0x00, 0x0f, 0x28, 0x01, 0x0e, 0x27, 0x01, 0x0e, 0x27, 0x01, 0x0e, 0x27, 0x01, 0x0e,
    0x27, 0x01, 0x0e, 0x27, 0x01, 0x0e, 0x27, 0x01, 0x0e, 0x28, 0x01, 0x0e, 0x28, 0x01, 0x0e, 0x27,
    0x01, 0x0e, 0x27, 0x01, 0x0e, 0x27, 0x01, 0x0e, 0x27, 0x01, 0x0e, 0x27, 0x01, 0x0e, 0x27, 0x01,
    0x0e, 0x27, 0x01, 0x0e, 0x27, 0x00, 0x0e, 0x27, 0x00, 0x0e, 0x27, 0x00, 0x0e, 0x27, 0x00, 0x0e,
    0x27, 0x00, 0x0e, 0x27, 0x00, 0x0e, 0x27, 0x00, 0x0e, 0x27, 0x00, 0x0e, 0x27, 0x00, 0x0e, 0x27,
    0x01, 0x0d, 0x27, 0x01, 0x0e, 0x27, 0x01, 0x0e, 0x27, 0x01, 0x0e, 0x28, 0x01, 0x0f, 0x29, 0x01,
    0x0e, 0x29, 0x01, 0x0e, 0x29, 0x01, 0x0e, 0x29, 0x01, 0x0f, 0x28, 0x01, 0x0f, 0x28, 0x01, 0x0f,
    0x28, 0x01, 0x0f, 0x28, 0x01, 0x0f, 0x28, 0x01, 0x0f, 0x28, 0x01, 0x0e, 0x28, 0x01, 0x0e, 0x28,
    0x01, 0x0e, 0x27, 0x01, 0x0e, 0x27, 0x01, 0x0e, 0x27, 0x01, 0x0e, 0x27, 0x01, 0x0e, 0x27, 0x01,
    0x0e, 0x27, 0x01, 0x0e, 0x27, 0x01, 0x0f, 0x27, 0x01, 0x0e, 0x26, 0x00, 0x0e, 0x26, 0x01, 0x0e,
    0x28, 0x02, 0x0e, 0x28, 0x03, 0x0f, 0x27, 0x02, 0x0f, 0x27, 0x02, 0x10, 0x29, 0x03, 0x0f, 0x29,
    0x02, 0x0f, 0x28, 0x01, 0x10, 0x28, 0x01, 0x10, 0x28, 0x01, 0x10, 0x28, 0x01, 0x10, 0x28, 0x02,
    0x10, 0x27, 0x03, 0x0f, 0x28, 0x03, 0x0f, 0x27, 0x04, 0x0f, 0x28, 0x03, 0x10, 0x28, 0x02, 0x0f,
    0x29, 0x01, 0x0f, 0x29, 0x02, 0x0f, 0x29, 0x03, 0x0f, 0x29, 0x03, 0x0f, 0x27, 0x03, 0x0f, 0x27,
    0x04, 0x10, 0x29, 0x04, 0x10, 0x28, 0x04, 0x10, 0x28, 0x03, 0x0f, 0x29, 0x03, 0x0f, 0x29, 0x03,
    0x0f, 0x27, 0x03, 0x0f, 0x27, 0x03, 0x0f, 0x29, 0x01, 0x0f, 0x29, 0x01, 0x0f, 0x29, 0x02, 0x0f,
    0x29, 0x03, 0x0f, 0x29, 0x02, 0x10, 0x2a, 0x02, 0x10, 0x2a, 0x03, 0x0f, 0x29, 0x03, 0x0f, 0x29,
    0x03, 0x0f, 0x29, 0x03, 0x0f, 0x28, 0x03, 0x0f, 0x27, 0x03, 0x0f, 0x27, 0x03, 0x0f, 0x27, 0x03,
    0x0f, 0x28, 0x03, 0x0f, 0x29, 0x03, 0x0f, 0x29, 0x03, 0x0f, 0x29, 0x02, 0x0f, 0x29, 0x02, 0x0f,
    0x29, 0x01, 0x0f, 0x29, 0x02, 0x0f, 0x29, 0x01, 0x0f, 0x29, 0x02, 0x0f, 0x29, 0x03, 0x0f, 0x29,
    0x03, 0x0f, 0x29, 0x02, 0x0f, 0x29, 0x02, 0x0f, 0x29, 0x03, 0x0f, 0x29, 0x03, 0x0f, 0x29, 0x03,
    0x0f, 0x29, 0x03, 0x0f, 0x27, 0x03, 0x0f, 0x28, 0x03, 0x0f, 0x29, 0x03, 0x0f, 0x29, 0x03, 0x0f,
    0x29, 0x03, 0x0f, 0x29, 0x03, 0x0f, 0x28, 0x03, 0x0f, 0x27, 0x03, 0x0f, 0x27, 0x03, 0x0f, 0x28,
    0x03, 0x0f, 0x28, 0x03, 0x0f, 0x27, 0x03, 0x0f, 0x29, 0x03, 0x0f, 0x29, 0x03, 0x0f, 0x29, 0x03,
    0x0f, 0x29, 0x02, 0x0f, 0x29, 0x02, 0x10, 0x2a, 0x03, 0x0f, 0x29, 0x04, 0x10, 0x2a, 0x03, 0x0f,
    0x29, 0x03, 0x0f, 0x29, 0x03, 0x0f, 0x29, 0x03, 0x0f, 0x29, 0x03, 0x0f, 0x29, 0x01, 0x0f, 0x29,
    0x02, 0x0f, 0x29, 0x03, 0x0f, 0x29, 0x03, 0x0f, 0x29, 0x02, 0x0f, 0x29, 0x03, 0x0f, 0x29, 0x03,
    0x0f, 0x29, 0x03, 0x10, 0x2a, 0x03, 0x0f, 0x29, 0x03, 0x0f, 0x29, 0x01, 0x0f, 0x29, 0x02, 0x10,
    0x2a, 0x03, 0x10, 0x2a, 0x04, 0x0f, 0x29, 0x04, 0x10, 0x29, 0x03, 0x0f, 0x28, 0x03, 0x0f, 0x29,
    0x03, 0x0f, 0x29, 0x03, 0x0f, 0x29, 0x03, 0x0f, 0x29, 0x03, 0x0f, 0x29, 0x03, 0x0f, 0x29, 0x03,
    0x0f, 0x29, 0x03, 0x0f, 0x29, 0x02, 0x10, 0x29, 0x03, 0x10, 0x2a, 0x03, 0x0f, 0x28, 0x03, 0x0f,
    0x27, 0x03, 0x0f, 0x28, 0x03, 0x0f, 0x28, 0x03, 0x0f, 0x29, 0x03, 0x0f, 0x29, 0x03, 0x0f, 0x28,
    0x02, 0x0f, 0x28, 0x01, 0x0f, 0x29, 0x01, 0x0f, 0x29, 0x02, 0x0f, 0x28, 0x03, 0x0f, 0x29, 0x03,
    0x0f, 0x29, 0x02, 0x0f, 0x29, 0x02, 0x10, 0x2a, 0x02, 0x10, 0x2a, 0x04, 0x10, 0x2a, 0x04, 0x10,
    0x2a, 0x02, 0x10, 0x2a, 0x02, 0x10, 0x29, 0x02, 0x0f, 0x29, 0x03, 0x0f, 0x29, 0x03, 0x0f, 0x29,
    0x03, 0x0f, 0x27, 0x03, 0x0f, 0x28, 0x03, 0x0f, 0x29, 0x03, 0x0f, 0x29, 0x03, 0x0f, 0x29, 0x03,
    0x0f, 0x29, 0x03, 0x0f, 0x29, 0x03, 0x0f, 0x29, 0x02, 0x0f, 0x29, 0x01, 0x10, 0x2a, 0x02, 0x0f,
    0x29, 0x02, 0x0f, 0x29, 0x02, 0x0f, 0x29, 0x03, 0x0f, 0x29, 0x03, 0x0f, 0x29, 0x04, 0x10, 0x2a,
    0x03, 0x0f, 0x29, 0x03, 0x0f, 0x29, 0x03, 0x0f, 0x29, 0x03, 0x0f, 0x29, 0x03, 0x0f, 0x29, 0x01,
    0x0f, 0x29, 0x02, 0x0f, 0x29, 0x02, 0x10, 0x2a, 0x02, 0x0f, 0x29, 0x03, 0x0f, 0x29, 0x03, 0x0f,
    0x28, 0x03, 0x0f, 0x28, 0x01, 0x0f, 0x29, 0x02, 0x0f, 0x29, 0x01, 0x0f, 0x29, 0x01, 0x0f, 0x29,
    0x02, 0x10, 0x2a, 0x03, 0x0f, 0x29, 0x03, 0x0f, 0x29, 0x03, 0x0f, 0x29, 0x03, 0x0f, 0x29, 0x03,
    0x0f, 0x29, 0x03, 0x0f, 0x29, 0x03, 0x0f, 0x29, 0x03, 0x0f, 0x29, 0x02, 0x0f, 0x29, 0x01, 0x0f,
    0x29, 0x01, 0x0f, 0x29, 0x01, 0x0f, 0x29, 0x00, 0x0e, 0x28, 0x01, 0x0f, 0x28, 0x02, 0x0f, 0x27,
    0x03, 0x0f, 0x29, 0x02, 0x0f, 0x29, 0x02, 0x0f, 0x29, 0x03, 0x0f, 0x29, 0x03, 0x0f, 0x29, 0x02,
    0x0f, 0x29, 0x01, 0x0f, 0x29, 0x02, 0x0f, 0x29, 0x01, 0x0f, 0x29, 0x01, 0x0f, 0x29, 0x01, 0x0f,
    0x29, 0x01, 0x0f, 0x29, 0x02, 0x0f, 0x29, 0x01, 0x0f, 0x29, 0x01, 0x0f, 0x29, 0x01, 0x0f, 0x29,
    0x02, 0x0f, 0x29, 0x02, 0x0f, 0x29, 0x02, 0x0f, 0x29, 0x01, 0x10, 0x29, 0x02, 0x10, 0x2a, 0x02,
    0x10, 0x2a, 0x02, 0x10, 0x2a, 0x01, 0x0f, 0x29, 0x02, 0x0f, 0x29, 0x03, 0x0f, 0x28, 0x03, 0x0f,
    0x27, 0x02, 0x0f, 0x29, 0x02, 0x0f, 0x2a, 0x02, 0x10, 0x2a, 0x01, 0x0f, 0x29, 0x01, 0x0f, 0x29,
    0x03, 0x0f, 0x29, 0x03, 0x0f, 0x29, 0x02, 0x0f, 0x29, 0x02, 0x0f, 0x29, 0x03, 0x0f, 0x29, 0x03,
    0x0f, 0x29, 0x01, 0x0f, 0x29, 0x01, 0x0f, 0x29, 0x02, 0x0f, 0x28, 0x03, 0x0f, 0x27, 0x02, 0x0f,
    0x29, 0x01, 0x0f, 0x29, 0x01, 0x10, 0x29, 0x01, 0x0f, 0x29, 0x02, 0x0f, 0x29, 0x02, 0x10, 0x29,
    0x01, 0x0f, 0x29, 0x01, 0x0f, 0x28, 0x02, 0x0f, 0x28, 0x02, 0x0f, 0x28, 0x02, 0x0f, 0x28, 0x03,
    0x0f, 0x27, 0x02, 0x0f, 0x28, 0x02, 0x10, 0x29, 0x02, 0x10, 0x2a, 0x01, 0x10, 0x2a, 0x01, 0x0f,
    0x29, 0x01, 0x0f, 0x29, 0x02, 0x10, 0x29, 0x02, 0x10, 0x29, 0x02, 0x10, 0x29, 0x02, 0x10, 0x29,
    0x03, 0x10, 0x29, 0x03, 0x0f, 0x29, 0x03, 0x0f, 0x29, 0x03, 0x0f, 0x28, 0x03, 0x0f, 0x29, 0x03,
    0x0f, 0x29, 0x03, 0x0f, 0x29, 0x03, 0x0f, 0x29, 0x02, 0x10, 0x28, 0x02, 0x10, 0x29, 0x02, 0x10,
    0x29, 0x01, 0x0f, 0x29, 0x01, 0x0f, 0x29, 0x01, 0x0f, 0x29, 0x01, 0x0f, 0x29, 0x02, 0x0f, 0x29,
    0x03, 0x0f, 0x29, 0x03, 0x0f, 0x28, 0x03, 0x0f, 0x28, 0x03, 0x0f, 0x29, 0x02, 0x10, 0x29, 0x01,
    0x0f, 0x29, 0x01, 0x10, 0x29, 0x02, 0x10, 0x29, 0x01, 0x10, 0x29, 0x02, 0x10, 0x29, 0x04, 0x10,
    0x29, 0x04, 0x10, 0x29, 0x03, 0x0f, 0x29, 0x03, 0x0f, 0x29, 0x03, 0x0f, 0x29, 0x03, 0x0f, 0x29,
    0x03, 0x0f, 0x29, 0x04, 0x10, 0x29, 0x04, 0x10, 0x28, 0x03, 0x0f, 0x27, 0x03, 0x0f, 0x27, 0x03,
    0x0f, 0x28, 0x04, 0x10, 0x28, 0x03, 0x0f, 0x28, 0x03, 0x0f, 0x28, 0x03, 0x0f, 0x27, 0x04, 0x0f,
    0x28, 0x03, 0x0f, 0x28, 0x02, 0x0f, 0x28, 0x03, 0x0f, 0x29, 0x03, 0x0f, 0x29, 0x04, 0x10, 0x2a,
    0x03, 0x10, 0x2a, 0x02, 0x0f, 0x29, 0x02, 0x0f, 0x29, 0x02, 0x0f, 0x29, 0x01, 0x0f, 0x29, 0x02,
    0x0f, 0x29, 0x03, 0x0f, 0x29, 0x03, 0x0f, 0x29, 0x03, 0x0f, 0x29, 0x03, 0x0f, 0x29, 0x03, 0x0f,
    0x29, 0x03, 0x0f, 0x29, 0x03, 0x0f, 0x29, 0x03, 0x0f, 0x29, 0x03, 0x0f, 0x29, 0x03, 0x0f, 0x29,
    0x03, 0x0f, 0x29, 0x03, 0x0f, 0x29, 0x03, 0x0f, 0x28, 0x03, 0x0f, 0x29, 0x03, 0x0f, 0x29, 0x02,
    0x10, 0x2a, 0x02, 0x0f, 0x29, 0x02, 0x0f, 0x29, 0x03, 0x0f, 0x29, 0x02, 0x0f, 0x29, 0x03, 0x0f,
    0x29, 0x03, 0x0f, 0x29, 0x03, 0x0f, 0x29, 0x03, 0x0f, 0x29, 0x03, 0x0f, 0x28, 0x03, 0x0f, 0x28,
    0x03, 0x0f, 0x27, 0x03, 0x0f, 0x27, 0x03, 0x0f, 0x27, 0x03, 0x0f, 0x27, 0x03, 0x0f, 0x28, 0x03,
    0x0f, 0x29, 0x03, 0x0f, 0x29, 0x03, 0x0f, 0x29, 0x03, 0x0f, 0x29, 0x03, 0x0f, 0x29, 0x03, 0x10,
    0x2a, 0x03, 0x0f, 0x29, 0x03, 0x10, 0x29, 0x03, 0x0f, 0x28, 0x03, 0x0f, 0x28, 0x03, 0x0f, 0x28,
    0x03, 0x0f, 0x28, 0x03, 0x0f, 0x29, 0x03, 0x0f, 0x29, 0x03, 0x0f, 0x29, 0x03, 0x0f, 0x29, 0x03,
    0x10, 0x2a, 0x03, 0x10, 0x2a, 0x02, 0x10, 0x2a, 0x02, 0x10, 0x2a, 0x02, 0x10, 0x2a, 0x02, 0x0f,
    0x29, 0x02, 0x0f, 0x29, 0x03, 0x0f, 0x29, 0x03, 0x0f, 0x29, 0x02, 0x10, 0x29, 0x02, 0x10, 0x28,
    0x03, 0x10, 0x28, 0x03, 0x0f, 0x28, 0x03, 0x0f, 0x27, 0x04, 0x10, 0x28, 0x03, 0x0f, 0x28, 0x03,
    0x0f, 0x29, 0x03, 0x0f, 0x29, 0x03, 0x0f, 0x28, 0x03, 0x0f, 0x27, 0x03, 0x0f, 0x27, 0x03, 0x0f,
    0x28, 0x03, 0x0f, 0x28, 0x03, 0x0f, 0x29, 0x03, 0x0f, 0x29, 0x03, 0x0f, 0x29, 0x03, 0x0f, 0x28,
    0x03, 0x0f, 0x28, 0x03, 0x0f, 0x29, 0x02, 0x0f, 0x29, 0x02, 0x0f, 0x29, 0x02, 0x0f, 0x29, 0x02,
    0x0f, 0x29, 0x01, 0x0f, 0x29, 0x02, 0x10, 0x29, 0x02, 0x10, 0x2a, 0x02, 0x10, 0x2a, 0x01, 0x0f,
    0x29, 0x01, 0x0f, 0x29, 0x02, 0x10, 0x2a, 0x03, 0x0f, 0x29, 0x03, 0x0f, 0x29, 0x03, 0x0f, 0x29,
    0x03, 0x0f, 0x28, 0x03, 0x0f, 0x28, 0x03, 0x0f, 0x28, 0x03, 0x0f, 0x28, 0x03, 0x0f, 0x29, 0x02,
    0x0f, 0x29, 0x01, 0x0f, 0x29, 0x02, 0x10, 0x2a, 0x02, 0x10, 0x2a, 0x02, 0x0f, 0x29, 0x01, 0x0f,
    0x29, 0x03, 0x0f, 0x29, 0x02, 0x0f, 0x29, 0x01, 0x0f, 0x29, 0x02, 0x10, 0x2a, 0x03, 0x0f, 0x29,
    0x03, 0x0f, 0x29, 0x03, 0x0f, 0x29, 0x03, 0x0f, 0x29, 0x03, 0x0f, 0x29, 0x03, 0x0f, 0x29, 0x03,
    0x0f, 0x29, 0x03, 0x0f, 0x29, 0x03, 0x0f, 0x29, 0x03, 0x0f, 0x28, 0x03, 0x0f, 0x28, 0x03, 0x0f,
    0x29, 0x03, 0x0f, 0x2a, 0x03, 0x0f, 0x29, 0x03, 0x0f, 0x28, 0x03, 0x0f, 0x29, 0x03, 0x0f, 0x29,
    0x03, 0x10, 0x2a, 0x03, 0x0f, 0x29, 0x03, 0x0f, 0x29, 0x03, 0x0f, 0x29, 0x03, 0x0f, 0x29, 0x03,
    0x0f, 0x28, 0x03, 0x0f, 0x28, 0x03, 0x0f, 0x29, 0x03, 0x0f, 0x29, 0x03, 0x0f, 0x29, 0x04, 0x0f,
    0x2a, 0x03, 0x10, 0x2a, 0x02, 0x10, 0x2a, 0x02, 0x0f, 0x29, 0x02, 0x0f, 0x28, 0x02, 0x0f, 0x28,
    0x02, 0x0e, 0x29, 0x03, 0x0f, 0x29, 0x02, 0x0f, 0x28, 0x02, 0x0f, 0x28, 0x03, 0x0f, 0x29, 0x03,
    0x0f, 0x28, 0x02, 0x0f, 0x27, 0x03, 0x0f, 0x28, 0x03, 0x0f, 0x29, 0x03, 0x0f, 0x28, 0x03, 0x0f,
    0x28, 0x03, 0x0f, 0x29, 0x03, 0x0f, 0x29, 0x02, 0x0f, 0x29, 0x02, 0x10, 0x28, 0x03, 0x0f, 0x29,
    0x02, 0x0f, 0x29, 0x03, 0x0f, 0x29, 0x02, 0x0f, 0x29, 0x01, 0x0f, 0x29, 0x01, 0x0f, 0x29, 0x01,
    0x0f, 0x29, 0x01, 0x0f, 0x29, 0x02, 0x0f, 0x29, 0x02, 0x10, 0x2a, 0x01, 0x0f, 0x29, 0x02, 0x10,
    0x2a, 0x01, 0x0f, 0x29, 0x01, 0x0f, 0x29, 0x03, 0x0f, 0x29, 0x03, 0x0f, 0x29, 0x02, 0x0f, 0x29,
    0x02, 0x10, 0x2a, 0x02, 0x10, 0x2a, 0x01, 0x10, 0x29, 0x02, 0x10, 0x29, 0x03, 0x0f, 0x29, 0x03,
    0x0f, 0x29, 0x02, 0x10, 0x29, 0x03, 0x10, 0x29, 0x04, 0x10, 0x29, 0x03, 0x0f, 0x29, 0x02, 0x10,
    0x29, 0x01, 0x0f, 0x29, 0x02, 0x0f, 0x29, 0x03, 0x0f, 0x28, 0x02, 0x0f, 0x29, 0x02, 0x10, 0x2a,
    0x02, 0x10, 0x2a, 0x01, 0x0f, 0x2a, 0x02, 0x0f, 0x29, 0x03, 0x10, 0x2a, 0x01, 0x0f, 0x29, 0x02,
    0x0f, 0x29, 0x03, 0x0f, 0x29, 0x02, 0x0f, 0x29, 0x01, 0x0f, 0x29, 0x03, 0x0f, 0x27, 0x03, 0x0f,
    0x29, 0x02, 0x10, 0x2a, 0x01, 0x0f, 0x29, 0x01, 0x0f, 0x29, 0x01, 0x0f, 0x29, 0x02, 0x10, 0x29,
    0x01, 0x10, 0x29, 0x01, 0x10, 0x29, 0x01, 0x10, 0x29, 0x02, 0x10, 0x29, 0x03, 0x0f, 0x28, 0x03,
    0x0f, 0x28, 0x03, 0x0f, 0x28, 0x03, 0x0f, 0x29, 0x04, 0x10, 0x29, 0x03, 0x0f, 0x29, 0x03, 0x0f,
    0x2a, 0x03, 0x10, 0x29, 0x02, 0x10, 0x28, 0x01, 0x10, 0x29, 0x01, 0x0f, 0x29, 0x01, 0x0f, 0x29,
    0x02, 0x0f, 0x2a, 0x01, 0x0f, 0x29, 0x01, 0x0f, 0x29, 0x01, 0x0f, 0x29, 0x03, 0x0f, 0x29, 0x03,
    0x0f, 0x29, 0x03, 0x0f, 0x29, 0x03, 0x0f, 0x29, 0x03, 0x10, 0x2a, 0x02, 0x10, 0x2a, 0x02, 0x10,
    0x2a, 0x02, 0x0f, 0x2a, 0x02, 0x10, 0x2a, 0x03, 0x10, 0x2a, 0x03, 0x0f, 0x2a, 0x04, 0x10, 0x2a,
    0x03, 0x0f, 0x29, 0x03, 0x0f, 0x29, 0x03, 0x0f, 0x29, 0x03, 0x0f, 0x29, 0x03, 0x0f, 0x29, 0x03,
    0x0f, 0x29, 0x03, 0x0f, 0x28, 0x03, 0x0f, 0x27, 0x03, 0x0f, 0x27, 0x03, 0x0f, 0x27, 0x03, 0x0f,
    0x27, 0x03, 0x0f, 0x27, 0x04, 0x10, 0x27, 0x03, 0x0f, 0x28, 0x03, 0x0f, 0x28, 0x03, 0x0f, 0x29,
    0x02, 0x0f, 0x29, 0x03, 0x10, 0x2a, 0x03, 0x0f, 0x29, 0x03, 0x0f, 0x29, 0x03, 0x0f, 0x29, 0x02,
    0x0f, 0x29, 0x01, 0x0f, 0x29, 0x01, 0x0f, 0x29, 0x01, 0x0f, 0x29, 0x03, 0x0f, 0x29, 0x03, 0x0f,
    0x29, 0x03, 0x0f, 0x29, 0x02, 0x0f, 0x29, 0x02, 0x10, 0x2a, 0x04, 0x10, 0x2a, 0x04, 0x10, 0x2a,
    0x03, 0x0f, 0x29, 0x03, 0x0f, 0x29, 0x03, 0x0f, 0x29, 0x03, 0x0f, 0x29, 0x03, 0x0f, 0x29, 0x03,
    0x0f, 0x29, 0x03, 0x0f, 0x27, 0x03, 0x0f, 0x28, 0x03, 0x0f, 0x29, 0x01, 0x0f, 0x29, 0x01, 0x10,
    0x2a, 0x02, 0x10, 0x2a, 0x03, 0x0f, 0x29, 0x02, 0x0f, 0x29, 0x03, 0x0f, 0x29, 0x03, 0x0f, 0x29,
    0x03, 0x0f, 0x29, 0x03, 0x0f, 0x29, 0x03, 0x0f, 0x28, 0x03, 0x0f, 0x27, 0x03, 0x0f, 0x27, 0x03,
    0x0f, 0x27, 0x03, 0x0f, 0x27, 0x03, 0x0f, 0x27, 0x03, 0x0f, 0x28, 0x03, 0x0f, 0x29, 0x03, 0x0f,
    0x29, 0x03, 0x0f, 0x29, 0x03, 0x0f, 0x29, 0x03, 0x0f, 0x29, 0x04, 0x10, 0x29, 0x04, 0x10, 0x29,
    0x03, 0x0f, 0x28, 0x03, 0x0f, 0x27, 0x03, 0x0f, 0x27, 0x03, 0x0f, 0x27, 0x03, 0x0f, 0x28, 0x03,
    0x0f, 0x29, 0x03, 0x0f, 0x29, 0x03, 0x0f, 0x29, 0x03, 0x0f, 0x29, 0x04, 0x0f, 0x29, 0x03, 0x10,
    0x2a, 0x02, 0x10, 0x2a, 0x02, 0x10, 0x2a, 0x02, 0x10, 0x2a, 0x01, 0x10, 0x2a, 0x02, 0x0f, 0x29,
    0x03, 0x0f, 0x29, 0x03, 0x0f, 0x29, 0x02, 0x0f, 0x29, 0x02, 0x10, 0x29, 0x02, 0x0f, 0x29, 0x03,
    0x0f, 0x29, 0x03, 0x0f, 0x29, 0x04, 0x10, 0x28, 0x04, 0x10, 0x28, 0x03, 0x0f, 0x29, 0x03, 0x0f,
    0x29, 0x03, 0x0f, 0x27, 0x03, 0x0f, 0x27, 0x03, 0x0f, 0x28, 0x03, 0x0f, 0x29, 0x03, 0x0f, 0x28,
    0x03, 0x0f, 0x28, 0x03, 0x0f, 0x29, 0x03, 0x0f, 0x29, 0x03, 0x0f, 0x28, 0x03, 0x0f, 0x28, 0x03,
    0x0f, 0x29, 0x02, 0x0f, 0x29, 0x02, 0x0f, 0x29, 0x03, 0x0f, 0x29, 0x03, 0x0f, 0x29, 0x02, 0x0f,
    0x29, 0x02, 0x0f, 0x29, 0x01, 0x0f, 0x29, 0x01, 0x0f, 0x29, 0x01, 0x0f, 0x29, 0x01, 0x0f, 0x29,
    0x01, 0x0f, 0x29, 0x01, 0x0f, 0x29, 0x02, 0x0f, 0x29, 0x03, 0x0f, 0x29, 0x03, 0x0f, 0x28, 0x03,
    0x0f, 0x28, 0x03, 0x0f, 0x28, 0x03, 0x0f, 0x29, 0x03, 0x0f, 0x29, 0x03, 0x10, 0x2a, 0x02, 0x10,
    0x2a, 0x02, 0x10, 0x2a, 0x02, 0x10, 0x2a, 0x02, 0x10, 0x2a, 0x02, 0x10, 0x2a, 0x03, 0x0f, 0x29,
    0x02, 0x0f, 0x29, 0x01, 0x0f, 0x29, 0x02, 0x0f, 0x29, 0x03, 0x0f, 0x29, 0x03, 0x0f, 0x29, 0x03,
    0x0f, 0x29, 0x03, 0x0f, 0x29, 0x03, 0x0f, 0x29, 0x03, 0x0f, 0x29, 0x03, 0x0f, 0x29, 0x03, 0x0f,
    0x29, 0x03, 0x0f, 0x29, 0x03, 0x0f, 0x28, 0x03, 0x0f, 0x28, 0x03, 0x0f, 0x29, 0x03, 0x0f, 0x29,
    0x03, 0x0f, 0x29, 0x02, 0x0f, 0x28, 0x03, 0x0f, 0x29, 0x02, 0x0f, 0x29, 0x03, 0x10, 0x2a, 0x03,
    0x0f, 0x29, 0x03, 0x0f, 0x29, 0x03, 0x0f, 0x29, 0x03, 0x0f, 0x29, 0x03, 0x0f, 0x29, 0x03, 0x0f,
    0x29, 0x03, 0x10, 0x2a, 0x03, 0x0f, 0x29, 0x03, 0x0f, 0x29, 0x04, 0x10, 0x2a, 0x03, 0x0f, 0x29,
    0x01, 0x0f, 0x29, 0x02, 0x0f, 0x28, 0x03, 0x0f, 0x27, 0x03, 0x0f, 0x27, 0x03, 0x0f, 0x29, 0x02,
    0x0f, 0x29, 0x02, 0x0f, 0x29, 0x02, 0x0f, 0x29, 0x02, 0x0f, 0x29, 0x02, 0x0e, 0x27, 0x03, 0x0f,
    0x27, 0x03, 0x0f, 0x28, 0x03, 0x0f, 0x29, 0x03, 0x0f, 0x28, 0x04, 0x10, 0x28, 0x04, 0x10, 0x2a,
    0x04, 0x10, 0x2a, 0x03, 0x10, 0x29, 0x01, 0x0f, 0x27, 0x03, 0x0f, 0x29, 0x02, 0x0f, 0x29, 0x03,
    0x0f, 0x29, 0x03, 0x0f, 0x29, 0x02, 0x0f, 0x29, 0x02, 0x0f, 0x29, 0x02, 0x0f, 0x29, 0x02, 0x0f,
    0x29, 0x01, 0x0f, 0x29, 0x02, 0x10, 0x2a, 0x01, 0x0f, 0x29, 0x01, 0x0f, 0x29, 0x02, 0x10, 0x29,
    0x02, 0x0f, 0x29, 0x03, 0x0f, 0x29, 0x02, 0x0f, 0x29, 0x01, 0x0f, 0x29, 0x01, 0x0f, 0x29, 0x02,
    0x10, 0x2a, 0x01, 0x10, 0x29, 0x02, 0x10, 0x28, 0x03, 0x0f, 0x28, 0x03, 0x0f, 0x28, 0x02, 0x10,
    0x28, 0x02, 0x10, 0x28, 0x03, 0x0f, 0x28, 0x03, 0x0f, 0x28, 0x03, 0x0f, 0x28, 0x02, 0x10, 0x29,
    0x03, 0x10, 0x29, 0x03, 0x0f, 0x28, 0x02, 0x0f, 0x29, 0x02, 0x10, 0x2a, 0x02, 0x10, 0x2a, 0x02,
    0x10, 0x2a, 0x03, 0x10, 0x2a, 0x03, 0x10, 0x2a, 0x02, 0x10, 0x2a, 0x03, 0x10, 0x2a, 0x03, 0x0f,
    0x29, 0x03, 0x10, 0x2a, 0x02, 0x0f, 0x29, 0x03, 0x0f, 0x28, 0x03, 0x0f, 0x29, 0x02, 0x0f, 0x29,
    0x03, 0x10, 0x28, 0x03, 0x10, 0x28, 0x03, 0x10, 0x28, 0x03, 0x10, 0x28, 0x02, 0x10, 0x28, 0x01,
    0x10, 0x28, 0x01, 0x10, 0x28, 0x01, 0x10, 0x28, 0x02, 0x10, 0x28, 0x02, 0x10, 0x28, 0x02, 0x10,
    0x28, 0x02, 0x10, 0x28, 0x03, 0x10, 0x29, 0x03, 0x0f, 0x29, 0x04, 0x10, 0x2a, 0x04, 0x10, 0x2a,
    0x02, 0x10, 0x28, 0x02, 0x10, 0x29, 0x01, 0x0f, 0x29, 0x01, 0x0f, 0x29, 0x02, 0x10, 0x2a, 0x01,
    0x0f, 0x29, 0x02, 0x0f, 0x29, 0x03, 0x0f, 0x29, 0x04, 0x10, 0x2a, 0x03, 0x0f, 0x29, 0x04, 0x10,
    0x2a, 0x04, 0x10, 0x2a, 0x03, 0x10, 0x2a, 0x03, 0x10, 0x2a, 0x03, 0x10, 0x2a, 0x03, 0x10, 0x2a,
    0x03, 0x10, 0x2a, 0x03, 0x0f, 0x29, 0x03, 0x0f, 0x29, 0x03, 0x0f, 0x29, 0x02, 0x0f, 0x29, 0x02,
    0x0f, 0x29, 0x03, 0x10, 0x2a, 0x03, 0x0f, 0x29, 0x03, 0x0f, 0x29, 0x03, 0x0f, 0x29, 0x03, 0x0f,
    0x27, 0x03, 0x0f, 0x27, 0x03, 0x0f, 0x27, 0x04, 0x10, 0x28, 0x03, 0x0f, 0x27, 0x04, 0x10, 0x28,
    0x03, 0x0f, 0x27, 0x03, 0x0f, 0x28, 0x03, 0x0f, 0x29, 0x03, 0x0f, 0x29, 0x02, 0x0f, 0x29, 0x01,
    0x0f, 0x29, 0x02, 0x0f, 0x29, 0x02, 0x0f, 0x29, 0x02, 0x0f, 0x29, 0x01, 0x0f, 0x29, 0x01, 0x0f,
    0x29, 0x01, 0x0f, 0x29, 0x01, 0x0f, 0x29, 0x03, 0x0f, 0x29, 0x03, 0x0f, 0x29, 0x03, 0x0f, 0x29,
    0x02, 0x0f, 0x29, 0x03, 0x10, 0x2a, 0x04, 0x10, 0x2a, 0x04, 0x10, 0x2a, 0x04, 0x10, 0x2a, 0x03,
    0x0f, 0x29, 0x03, 0x0f, 0x29, 0x03, 0x0f, 0x29, 0x03, 0x0f, 0x29, 0x03, 0x0f, 0x28, 0x03, 0x0f,
    0x27, 0x03, 0x0f, 0x27, 0x03, 0x0f, 0x29, 0x02, 0x10, 0x2a, 0x02, 0x10, 0x29, 0x03, 0x10, 0x29,
    0x03, 0x0f, 0x29, 0x03, 0x0f, 0x28, 0x03, 0x0f, 0x29, 0x03, 0x0f, 0x29, 0x03, 0x0f, 0x29, 0x03,
    0x0f, 0x29, 0x03, 0x0f, 0x28, 0x03, 0x0f, 0x27, 0x03, 0x0f, 0x27, 0x03, 0x0f, 0x27, 0x03, 0x0f,
    0x27, 0x03, 0x0f, 0x27, 0x03, 0x0f, 0x29, 0x03, 0x0f, 0x29, 0x03, 0x0f, 0x29, 0x03, 0x0f, 0x29,
    0x03, 0x0f, 0x29, 0x03, 0x0f, 0x2a, 0x04, 0x10, 0x28, 0x04, 0x10, 0x27, 0x03, 0x0f, 0x27, 0x03,
    0x0f, 0x27, 0x03, 0x0f, 0x27, 0x03, 0x0f, 0x27, 0x03, 0x0f, 0x28, 0x03, 0x0f, 0x29, 0x03, 0x0f,
    0x29, 0x03, 0x0f, 0x29, 0x04, 0x10, 0x2a, 0x03, 0x0f, 0x29, 0x03, 0x0f, 0x29, 0x02, 0x10, 0x2a,
    0x02, 0x10, 0x2a, 0x02, 0x10, 0x2a, 0x02, 0x10, 0x2a, 0x02, 0x10, 0x2a, 0x02, 0x0f, 0x29, 0x02,
    0x0f, 0x29, 0x01, 0x0f, 0x29, 0x02, 0x10, 0x2a, 0x02, 0x0f, 0x29, 0x03, 0x0f, 0x29, 0x04, 0x10,
    0x2a, 0x03, 0x0f, 0x29, 0x04, 0x10, 0x29, 0x03, 0x0f, 0x28, 0x03, 0x0f, 0x28, 0x03, 0x0f, 0x27,
    0x03, 0x0f, 0x27, 0x03, 0x0f, 0x29, 0x03, 0x0f, 0x29, 0x03, 0x0f, 0x28, 0x03, 0x0f, 0x28, 0x03,
    0x0f, 0x29, 0x03, 0x0f, 0x29, 0x03, 0x0f, 0x28, 0x03, 0x0f, 0x28, 0x03, 0x0f, 0x29, 0x02, 0x0f,
    0x29, 0x02, 0x0f, 0x29, 0x02, 0x0f, 0x29, 0x02, 0x0f, 0x29, 0x03, 0x0f, 0x29, 0x03, 0x0f, 0x29,
    0x03, 0x0f, 0x29, 0x03, 0x0f, 0x29, 0x03, 0x0f, 0x29, 0x02, 0x0f, 0x29, 0x01, 0x0f, 0x29, 0x01,
    0x0f, 0x29, 0x01, 0x0f, 0x29, 0x02, 0x0f, 0x29, 0x03, 0x0f, 0x29, 0x03, 0x0f, 0x29, 0x03, 0x0f,
    0x29, 0x03, 0x0f, 0x29, 0x03, 0x0f, 0x29, 0x03, 0x0f, 0x29, 0x02, 0x0f, 0x29, 0x01, 0x0f, 0x29,
    0x02, 0x10, 0x2a, 0x01, 0x0f, 0x29, 0x01, 0x0f, 0x29, 0x03, 0x0f, 0x29, 0x01, 0x0f, 0x29, 0x01,
    0x0f, 0x29, 0x01, 0x0f, 0x29, 0x03, 0x0f, 0x29, 0x03, 0x0f, 0x29, 0x03, 0x0f, 0x29, 0x03, 0x0f,
    0x29, 0x03, 0x0f, 0x29, 0x03, 0x0f, 0x29, 0x03, 0x0f, 0x29, 0x03, 0x0f, 0x29, 0x03, 0x0f, 0x29,
    0x03, 0x0f, 0x28, 0x03, 0x0f, 0x27, 0x03, 0x0f, 0x29, 0x03, 0x0f, 0x29, 0x03, 0x0f, 0x29, 0x02,
    0x10, 0x28, 0x02, 0x0f, 0x29, 0x02, 0x0f, 0x29, 0x02, 0x0f, 0x29, 0x03, 0x0f, 0x29, 0x03, 0x0f,
    0x29, 0x03, 0x0f, 0x29, 0x03, 0x0f, 0x29, 0x02, 0x0f, 0x29, 0x02, 0x0f, 0x29, 0x02, 0x0f, 0x29,
    0x02, 0x10, 0x2a, 0x03, 0x10, 0x2a, 0x04, 0x10, 0x2a, 0x03, 0x0f, 0x29, 0x01, 0x0f, 0x29, 0x02,
    0x10, 0x28, 0x02, 0x10, 0x28, 0x02, 0x0f, 0x29, 0x02, 0x0f, 0x29, 0x02, 0x0f, 0x29, 0x01, 0x0f,
    0x29, 0x02, 0x0f, 0x29, 0x02, 0x0f, 0x29, 0x02, 0x0f, 0x28, 0x03, 0x0e, 0x28, 0x03, 0x0f, 0x28,
    0x03, 0x0f, 0x28, 0x02, 0x0f, 0x27, 0x02, 0x10, 0x28, 0x02, 0x10, 0x2a, 0x02, 0x10, 0x2a, 0x01,
    0x0f, 0x28, 0x01, 0x0f, 0x27, 0x03, 0x0f, 0x29, 0x02, 0x0f, 0x29, 0x03, 0x0f, 0x28, 0x03, 0x0f,
    0x28, 0x03, 0x0e, 0x29, 0x03, 0x0f, 0x29, 0x03, 0x0f, 0x29, 0x03, 0x0f, 0x29, 0x01, 0x0f, 0x29,
    0x02, 0x10, 0x2a, 0x02, 0x10, 0x2a, 0x01, 0x10, 0x29, 0x01, 0x10, 0x28, 0x02, 0x10, 0x29, 0x03,
    0x0f, 0x29, 0x03, 0x0f, 0x29, 0x02, 0x0f, 0x29, 0x01, 0x0f, 0x29, 0x02, 0x10, 0x2a, 0x01, 0x0f,
    0x29, 0x02, 0x0f, 0x29, 0x03, 0x0f, 0x29, 0x03, 0x0f, 0x29, 0x02, 0x0f, 0x29, 0x01, 0x0f, 0x29,
    0x02, 0x0f, 0x29, 0x03, 0x0f, 0x29, 0x03, 0x0f, 0x29, 0x02, 0x0f, 0x29, 0x03, 0x0f, 0x29, 0x04,
    0x10, 0x28, 0x02, 0x10, 0x29, 0x02, 0x10, 0x2a, 0x01, 0x0f, 0x29, 0x02, 0x10, 0x2a, 0x03, 0x10,
    0x2a, 0x03, 0x0f, 0x29, 0x03, 0x0f, 0x29, 0x02, 0x0f, 0x29, 0x02, 0x0f, 0x29, 0x02, 0x10, 0x2a,
    0x02, 0x10, 0x29, 0x03, 0x0f, 0x28, 0x02, 0x0f, 0x29, 0x02, 0x0f, 0x29, 0x04, 0x10, 0x29, 0x04,
    0x0f, 0x29, 0x03, 0x0f, 0x29, 0x03, 0x0f, 0x29, 0x03, 0x10, 0x29, 0x03, 0x10, 0x2a, 0x03, 0x0f,
    0x29, 0x03, 0x0f, 0x29, 0x02, 0x10, 0x2a, 0x01, 0x0f, 0x29, 0x01, 0x0f, 0x29, 0x02, 0x0f, 0x29,
    0x03, 0x0f, 0x29, 0x03, 0x0f, 0x29, 0x03, 0x0f, 0x29, 0x03, 0x10, 0x29, 0x02, 0x10, 0x28, 0x01,
    0x10, 0x29, 0x01, 0x0f, 0x29, 0x01, 0x0f, 0x29, 0x02, 0x10, 0x2a, 0x02, 0x10, 0x2a, 0x03, 0x10,
    0x2a, 0x04, 0x10, 0x2a, 0x04, 0x10, 0x2a, 0x03, 0x0f, 0x29, 0x04, 0x10, 0x2a, 0x04, 0x10, 0x2a,
    0x04, 0x10, 0x2a, 0x03, 0x0f, 0x29, 0x04, 0x0f, 0x29, 0x04, 0x10, 0x2a, 0x04, 0x0f, 0x29, 0x03,
    0x0f, 0x29, 0x03, 0x0f, 0x29, 0x03, 0x0f, 0x29, 0x01, 0x0f, 0x29, 0x01, 0x0f, 0x29, 0x02, 0x10,
    0x2a, 0x03, 0x10, 0x2a, 0x03, 0x0f, 0x29, 0x03, 0x0f, 0x29, 0x03, 0x0f, 0x27, 0x03, 0x0f, 0x27,
    0x03, 0x0f, 0x27, 0x04, 0x10, 0x28, 0x04, 0x10, 0x28, 0x04, 0x10, 0x28, 0x03, 0x0f, 0x27, 0x03,
    0x0f, 0x27, 0x03, 0x0f, 0x27, 0x03, 0x0f, 0x28, 0x01, 0x0f, 0x29, 0x03, 0x0f, 0x29, 0x03, 0x0f,
    0x29, 0x03, 0x10, 0x2a, 0x03, 0x0f, 0x29, 0x02, 0x0f, 0x29, 0x01, 0x0f, 0x29, 0x02, 0x0f, 0x29,
    0x03, 0x0f, 0x29, 0x03, 0x0f, 0x29, 0x03, 0x0f, 0x29, 0x04, 0x10, 0x2a, 0x02, 0x0f, 0x29, 0x03,
    0x10, 0x2a, 0x04, 0x10, 0x2a, 0x03, 0x0f, 0x29, 0x03, 0x0f, 0x29, 0x03, 0x0f, 0x29, 0x03, 0x0f,
    0x29, 0x03, 0x0f, 0x29, 0x03, 0x0f, 0x29, 0x03, 0x0f, 0x28, 0x03, 0x0f, 0x27, 0x03, 0x0f, 0x27,
    0x03, 0x0f, 0x28, 0x02, 0x10, 0x29, 0x02, 0x10, 0x28, 0x03, 0x10, 0x27, 0x03, 0x0f, 0x27, 0x03,
    0x0f, 0x27, 0x03, 0x0f, 0x29, 0x03, 0x0f, 0x29, 0x03, 0x0f, 0x29, 0x03, 0x0f, 0x29, 0x03, 0x0f,
    0x27, 0x03, 0x0f, 0x27, 0x03, 0x0f, 0x27, 0x03, 0x0f, 0x27, 0x04, 0x10, 0x28, 0x04, 0x10, 0x28,
    0x03, 0x0f, 0x29, 0x03, 0x0f, 0x29, 0x03, 0x0f, 0x29, 0x03, 0x0f, 0x29, 0x03, 0x0f, 0x29, 0x04,
    0x10, 0x2a, 0x04, 0x10, 0x28, 0x03, 0x0f, 0x28, 0x03, 0x0f, 0x28, 0x03, 0x0f, 0x29, 0x03, 0x0f,
    0x29, 0x03, 0x0f, 0x27, 0x03, 0x0f, 0x28, 0x03, 0x0f, 0x29, 0x03, 0x0f, 0x29, 0x04, 0x10, 0x2a,
    0x04, 0x10, 0x2a, 0x03, 0x0f, 0x29, 0x03, 0x0f, 0x29, 0x01, 0x0f, 0x29, 0x02, 0x10, 0x2a, 0x01,
    0x0f, 0x29, 0x01, 0x0f, 0x29, 0x01, 0x0f, 0x29, 0x02, 0x10, 0x2a, 0x01, 0x0f, 0x29, 0x02, 0x10,
    0x2a, 0x01, 0x0f, 0x29, 0x01, 0x10, 0x2a, 0x02, 0x10, 0x2a, 0x03, 0x10, 0x2a, 0x04, 0x10, 0x2a,
    0x04, 0x10, 0x2a, 0x04, 0x10, 0x28, 0x03, 0x0f, 0x27, 0x03, 0x0f, 0x27, 0x03, 0x0f, 0x28, 0x03,
    0x0f, 0x29, 0x03, 0x0f, 0x29, 0x03, 0x0f, 0x27, 0x03, 0x0f, 0x28, 0x03, 0x0f, 0x29, 0x03, 0x0f,
    0x29, 0x03, 0x0f, 0x28, 0x03, 0x0f, 0x27, 0x03, 0x0f, 0x28, 0x02, 0x0f, 0x27, 0x01, 0x10, 0x28,
    0x01, 0x0f, 0x29, 0x01, 0x0f, 0x29, 0x02, 0x0f, 0x29, 0x02, 0x0f, 0x29, 0x03, 0x0f, 0x29, 0x04,
    0x0f, 0x29, 0x03, 0x0f, 0x29, 0x02, 0x0f, 0x29, 0x01, 0x0f, 0x29, 0x02, 0x0f, 0x29, 0x02, 0x0f,
    0x29, 0x03, 0x0f, 0x29, 0x03, 0x0f, 0x29, 0x03, 0x0f, 0x29, 0x03, 0x0f, 0x29, 0x03, 0x0f, 0x29,
    0x03, 0x0f, 0x29, 0x03, 0x0f, 0x29, 0x03, 0x0f, 0x29, 0x02, 0x0f, 0x29, 0x02, 0x10, 0x2a, 0x02,
    0x10, 0x2a, 0x01, 0x0f, 0x29, 0x02, 0x0f, 0x29, 0x02, 0x0f, 0x29, 0x01, 0x0f, 0x29, 0x02, 0x0f,
    0x29, 0x03, 0x0f, 0x29, 0x03, 0x0f, 0x29, 0x03, 0x0f, 0x29, 0x03, 0x0f, 0x29, 0x03, 0x0f, 0x29,
    0x03, 0x0f, 0x29, 0x03, 0x0f, 0x29, 0x03, 0x0f, 0x29, 0x03, 0x0f, 0x29, 0x03, 0x0f, 0x28, 0x03,
    0x0f, 0x27, 0x03, 0x0f, 0x29, 0x03, 0x0f, 0x29, 0x03, 0x0f, 0x28, 0x03, 0x0f, 0x28, 0x03, 0x0f,
    0x29, 0x03, 0x0f, 0x29, 0x03, 0x0f, 0x29, 0x03, 0x0f, 0x29, 0x03, 0x0f, 0x29, 0x03, 0x0f, 0x29,
    0x03, 0x0f, 0x29, 0x03, 0x0f, 0x29, 0x03, 0x0f, 0x29, 0x03, 0x0f, 0x29, 0x03, 0x0f, 0x29, 0x03,
    0x0f, 0x29, 0x03, 0x0f, 0x29, 0x03, 0x0f, 0x29, 0x01, 0x0f, 0x29, 0x01, 0x10, 0x28, 0x01, 0x10,
    0x29, 0x02, 0x10, 0x2a, 0x02, 0x10, 0x2a, 0x03, 0x10, 0x2a, 0x03, 0x0f, 0x29, 0x04, 0x10, 0x2a,
    0x03, 0x0f, 0x29, 0x03, 0x0f, 0x29, 0x02, 0x0e, 0x29, 0x02, 0x0e, 0x28, 0x03, 0x0f, 0x27, 0x03,
    0x0f, 0x27, 0x02, 0x0f, 0x28, 0x03, 0x10, 0x2a, 0x03, 0x10, 0x2a, 0x02, 0x10, 0x29, 0x01, 0x0f,
    0x27, 0x03, 0x0f, 0x29,
};

#endif /* X_LOGO_RGB_H */
